2026-08-02 00:25:44,498 [INFO] === Series I step=ws_cadence_2 started 2026-08-02T04:25:44.498526Z ===
2026-08-02 00:25:44,498 [INFO] Overrides: [('drift_weights.cadence.enabled', True), ('drift_weights.cadence.weight', 2.0)]
2026-08-02 00:25:44,498 [INFO] DB: C:\Users\oalan\alter_ego\alter_ego_calibrate_series_i_ws_cadence_2.db
2026-08-02 00:25:44,499 [INFO] Reusing existing events/labels at C:\Users\oalan\alter_ego\scratch\series_i_events.jsonl
2026-08-02 00:25:44,707 [INFO] Clearing database tables...
2026-08-02 00:25:58,177 [INFO] Streamed 15815 hist events to JSONL in 0.27s
2026-08-02 00:25:58,634 [INFO] Streamed 15815 recent events to JSONL in 0.46s
2026-08-02 00:25:59,784 [INFO] Entity user_hr_2 drift: raw=0.00, normalized=0.00, accum=0.00
2026-08-02 00:25:59,786 [INFO] Entity user_engineer_10 drift: raw=0.00, normalized=0.00, accum=0.00
2026-08-02 00:25:59,787 [INFO] Entity user_hr_0 drift: raw=0.00, normalized=0.00, accum=0.00
2026-08-02 00:25:59,788 [INFO] Entity user_hr_5 drift: raw=0.00, normalized=0.00, accum=0.00
2026-08-02 00:25:59,788 [INFO] Entity user_finance_8 drift: raw=0.00, normalized=0.00, accum=0.00
2026-08-02 00:25:59,789 [INFO] Entity user_hr_3 drift: raw=0.00, normalized=0.00, accum=0.00
2026-08-02 00:25:59,790 [INFO] Entity user_engineer_2 drift: raw=0.00, normalized=0.00, accum=0.00
2026-08-02 00:25:59,791 [INFO] Entity user_hr_4 drift: raw=0.00, normalized=0.00, accum=0.00
2026-08-02 00:25:59,792 [INFO] Entity user_finance_11 drift: raw=0.00, normalized=0.00, accum=0.00
2026-08-02 00:25:59,793 [INFO] Entity user_hr_12 drift: raw=0.00, normalized=0.00, accum=0.00
2026-08-02 00:25:59,794 [INFO] Entity svc_backup_2 drift: raw=0.00, normalized=0.00, accum=0.00
2026-08-02 00:25:59,795 [INFO] Entity user_hr_1 drift: raw=0.00, normalized=0.00, accum=0.00
2026-08-02 00:25:59,796 [INFO] Entity user_hr_10 drift: raw=0.00, normalized=0.00, accum=0.00
2026-08-02 00:25:59,796 [INFO] Entity svc_backup_0 drift: raw=0.00, normalized=0.00, accum=0.00
2026-08-02 00:25:59,797 [INFO] Entity user_hr_6 drift: raw=0.00, normalized=0.00, accum=0.00
2026-08-02 00:25:59,798 [INFO] Entity svc_ot_poll_4 drift: raw=0.00, normalized=0.00, accum=0.00
2026-08-02 00:25:59,799 [INFO] Entity user_finance_9 drift: raw=0.00, normalized=0.00, accum=0.00
2026-08-02 00:25:59,800 [INFO] Entity user_finance_4 drift: raw=0.00, normalized=0.00, accum=0.00
2026-08-02 00:25:59,801 [INFO] Entity svc_ot_poll_7 drift: raw=0.00, normalized=0.00, accum=0.00
2026-08-02 00:25:59,802 [INFO] Entity svc_ot_poll_8 drift: raw=0.00, normalized=0.00, accum=0.00
2026-08-02 00:25:59,803 [INFO] Entity user_engineer_4 drift: raw=0.00, normalized=0.00, accum=0.00
2026-08-02 00:25:59,805 [INFO] Entity user_finance_10 drift: raw=0.00, normalized=0.00, accum=0.00
2026-08-02 00:25:59,806 [INFO] Entity user_hr_13 drift: raw=0.00, normalized=0.00, accum=0.00
2026-08-02 00:25:59,807 [INFO] Entity svc_backup_8 drift: raw=0.00, normalized=0.00, accum=0.00
2026-08-02 00:25:59,808 [INFO] Entity svc_ot_poll_5 drift: raw=0.00, normalized=0.00, accum=0.00
2026-08-02 00:25:59,809 [INFO] Entity user_engineer_11 drift: raw=0.00, normalized=0.00, accum=0.00
2026-08-02 00:25:59,810 [INFO] Entity user_finance_12 drift: raw=0.00, normalized=0.00, accum=0.00
2026-08-02 00:25:59,811 [INFO] Entity svc_backup_1 drift: raw=0.00, normalized=0.00, accum=0.00
2026-08-02 00:25:59,812 [INFO] Entity svc_backup_6 drift: raw=0.00, normalized=0.00, accum=0.00
2026-08-02 00:25:59,813 [INFO] Entity user_hr_8 drift: raw=0.00, normalized=0.00, accum=0.00
2026-08-02 00:25:59,815 [INFO] Entity user_hr_14 drift: raw=0.00, normalized=0.00, accum=0.00
2026-08-02 00:25:59,816 [INFO] Entity user_engineer_7 drift: raw=0.00, normalized=0.00, accum=0.00
2026-08-02 00:25:59,817 [INFO] Entity svc_ot_poll_0 drift: raw=0.00, normalized=0.00, accum=0.00
2026-08-02 00:25:59,818 [INFO] Entity svc_ot_poll_3 drift: raw=0.00, normalized=0.00, accum=0.00
2026-08-02 00:25:59,820 [INFO] Entity svc_ot_poll_6 drift: raw=0.00, normalized=0.00, accum=0.00
2026-08-02 00:25:59,822 [INFO] Entity user_engineer_8 drift: raw=0.00, normalized=0.00, accum=0.00
2026-08-02 00:25:59,823 [INFO] Entity user_hr_11 drift: raw=0.00, normalized=0.00, accum=0.00
2026-08-02 00:25:59,824 [INFO] Entity svc_ot_poll_9 drift: raw=0.00, normalized=0.00, accum=0.00
2026-08-02 00:25:59,826 [INFO] Entity user_hr_9 drift: raw=0.00, normalized=0.00, accum=0.00
2026-08-02 00:25:59,827 [INFO] Entity user_engineer_13 drift: raw=0.00, normalized=0.00, accum=0.00
2026-08-02 00:25:59,828 [INFO] Entity user_hr_7 drift: raw=0.00, normalized=0.00, accum=0.00
2026-08-02 00:25:59,830 [INFO] Entity user_finance_5 drift: raw=0.00, normalized=0.00, accum=0.00
2026-08-02 00:25:59,831 [INFO] Entity user_engineer_14 drift: raw=0.00, normalized=0.00, accum=0.00
2026-08-02 00:25:59,832 [INFO] Entity user_finance_1 drift: raw=0.00, normalized=0.00, accum=0.00
2026-08-02 00:25:59,833 [INFO] Entity svc_backup_5 drift: raw=0.00, normalized=0.00, accum=0.00
2026-08-02 00:25:59,834 [INFO] Entity svc_backup_9 drift: raw=0.00, normalized=0.00, accum=0.00
2026-08-02 00:25:59,835 [INFO] Entity user_finance_14 drift: raw=0.00, normalized=0.00, accum=0.00
2026-08-02 00:25:59,836 [INFO] Entity user_engineer_3 drift: raw=0.00, normalized=0.00, accum=0.00
2026-08-02 00:25:59,837 [INFO] Entity svc_backup_3 drift: raw=0.00, normalized=0.00, accum=0.00
2026-08-02 00:25:59,838 [INFO] Entity user_engineer_5 drift: raw=0.00, normalized=0.00, accum=0.00
2026-08-02 00:25:59,839 [INFO] Entity user_engineer_12 drift: raw=0.00, normalized=0.00, accum=0.00
2026-08-02 00:25:59,840 [INFO] Entity user_engineer_1 drift: raw=0.00, normalized=0.00, accum=0.00
2026-08-02 00:25:59,841 [INFO] Entity user_finance_2 drift: raw=0.00, normalized=0.00, accum=0.00
2026-08-02 00:25:59,841 [INFO] Entity user_engineer_9 drift: raw=0.00, normalized=0.00, accum=0.00
2026-08-02 00:25:59,842 [INFO] Entity user_engineer_6 drift: raw=0.00, normalized=0.00, accum=0.00
2026-08-02 00:25:59,843 [INFO] Entity svc_ot_poll_1 drift: raw=0.00, normalized=0.00, accum=0.00
2026-08-02 00:25:59,844 [INFO] Entity svc_ot_poll_2 drift: raw=0.00, normalized=0.00, accum=0.00
2026-08-02 00:25:59,845 [INFO] Entity user_engineer_0 drift: raw=0.00, normalized=0.00, accum=0.00
2026-08-02 00:25:59,846 [INFO] Entity svc_backup_4 drift: raw=0.00, normalized=0.00, accum=0.00
2026-08-02 00:25:59,847 [INFO] Entity svc_backup_7 drift: raw=0.00, normalized=0.00, accum=0.00
2026-08-02 00:25:59,848 [INFO] Entity user_finance_7 drift: raw=0.00, normalized=0.00, accum=0.00
2026-08-02 00:25:59,850 [INFO] Entity user_finance_3 drift: raw=0.00, normalized=0.00, accum=0.00
2026-08-02 00:25:59,851 [INFO] Entity user_finance_0 drift: raw=0.00, normalized=0.00, accum=0.00
2026-08-02 00:25:59,852 [INFO] Entity user_finance_13 drift: raw=0.00, normalized=0.00, accum=0.00
2026-08-02 00:25:59,853 [INFO] Entity user_finance_6 drift: raw=0.00, normalized=0.00, accum=0.00
2026-08-02 00:26:05,872 [INFO] Processed window ending 2026-01-02
2026-08-02 00:26:18,420 [INFO] Streamed 31561 hist events to JSONL in 0.67s
2026-08-02 00:26:19,262 [INFO] Streamed 31561 recent events to JSONL in 0.84s
2026-08-02 00:26:21,139 [INFO] Entity user_hr_3 drift: raw=0.65, normalized=-0.40, accum=0.00
2026-08-02 00:26:21,140 [INFO] Entity user_engineer_2 drift: raw=2.11, normalized=0.87, accum=0.87
2026-08-02 00:26:21,142 [INFO] Entity user_hr_4 drift: raw=0.73, normalized=-0.33, accum=0.00
2026-08-02 00:26:21,144 [INFO] Entity user_finance_11 drift: raw=0.49, normalized=-0.81, accum=0.00
2026-08-02 00:26:21,145 [INFO] Entity user_hr_12 drift: raw=1.06, normalized=0.00, accum=0.00
2026-08-02 00:26:21,146 [INFO] Entity user_hr_2 drift: raw=0.83, normalized=-0.22, accum=0.00
2026-08-02 00:26:21,147 [INFO] Entity user_engineer_10 drift: raw=1.24, normalized=0.00, accum=0.00
2026-08-02 00:26:21,149 [INFO] Entity user_hr_0 drift: raw=1.34, normalized=0.29, accum=0.29
2026-08-02 00:26:21,150 [INFO] Entity user_hr_5 drift: raw=1.57, normalized=0.51, accum=0.51
2026-08-02 00:26:21,151 [INFO] Entity user_finance_8 drift: raw=0.41, normalized=-0.89, accum=0.00
2026-08-02 00:26:21,152 [INFO] Entity svc_backup_2 drift: raw=2.25, normalized=0.25, accum=0.25
2026-08-02 00:26:21,153 [INFO] Entity user_hr_1 drift: raw=0.90, normalized=-0.16, accum=0.00
2026-08-02 00:26:21,155 [INFO] Entity user_hr_10 drift: raw=1.14, normalized=0.08, accum=0.08
2026-08-02 00:26:21,156 [INFO] Entity svc_ot_poll_4 drift: raw=2.01, normalized=0.01, accum=0.01
2026-08-02 00:26:21,157 [INFO] Entity user_finance_9 drift: raw=0.55, normalized=-0.75, accum=0.00
2026-08-02 00:26:21,159 [INFO] Entity user_finance_4 drift: raw=1.36, normalized=0.06, accum=0.06
2026-08-02 00:26:21,160 [INFO] Entity svc_ot_poll_0 drift: raw=2.00, normalized=-0.00, accum=0.00
2026-08-02 00:26:21,162 [INFO] Entity svc_ot_poll_3 drift: raw=2.00, normalized=-0.00, accum=0.00
2026-08-02 00:26:21,163 [INFO] Entity svc_ot_poll_6 drift: raw=2.01, normalized=0.01, accum=0.01
2026-08-02 00:26:21,164 [INFO] Entity user_engineer_8 drift: raw=1.17, normalized=-0.07, accum=0.00
2026-08-02 00:26:21,165 [INFO] Entity user_hr_11 drift: raw=0.59, normalized=-0.47, accum=0.00
2026-08-02 00:26:21,167 [INFO] Entity svc_backup_8 drift: raw=1.90, normalized=-0.10, accum=0.00
2026-08-02 00:26:21,168 [INFO] Entity svc_ot_poll_5 drift: raw=2.01, normalized=0.00, accum=0.00
2026-08-02 00:26:21,169 [INFO] Entity user_engineer_11 drift: raw=0.95, normalized=-0.29, accum=0.00
2026-08-02 00:26:21,170 [INFO] Entity user_finance_12 drift: raw=1.39, normalized=0.09, accum=0.09
2026-08-02 00:26:21,172 [INFO] Entity svc_backup_5 drift: raw=1.93, normalized=-0.07, accum=0.00
2026-08-02 00:26:21,173 [INFO] Entity svc_backup_9 drift: raw=2.10, normalized=0.10, accum=0.10
2026-08-02 00:26:21,174 [INFO] Entity user_finance_14 drift: raw=3.45, normalized=2.15, accum=2.15
2026-08-02 00:26:21,175 [INFO] Entity user_engineer_3 drift: raw=1.79, normalized=0.55, accum=0.55
2026-08-02 00:26:21,177 [INFO] Entity svc_backup_3 drift: raw=3.24, normalized=1.24, accum=1.24
2026-08-02 00:26:21,178 [INFO] Entity user_engineer_5 drift: raw=1.02, normalized=-0.23, accum=0.00
2026-08-02 00:26:21,179 [INFO] Entity user_engineer_12 drift: raw=1.24, normalized=-0.01, accum=0.00
2026-08-02 00:26:21,180 [INFO] Entity user_engineer_1 drift: raw=3.49, normalized=2.25, accum=2.25
2026-08-02 00:26:21,182 [INFO] Entity user_finance_2 drift: raw=1.35, normalized=0.05, accum=0.05
2026-08-02 00:26:21,183 [INFO] Entity user_engineer_9 drift: raw=2.89, normalized=1.65, accum=1.65
2026-08-02 00:26:21,184 [INFO] Entity user_engineer_6 drift: raw=1.07, normalized=-0.17, accum=0.00
2026-08-02 00:26:21,185 [INFO] Entity svc_backup_1 drift: raw=2.57, normalized=0.56, accum=0.56
2026-08-02 00:26:21,186 [INFO] Entity svc_backup_6 drift: raw=0.00, normalized=-2.00, accum=0.00
2026-08-02 00:26:21,187 [INFO] Entity user_hr_8 drift: raw=1.19, normalized=0.13, accum=0.13
2026-08-02 00:26:21,189 [INFO] Entity user_hr_14 drift: raw=2.77, normalized=1.72, accum=1.72
2026-08-02 00:26:21,190 [INFO] Entity user_engineer_7 drift: raw=1.23, normalized=-0.01, accum=0.00
2026-08-02 00:26:21,192 [INFO] Entity svc_backup_4 drift: raw=2.20, normalized=0.20, accum=0.20
2026-08-02 00:26:21,193 [INFO] Entity svc_backup_7 drift: raw=1.99, normalized=-0.01, accum=0.00
2026-08-02 00:26:21,194 [INFO] Entity user_finance_7 drift: raw=2.40, normalized=1.10, accum=1.10
2026-08-02 00:26:21,195 [INFO] Entity user_finance_3 drift: raw=1.63, normalized=0.33, accum=0.33
2026-08-02 00:26:21,196 [INFO] Entity user_finance_0 drift: raw=0.50, normalized=-0.80, accum=0.00
2026-08-02 00:26:21,198 [INFO] Entity user_finance_13 drift: raw=0.81, normalized=-0.49, accum=0.00
2026-08-02 00:26:21,199 [INFO] Entity user_finance_6 drift: raw=0.40, normalized=-0.90, accum=0.00
2026-08-02 00:26:21,201 [INFO] Entity svc_ot_poll_9 drift: raw=2.00, normalized=-0.00, accum=0.00
2026-08-02 00:26:21,202 [INFO] Entity user_hr_9 drift: raw=0.72, normalized=-0.34, accum=0.00
2026-08-02 00:26:21,203 [INFO] Entity user_engineer_13 drift: raw=0.74, normalized=-0.50, accum=0.00
2026-08-02 00:26:21,204 [INFO] Entity user_hr_7 drift: raw=2.65, normalized=1.60, accum=1.60
2026-08-02 00:26:21,206 [INFO] Entity user_finance_5 drift: raw=3.15, normalized=1.85, accum=1.85
2026-08-02 00:26:21,207 [INFO] Entity user_engineer_14 drift: raw=1.83, normalized=0.59, accum=0.59
2026-08-02 00:26:21,208 [INFO] Entity user_finance_1 drift: raw=1.30, normalized=0.00, accum=0.00
2026-08-02 00:26:21,210 [INFO] Entity svc_ot_poll_1 drift: raw=2.00, normalized=-0.00, accum=0.00
2026-08-02 00:26:21,211 [INFO] Entity svc_ot_poll_2 drift: raw=2.00, normalized=-0.00, accum=0.00
2026-08-02 00:26:21,212 [INFO] Entity user_engineer_0 drift: raw=1.99, normalized=0.75, accum=0.75
2026-08-02 00:26:21,213 [INFO] Entity svc_backup_0 drift: raw=2.18, normalized=0.17, accum=0.17
2026-08-02 00:26:21,215 [INFO] Entity user_hr_6 drift: raw=2.14, normalized=1.08, accum=1.08
2026-08-02 00:26:21,216 [INFO] Entity svc_ot_poll_7 drift: raw=2.00, normalized=-0.00, accum=0.00
2026-08-02 00:26:21,217 [INFO] Entity svc_ot_poll_8 drift: raw=2.01, normalized=0.00, accum=0.00
2026-08-02 00:26:21,218 [INFO] Entity user_engineer_4 drift: raw=1.77, normalized=0.53, accum=0.53
2026-08-02 00:26:21,220 [INFO] Entity user_finance_10 drift: raw=0.61, normalized=-0.69, accum=0.00
2026-08-02 00:26:21,221 [INFO] Entity user_hr_13 drift: raw=0.81, normalized=-0.24, accum=0.00
2026-08-02 00:28:42,880 [INFO] ANOMALY DETECTED: entity=user_engineer_0 score=50.55 conf=0.67
2026-08-02 00:28:42,880 [INFO]   - login_hour_rarity: raw=0.00 score=0.00
2026-08-02 00:28:42,880 [INFO]   - geolocation_rarity: raw=0.00 score=0.00
2026-08-02 00:28:42,880 [INFO]   - endpoint_set_rarity: raw=0.00 score=0.00
2026-08-02 00:28:42,880 [INFO]   - process_name_rarity: raw=0.36 score=0.55
2026-08-02 00:28:42,880 [INFO]   - command_line_embedding_similarity: raw=1.00 score=50.00
2026-08-02 00:28:42,880 [INFO]   - total_volume_delta: raw=3.86 score=0.00
2026-08-02 00:28:42,880 [INFO]   - drift_alert: raw=0.00 score=0.00
2026-08-02 00:28:42,896 [INFO] ANOMALY DETECTED: entity=user_engineer_5 score=50.00 conf=0.78
2026-08-02 00:28:42,896 [INFO]   - login_hour_rarity: raw=0.00 score=0.00
2026-08-02 00:28:42,896 [INFO]   - geolocation_rarity: raw=0.00 score=0.00
2026-08-02 00:28:42,896 [INFO]   - endpoint_set_rarity: raw=0.00 score=0.00
2026-08-02 00:28:42,896 [INFO]   - process_name_rarity: raw=0.00 score=0.00
2026-08-02 00:28:42,896 [INFO]   - command_line_embedding_similarity: raw=1.00 score=50.00
2026-08-02 00:28:42,896 [INFO]   - total_volume_delta: raw=2.87 score=0.00
2026-08-02 00:28:42,896 [INFO]   - drift_alert: raw=0.00 score=0.00
2026-08-02 00:28:44,401 [WARNING] point_baseline_shadow_fallback entity_id=user_engineer_5 as_of=2026-01-02 07:06:00 active_shadow_count=0
2026-08-02 00:28:44,402 [INFO] ANOMALY DETECTED: entity=user_engineer_5 score=50.00 conf=0.78
2026-08-02 00:28:44,402 [INFO]   - login_hour_rarity: raw=0.00 score=0.00
2026-08-02 00:28:44,403 [INFO]   - geolocation_rarity: raw=0.00 score=0.00
2026-08-02 00:28:44,403 [INFO]   - endpoint_set_rarity: raw=0.00 score=0.00
2026-08-02 00:28:44,403 [INFO]   - process_name_rarity: raw=0.00 score=0.00
2026-08-02 00:28:44,403 [INFO]   - command_line_embedding_similarity: raw=1.00 score=50.00
2026-08-02 00:28:44,403 [INFO]   - total_volume_delta: raw=2.87 score=0.00
2026-08-02 00:28:44,403 [INFO]   - drift_alert: raw=0.00 score=0.00
2026-08-02 00:28:50,898 [WARNING] point_baseline_shadow_fallback entity_id=user_engineer_0 as_of=2026-01-02 07:26:00 active_shadow_count=0
2026-08-02 00:28:50,899 [INFO] ANOMALY DETECTED: entity=user_engineer_0 score=50.55 conf=0.67
2026-08-02 00:28:50,899 [INFO]   - login_hour_rarity: raw=0.00 score=0.00
2026-08-02 00:28:50,899 [INFO]   - geolocation_rarity: raw=0.00 score=0.00
2026-08-02 00:28:50,899 [INFO]   - endpoint_set_rarity: raw=0.00 score=0.00
2026-08-02 00:28:50,899 [INFO]   - process_name_rarity: raw=0.36 score=0.55
2026-08-02 00:28:50,899 [INFO]   - command_line_embedding_similarity: raw=1.00 score=50.00
2026-08-02 00:28:50,899 [INFO]   - total_volume_delta: raw=3.86 score=0.00
2026-08-02 00:28:50,899 [INFO]   - drift_alert: raw=0.00 score=0.00
2026-08-02 00:28:56,109 [WARNING] point_baseline_shadow_fallback entity_id=user_engineer_0 as_of=2026-01-02 07:43:00 active_shadow_count=0
2026-08-02 00:28:56,384 [INFO] ANOMALY DETECTED: entity=user_finance_7 score=50.59 conf=0.77
2026-08-02 00:28:56,384 [INFO]   - login_hour_rarity: raw=0.00 score=0.00
2026-08-02 00:28:56,384 [INFO]   - geolocation_rarity: raw=0.00 score=0.00
2026-08-02 00:28:56,384 [INFO]   - endpoint_set_rarity: raw=0.00 score=0.00
2026-08-02 00:28:56,384 [INFO]   - process_name_rarity: raw=0.39 score=0.59
2026-08-02 00:28:56,384 [INFO]   - command_line_embedding_similarity: raw=1.00 score=50.00
2026-08-02 00:28:56,384 [INFO]   - total_volume_delta: raw=3.84 score=0.00
2026-08-02 00:28:56,384 [INFO]   - drift_alert: raw=0.00 score=0.00
2026-08-02 00:28:58,292 [INFO] ANOMALY DETECTED: entity=user_hr_8 score=50.00 conf=0.74
2026-08-02 00:28:58,292 [INFO]   - login_hour_rarity: raw=0.00 score=0.00
2026-08-02 00:28:58,292 [INFO]   - geolocation_rarity: raw=0.00 score=0.00
2026-08-02 00:28:58,292 [INFO]   - endpoint_set_rarity: raw=0.00 score=0.00
2026-08-02 00:28:58,292 [INFO]   - process_name_rarity: raw=0.00 score=0.00
2026-08-02 00:28:58,292 [INFO]   - command_line_embedding_similarity: raw=1.00 score=50.00
2026-08-02 00:28:58,293 [INFO]   - total_volume_delta: raw=3.13 score=0.00
2026-08-02 00:28:58,293 [INFO]   - drift_alert: raw=0.00 score=0.00
2026-08-02 00:29:00,836 [INFO] ANOMALY DETECTED: entity=user_engineer_11 score=50.00 conf=0.71
2026-08-02 00:29:00,836 [INFO]   - login_hour_rarity: raw=0.00 score=0.00
2026-08-02 00:29:00,836 [INFO]   - geolocation_rarity: raw=0.00 score=0.00
2026-08-02 00:29:00,836 [INFO]   - endpoint_set_rarity: raw=0.00 score=0.00
2026-08-02 00:29:00,836 [INFO]   - process_name_rarity: raw=0.00 score=0.00
2026-08-02 00:29:00,836 [INFO]   - command_line_embedding_similarity: raw=1.00 score=50.00
2026-08-02 00:29:00,836 [INFO]   - total_volume_delta: raw=3.46 score=0.00
2026-08-02 00:29:00,836 [INFO]   - drift_alert: raw=0.00 score=0.00
2026-08-02 00:29:01,136 [WARNING] point_baseline_shadow_fallback entity_id=user_engineer_0 as_of=2026-01-02 07:59:00 active_shadow_count=0
2026-08-02 00:29:01,440 [INFO] ANOMALY DETECTED: entity=user_finance_2 score=50.00 conf=0.76
2026-08-02 00:29:01,440 [INFO]   - login_hour_rarity: raw=0.00 score=0.00
2026-08-02 00:29:01,440 [INFO]   - geolocation_rarity: raw=0.00 score=0.00
2026-08-02 00:29:01,440 [INFO]   - endpoint_set_rarity: raw=0.00 score=0.00
2026-08-02 00:29:01,440 [INFO]   - process_name_rarity: raw=0.00 score=0.00
2026-08-02 00:29:01,440 [INFO]   - command_line_embedding_similarity: raw=1.00 score=50.00
2026-08-02 00:29:01,440 [INFO]   - total_volume_delta: raw=3.77 score=0.00
2026-08-02 00:29:01,440 [INFO]   - drift_alert: raw=0.00 score=0.00
2026-08-02 00:29:01,713 [WARNING] point_baseline_shadow_fallback entity_id=user_hr_8 as_of=2026-01-02 08:01:00 active_shadow_count=0
2026-08-02 00:29:01,726 [WARNING] point_baseline_shadow_fallback entity_id=user_finance_2 as_of=2026-01-02 08:01:00 active_shadow_count=0
2026-08-02 00:29:01,727 [INFO] ANOMALY DETECTED: entity=user_finance_2 score=50.00 conf=0.76
2026-08-02 00:29:01,727 [INFO]   - login_hour_rarity: raw=0.00 score=0.00
2026-08-02 00:29:01,727 [INFO]   - geolocation_rarity: raw=0.00 score=0.00
2026-08-02 00:29:01,727 [INFO]   - endpoint_set_rarity: raw=0.00 score=0.00
2026-08-02 00:29:01,727 [INFO]   - process_name_rarity: raw=0.00 score=0.00
2026-08-02 00:29:01,727 [INFO]   - command_line_embedding_similarity: raw=1.00 score=50.00
2026-08-02 00:29:01,727 [INFO]   - total_volume_delta: raw=3.77 score=0.00
2026-08-02 00:29:01,727 [INFO]   - drift_alert: raw=0.00 score=0.00
2026-08-02 00:29:03,098 [INFO] ANOMALY DETECTED: entity=user_engineer_1 score=50.55 conf=0.66
2026-08-02 00:29:03,098 [INFO]   - login_hour_rarity: raw=0.00 score=0.00
2026-08-02 00:29:03,098 [INFO]   - geolocation_rarity: raw=0.00 score=0.00
2026-08-02 00:29:03,098 [INFO]   - endpoint_set_rarity: raw=0.00 score=0.00
2026-08-02 00:29:03,098 [INFO]   - process_name_rarity: raw=0.36 score=0.55
2026-08-02 00:29:03,098 [INFO]   - command_line_embedding_similarity: raw=1.00 score=50.00
2026-08-02 00:29:03,098 [INFO]   - total_volume_delta: raw=3.75 score=0.00
2026-08-02 00:29:03,098 [INFO]   - drift_alert: raw=0.00 score=0.00
2026-08-02 00:29:04,285 [INFO] ANOMALY DETECTED: entity=user_finance_3 score=50.59 conf=0.72
2026-08-02 00:29:04,286 [INFO]   - login_hour_rarity: raw=0.00 score=0.00
2026-08-02 00:29:04,286 [INFO]   - geolocation_rarity: raw=0.00 score=0.00
2026-08-02 00:29:04,286 [INFO]   - endpoint_set_rarity: raw=0.00 score=0.00
2026-08-02 00:29:04,286 [INFO]   - process_name_rarity: raw=0.39 score=0.59
2026-08-02 00:29:04,286 [INFO]   - command_line_embedding_similarity: raw=1.00 score=50.00
2026-08-02 00:29:04,286 [INFO]   - total_volume_delta: raw=3.13 score=0.00
2026-08-02 00:29:04,286 [INFO]   - drift_alert: raw=0.00 score=0.00
2026-08-02 00:29:04,579 [WARNING] point_baseline_shadow_fallback entity_id=user_engineer_11 as_of=2026-01-02 08:10:00 active_shadow_count=0
2026-08-02 00:29:04,580 [INFO] ANOMALY DETECTED: entity=user_engineer_11 score=50.00 conf=0.71
2026-08-02 00:29:04,580 [INFO]   - login_hour_rarity: raw=0.00 score=0.00
2026-08-02 00:29:04,580 [INFO]   - geolocation_rarity: raw=0.00 score=0.00
2026-08-02 00:29:04,580 [INFO]   - endpoint_set_rarity: raw=0.00 score=0.00
2026-08-02 00:29:04,580 [INFO]   - process_name_rarity: raw=0.00 score=0.00
2026-08-02 00:29:04,580 [INFO]   - command_line_embedding_similarity: raw=1.00 score=50.00
2026-08-02 00:29:04,580 [INFO]   - total_volume_delta: raw=3.46 score=0.00
2026-08-02 00:29:04,580 [INFO]   - drift_alert: raw=0.00 score=0.00
2026-08-02 00:29:05,162 [INFO] ANOMALY DETECTED: entity=user_hr_6 score=50.58 conf=0.71
2026-08-02 00:29:05,162 [INFO]   - login_hour_rarity: raw=0.00 score=0.00
2026-08-02 00:29:05,162 [INFO]   - geolocation_rarity: raw=0.00 score=0.00
2026-08-02 00:29:05,162 [INFO]   - endpoint_set_rarity: raw=0.00 score=0.00
2026-08-02 00:29:05,163 [INFO]   - process_name_rarity: raw=0.39 score=0.58
2026-08-02 00:29:05,163 [INFO]   - command_line_embedding_similarity: raw=1.00 score=50.00
2026-08-02 00:29:05,163 [INFO]   - total_volume_delta: raw=2.77 score=0.00
2026-08-02 00:29:05,163 [INFO]   - drift_alert: raw=0.00 score=0.00
2026-08-02 00:29:05,459 [WARNING] point_baseline_shadow_fallback entity_id=user_hr_8 as_of=2026-01-02 08:13:00 active_shadow_count=0
2026-08-02 00:29:06,546 [INFO] ANOMALY DETECTED: entity=user_engineer_4 score=50.00 conf=0.71
2026-08-02 00:29:06,546 [INFO]   - login_hour_rarity: raw=0.00 score=0.00
2026-08-02 00:29:06,547 [INFO]   - geolocation_rarity: raw=0.00 score=0.00
2026-08-02 00:29:06,547 [INFO]   - endpoint_set_rarity: raw=0.00 score=0.00
2026-08-02 00:29:06,547 [INFO]   - process_name_rarity: raw=0.00 score=0.00
2026-08-02 00:29:06,547 [INFO]   - command_line_embedding_similarity: raw=1.00 score=50.00
2026-08-02 00:29:06,547 [INFO]   - total_volume_delta: raw=2.15 score=0.00
2026-08-02 00:29:06,547 [INFO]   - drift_alert: raw=0.00 score=0.00
2026-08-02 00:29:06,570 [WARNING] point_baseline_shadow_fallback entity_id=user_finance_3 as_of=2026-01-02 08:17:00 active_shadow_count=0
2026-08-02 00:29:07,417 [WARNING] point_baseline_shadow_fallback entity_id=user_engineer_11 as_of=2026-01-02 08:20:00 active_shadow_count=0
2026-08-02 00:29:08,891 [WARNING] point_baseline_shadow_fallback entity_id=user_engineer_1 as_of=2026-01-02 08:23:00 active_shadow_count=0
2026-08-02 00:29:08,892 [INFO] ANOMALY DETECTED: entity=user_engineer_1 score=50.55 conf=0.66
2026-08-02 00:29:08,892 [INFO]   - login_hour_rarity: raw=0.00 score=0.00
2026-08-02 00:29:08,892 [INFO]   - geolocation_rarity: raw=0.00 score=0.00
2026-08-02 00:29:08,892 [INFO]   - endpoint_set_rarity: raw=0.00 score=0.00
2026-08-02 00:29:08,892 [INFO]   - process_name_rarity: raw=0.36 score=0.55
2026-08-02 00:29:08,892 [INFO]   - command_line_embedding_similarity: raw=1.00 score=50.00
2026-08-02 00:29:08,892 [INFO]   - total_volume_delta: raw=3.75 score=0.00
2026-08-02 00:29:08,892 [INFO]   - drift_alert: raw=0.00 score=0.00
2026-08-02 00:29:09,788 [WARNING] point_baseline_shadow_fallback entity_id=user_finance_7 as_of=2026-01-02 08:26:00 active_shadow_count=0
2026-08-02 00:29:10,446 [WARNING] point_baseline_shadow_fallback entity_id=user_hr_8 as_of=2026-01-02 08:28:00 active_shadow_count=0
2026-08-02 00:29:11,035 [WARNING] point_baseline_shadow_fallback entity_id=user_engineer_1 as_of=2026-01-02 08:30:00 active_shadow_count=0
2026-08-02 00:29:12,532 [WARNING] point_baseline_shadow_fallback entity_id=user_hr_8 as_of=2026-01-02 08:35:00 active_shadow_count=0
2026-08-02 00:29:12,834 [WARNING] point_baseline_shadow_fallback entity_id=user_engineer_5 as_of=2026-01-02 08:36:00 active_shadow_count=0
2026-08-02 00:29:13,696 [WARNING] point_baseline_shadow_fallback entity_id=user_finance_7 as_of=2026-01-02 08:38:00 active_shadow_count=0
2026-08-02 00:29:13,697 [INFO] ANOMALY DETECTED: entity=user_finance_7 score=50.59 conf=0.77
2026-08-02 00:29:13,697 [INFO]   - login_hour_rarity: raw=0.00 score=0.00
2026-08-02 00:29:13,697 [INFO]   - geolocation_rarity: raw=0.00 score=0.00
2026-08-02 00:29:13,697 [INFO]   - endpoint_set_rarity: raw=0.00 score=0.00
2026-08-02 00:29:13,697 [INFO]   - process_name_rarity: raw=0.39 score=0.59
2026-08-02 00:29:13,697 [INFO]   - command_line_embedding_similarity: raw=1.00 score=50.00
2026-08-02 00:29:13,697 [INFO]   - total_volume_delta: raw=2.62 score=0.00
2026-08-02 00:29:13,697 [INFO]   - drift_alert: raw=0.00 score=0.00
2026-08-02 00:29:13,998 [WARNING] point_baseline_shadow_fallback entity_id=user_engineer_0 as_of=2026-01-02 08:39:00 active_shadow_count=0
2026-08-02 00:29:13,999 [INFO] ANOMALY DETECTED: entity=user_engineer_0 score=50.55 conf=0.67
2026-08-02 00:29:13,999 [INFO]   - login_hour_rarity: raw=0.00 score=0.00
2026-08-02 00:29:13,999 [INFO]   - geolocation_rarity: raw=0.00 score=0.00
2026-08-02 00:29:13,999 [INFO]   - endpoint_set_rarity: raw=0.00 score=0.00
2026-08-02 00:29:13,999 [INFO]   - process_name_rarity: raw=0.36 score=0.55
2026-08-02 00:29:13,999 [INFO]   - command_line_embedding_similarity: raw=1.00 score=50.00
2026-08-02 00:29:13,999 [INFO]   - total_volume_delta: raw=3.86 score=0.00
2026-08-02 00:29:13,999 [INFO]   - drift_alert: raw=0.00 score=0.00
2026-08-02 00:29:14,620 [WARNING] point_baseline_shadow_fallback entity_id=user_finance_3 as_of=2026-01-02 08:41:00 active_shadow_count=0
2026-08-02 00:29:14,954 [WARNING] point_baseline_shadow_fallback entity_id=user_engineer_0 as_of=2026-01-02 08:42:00 active_shadow_count=0
2026-08-02 00:29:16,466 [WARNING] point_baseline_shadow_fallback entity_id=user_engineer_5 as_of=2026-01-02 08:47:00 active_shadow_count=0
2026-08-02 00:29:16,767 [WARNING] point_baseline_shadow_fallback entity_id=user_engineer_1 as_of=2026-01-02 08:48:00 active_shadow_count=0
2026-08-02 00:29:17,133 [WARNING] point_baseline_shadow_fallback entity_id=user_finance_7 as_of=2026-01-02 08:49:00 active_shadow_count=0
2026-08-02 00:29:17,748 [INFO] ANOMALY DETECTED: entity=user_finance_0 score=50.59 conf=0.70
2026-08-02 00:29:17,749 [INFO]   - login_hour_rarity: raw=0.00 score=0.00
2026-08-02 00:29:17,749 [INFO]   - geolocation_rarity: raw=0.00 score=0.00
2026-08-02 00:29:17,749 [INFO]   - endpoint_set_rarity: raw=0.00 score=0.00
2026-08-02 00:29:17,749 [INFO]   - process_name_rarity: raw=0.39 score=0.59
2026-08-02 00:29:17,749 [INFO]   - command_line_embedding_similarity: raw=1.00 score=50.00
2026-08-02 00:29:17,749 [INFO]   - total_volume_delta: raw=2.63 score=0.00
2026-08-02 00:29:17,749 [INFO]   - drift_alert: raw=0.00 score=0.00
2026-08-02 00:29:18,363 [WARNING] point_baseline_shadow_fallback entity_id=user_engineer_0 as_of=2026-01-02 08:52:00 active_shadow_count=0
2026-08-02 00:29:18,754 [WARNING] point_baseline_shadow_fallback entity_id=user_finance_2 as_of=2026-01-02 08:53:00 active_shadow_count=0
2026-08-02 00:29:19,701 [WARNING] point_baseline_shadow_fallback entity_id=user_engineer_4 as_of=2026-01-02 08:56:00 active_shadow_count=0
2026-08-02 00:29:19,702 [INFO] ANOMALY DETECTED: entity=user_engineer_4 score=50.00 conf=0.71
2026-08-02 00:29:19,702 [INFO]   - login_hour_rarity: raw=0.00 score=0.00
2026-08-02 00:29:19,702 [INFO]   - geolocation_rarity: raw=0.00 score=0.00
2026-08-02 00:29:19,702 [INFO]   - endpoint_set_rarity: raw=0.00 score=0.00
2026-08-02 00:29:19,702 [INFO]   - process_name_rarity: raw=0.00 score=0.00
2026-08-02 00:29:19,702 [INFO]   - command_line_embedding_similarity: raw=1.00 score=50.00
2026-08-02 00:29:19,702 [INFO]   - total_volume_delta: raw=2.15 score=0.00
2026-08-02 00:29:19,702 [INFO]   - drift_alert: raw=0.00 score=0.00
2026-08-02 00:29:20,318 [WARNING] point_baseline_shadow_fallback entity_id=user_finance_7 as_of=2026-01-02 08:58:00 active_shadow_count=0
2026-08-02 00:29:20,646 [WARNING] point_baseline_shadow_fallback entity_id=user_finance_7 as_of=2026-01-02 08:59:00 active_shadow_count=0
2026-08-02 00:29:20,942 [WARNING] point_baseline_shadow_fallback entity_id=user_engineer_5 as_of=2026-01-02 09:00:00 active_shadow_count=0
2026-08-02 00:29:20,943 [INFO] ANOMALY DETECTED: entity=user_engineer_5 score=50.00 conf=0.78
2026-08-02 00:29:20,943 [INFO]   - login_hour_rarity: raw=0.00 score=0.00
2026-08-02 00:29:20,943 [INFO]   - geolocation_rarity: raw=0.00 score=0.00
2026-08-02 00:29:20,943 [INFO]   - endpoint_set_rarity: raw=0.00 score=0.00
2026-08-02 00:29:20,943 [INFO]   - process_name_rarity: raw=0.00 score=0.00
2026-08-02 00:29:20,943 [INFO]   - command_line_embedding_similarity: raw=1.00 score=50.00
2026-08-02 00:29:20,943 [INFO]   - total_volume_delta: raw=2.87 score=0.00
2026-08-02 00:29:20,943 [INFO]   - drift_alert: raw=0.00 score=0.00
2026-08-02 00:29:21,262 [INFO] ANOMALY DETECTED: entity=user_hr_7 score=50.00 conf=0.76
2026-08-02 00:29:21,262 [INFO]   - login_hour_rarity: raw=0.00 score=0.00
2026-08-02 00:29:21,262 [INFO]   - geolocation_rarity: raw=0.00 score=0.00
2026-08-02 00:29:21,262 [INFO]   - endpoint_set_rarity: raw=0.00 score=0.00
2026-08-02 00:29:21,262 [INFO]   - process_name_rarity: raw=0.00 score=0.00
2026-08-02 00:29:21,262 [INFO]   - command_line_embedding_similarity: raw=1.00 score=50.00
2026-08-02 00:29:21,262 [INFO]   - total_volume_delta: raw=3.04 score=0.00
2026-08-02 00:29:21,262 [INFO]   - drift_alert: raw=0.00 score=0.00
2026-08-02 00:29:22,207 [WARNING] point_baseline_shadow_fallback entity_id=user_engineer_4 as_of=2026-01-02 09:04:00 active_shadow_count=0
2026-08-02 00:29:22,822 [WARNING] point_baseline_shadow_fallback entity_id=user_engineer_11 as_of=2026-01-02 09:06:00 active_shadow_count=0
2026-08-02 00:29:22,823 [INFO] ANOMALY DETECTED: entity=user_engineer_11 score=50.00 conf=0.71
2026-08-02 00:29:22,823 [INFO]   - login_hour_rarity: raw=0.00 score=0.00
2026-08-02 00:29:22,823 [INFO]   - geolocation_rarity: raw=0.00 score=0.00
2026-08-02 00:29:22,823 [INFO]   - endpoint_set_rarity: raw=0.00 score=0.00
2026-08-02 00:29:22,823 [INFO]   - process_name_rarity: raw=0.00 score=0.00
2026-08-02 00:29:22,823 [INFO]   - command_line_embedding_similarity: raw=1.00 score=50.00
2026-08-02 00:29:22,823 [INFO]   - total_volume_delta: raw=3.46 score=0.00
2026-08-02 00:29:22,823 [INFO]   - drift_alert: raw=0.00 score=0.00
2026-08-02 00:29:23,427 [WARNING] point_baseline_shadow_fallback entity_id=user_engineer_1 as_of=2026-01-02 09:08:00 active_shadow_count=0
2026-08-02 00:29:25,568 [INFO] ANOMALY DETECTED: entity=user_hr_12 score=50.00 conf=0.74
2026-08-02 00:29:25,568 [INFO]   - login_hour_rarity: raw=0.00 score=0.00
2026-08-02 00:29:25,568 [INFO]   - geolocation_rarity: raw=0.00 score=0.00
2026-08-02 00:29:25,568 [INFO]   - endpoint_set_rarity: raw=0.00 score=0.00
2026-08-02 00:29:25,568 [INFO]   - process_name_rarity: raw=0.00 score=0.00
2026-08-02 00:29:25,568 [INFO]   - command_line_embedding_similarity: raw=1.00 score=50.00
2026-08-02 00:29:25,568 [INFO]   - total_volume_delta: raw=4.21 score=0.00
2026-08-02 00:29:25,568 [INFO]   - drift_alert: raw=0.00 score=0.00
2026-08-02 00:29:25,890 [WARNING] point_baseline_shadow_fallback entity_id=user_engineer_1 as_of=2026-01-02 09:12:00 active_shadow_count=0
2026-08-02 00:29:25,921 [WARNING] point_baseline_shadow_fallback entity_id=user_hr_6 as_of=2026-01-02 09:12:00 active_shadow_count=0
2026-08-02 00:29:26,794 [WARNING] point_baseline_shadow_fallback entity_id=user_engineer_0 as_of=2026-01-02 09:15:00 active_shadow_count=0
2026-08-02 00:29:27,150 [WARNING] point_baseline_shadow_fallback entity_id=user_engineer_1 as_of=2026-01-02 09:16:00 active_shadow_count=0
2026-08-02 00:29:27,167 [WARNING] point_baseline_shadow_fallback entity_id=user_hr_7 as_of=2026-01-02 09:16:00 active_shadow_count=0
2026-08-02 00:29:27,168 [INFO] ANOMALY DETECTED: entity=user_hr_7 score=50.00 conf=0.76
2026-08-02 00:29:27,168 [INFO]   - login_hour_rarity: raw=0.00 score=0.00
2026-08-02 00:29:27,168 [INFO]   - geolocation_rarity: raw=0.00 score=0.00
2026-08-02 00:29:27,168 [INFO]   - endpoint_set_rarity: raw=0.00 score=0.00
2026-08-02 00:29:27,168 [INFO]   - process_name_rarity: raw=0.00 score=0.00
2026-08-02 00:29:27,168 [INFO]   - command_line_embedding_similarity: raw=1.00 score=50.00
2026-08-02 00:29:27,168 [INFO]   - total_volume_delta: raw=3.04 score=0.00
2026-08-02 00:29:27,168 [INFO]   - drift_alert: raw=0.00 score=0.00
2026-08-02 00:29:27,474 [WARNING] point_baseline_shadow_fallback entity_id=user_hr_12 as_of=2026-01-02 09:17:00 active_shadow_count=0
2026-08-02 00:29:27,805 [WARNING] point_baseline_shadow_fallback entity_id=user_engineer_4 as_of=2026-01-02 09:18:00 active_shadow_count=0
2026-08-02 00:29:27,806 [INFO] ANOMALY DETECTED: entity=user_engineer_4 score=50.00 conf=0.71
2026-08-02 00:29:27,806 [INFO]   - login_hour_rarity: raw=0.00 score=0.00
2026-08-02 00:29:27,806 [INFO]   - geolocation_rarity: raw=0.00 score=0.00
2026-08-02 00:29:27,806 [INFO]   - endpoint_set_rarity: raw=0.00 score=0.00
2026-08-02 00:29:27,806 [INFO]   - process_name_rarity: raw=0.00 score=0.00
2026-08-02 00:29:27,806 [INFO]   - command_line_embedding_similarity: raw=1.00 score=50.00
2026-08-02 00:29:27,807 [INFO]   - total_volume_delta: raw=2.15 score=0.00
2026-08-02 00:29:27,807 [INFO]   - drift_alert: raw=0.00 score=0.00
2026-08-02 00:29:28,470 [WARNING] point_baseline_shadow_fallback entity_id=user_engineer_1 as_of=2026-01-02 09:20:00 active_shadow_count=0
2026-08-02 00:29:29,116 [WARNING] point_baseline_shadow_fallback entity_id=user_engineer_5 as_of=2026-01-02 09:22:00 active_shadow_count=0
2026-08-02 00:29:29,734 [INFO] ANOMALY DETECTED: entity=user_engineer_12 score=50.00 conf=0.74
2026-08-02 00:29:29,734 [INFO]   - login_hour_rarity: raw=0.00 score=0.00
2026-08-02 00:29:29,734 [INFO]   - geolocation_rarity: raw=0.00 score=0.00
2026-08-02 00:29:29,734 [INFO]   - endpoint_set_rarity: raw=0.00 score=0.00
2026-08-02 00:29:29,734 [INFO]   - process_name_rarity: raw=0.00 score=0.00
2026-08-02 00:29:29,735 [INFO]   - command_line_embedding_similarity: raw=1.00 score=50.00
2026-08-02 00:29:29,735 [INFO]   - total_volume_delta: raw=3.62 score=0.00
2026-08-02 00:29:29,735 [INFO]   - drift_alert: raw=0.00 score=0.00
2026-08-02 00:29:29,751 [WARNING] point_baseline_shadow_fallback entity_id=user_hr_7 as_of=2026-01-02 09:23:00 active_shadow_count=0
2026-08-02 00:29:30,070 [WARNING] point_baseline_shadow_fallback entity_id=user_engineer_1 as_of=2026-01-02 09:24:00 active_shadow_count=0
2026-08-02 00:29:30,982 [INFO] ANOMALY DETECTED: entity=user_finance_11 score=50.02 conf=0.79
2026-08-02 00:29:30,982 [INFO]   - login_hour_rarity: raw=0.00 score=0.00
2026-08-02 00:29:30,982 [INFO]   - geolocation_rarity: raw=0.00 score=0.00
2026-08-02 00:29:30,982 [INFO]   - endpoint_set_rarity: raw=0.00 score=0.00
2026-08-02 00:29:30,982 [INFO]   - process_name_rarity: raw=0.01 score=0.02
2026-08-02 00:29:30,982 [INFO]   - command_line_embedding_similarity: raw=1.00 score=50.00
2026-08-02 00:29:30,982 [INFO]   - total_volume_delta: raw=2.97 score=0.00
2026-08-02 00:29:30,982 [INFO]   - drift_alert: raw=0.00 score=0.00
2026-08-02 00:29:31,620 [WARNING] point_baseline_shadow_fallback entity_id=user_finance_7 as_of=2026-01-02 09:29:00 active_shadow_count=0
2026-08-02 00:29:31,925 [WARNING] point_baseline_shadow_fallback entity_id=user_hr_6 as_of=2026-01-02 09:30:00 active_shadow_count=0
2026-08-02 00:29:31,939 [WARNING] point_baseline_shadow_fallback entity_id=user_hr_12 as_of=2026-01-02 09:30:00 active_shadow_count=0
2026-08-02 00:29:32,530 [WARNING] point_baseline_shadow_fallback entity_id=user_engineer_1 as_of=2026-01-02 09:32:00 active_shadow_count=0
2026-08-02 00:29:32,832 [INFO] ANOMALY DETECTED: entity=user_hr_13 score=50.01 conf=0.76
2026-08-02 00:29:32,832 [INFO]   - login_hour_rarity: raw=0.00 score=0.00
2026-08-02 00:29:32,832 [INFO]   - geolocation_rarity: raw=0.00 score=0.00
2026-08-02 00:29:32,832 [INFO]   - endpoint_set_rarity: raw=0.00 score=0.00
2026-08-02 00:29:32,832 [INFO]   - process_name_rarity: raw=0.01 score=0.01
2026-08-02 00:29:32,832 [INFO]   - command_line_embedding_similarity: raw=1.00 score=50.00
2026-08-02 00:29:32,832 [INFO]   - total_volume_delta: raw=2.32 score=0.00
2026-08-02 00:29:32,832 [INFO]   - drift_alert: raw=0.00 score=0.00
2026-08-02 00:29:32,845 [WARNING] point_baseline_shadow_fallback entity_id=user_finance_3 as_of=2026-01-02 09:33:00 active_shadow_count=0
2026-08-02 00:29:32,846 [INFO] ANOMALY DETECTED: entity=user_finance_3 score=50.59 conf=0.72
2026-08-02 00:29:32,846 [INFO]   - login_hour_rarity: raw=0.00 score=0.00
2026-08-02 00:29:32,846 [INFO]   - geolocation_rarity: raw=0.00 score=0.00
2026-08-02 00:29:32,846 [INFO]   - endpoint_set_rarity: raw=0.00 score=0.00
2026-08-02 00:29:32,846 [INFO]   - process_name_rarity: raw=0.39 score=0.59
2026-08-02 00:29:32,846 [INFO]   - command_line_embedding_similarity: raw=1.00 score=50.00
2026-08-02 00:29:32,846 [INFO]   - total_volume_delta: raw=3.13 score=0.00
2026-08-02 00:29:32,846 [INFO]   - drift_alert: raw=0.00 score=0.00
2026-08-02 00:29:33,143 [WARNING] point_baseline_shadow_fallback entity_id=user_engineer_4 as_of=2026-01-02 09:34:00 active_shadow_count=0
2026-08-02 00:29:33,155 [WARNING] point_baseline_shadow_fallback entity_id=user_engineer_12 as_of=2026-01-02 09:34:00 active_shadow_count=0
2026-08-02 00:29:33,492 [WARNING] point_baseline_shadow_fallback entity_id=user_hr_6 as_of=2026-01-02 09:35:00 active_shadow_count=0
2026-08-02 00:29:33,493 [INFO] ANOMALY DETECTED: entity=user_hr_6 score=50.58 conf=0.71
2026-08-02 00:29:33,493 [INFO]   - login_hour_rarity: raw=0.00 score=0.00
2026-08-02 00:29:33,493 [INFO]   - geolocation_rarity: raw=0.00 score=0.00
2026-08-02 00:29:33,493 [INFO]   - endpoint_set_rarity: raw=0.00 score=0.00
2026-08-02 00:29:33,493 [INFO]   - process_name_rarity: raw=0.39 score=0.58
2026-08-02 00:29:33,493 [INFO]   - command_line_embedding_similarity: raw=1.00 score=50.00
2026-08-02 00:29:33,493 [INFO]   - total_volume_delta: raw=2.77 score=0.00
2026-08-02 00:29:33,493 [INFO]   - drift_alert: raw=0.00 score=0.00
2026-08-02 00:29:33,806 [INFO] ANOMALY DETECTED: entity=user_hr_2 score=50.58 conf=0.68
2026-08-02 00:29:33,806 [INFO]   - login_hour_rarity: raw=0.00 score=0.00
2026-08-02 00:29:33,806 [INFO]   - geolocation_rarity: raw=0.00 score=0.00
2026-08-02 00:29:33,806 [INFO]   - endpoint_set_rarity: raw=0.00 score=0.00
2026-08-02 00:29:33,806 [INFO]   - process_name_rarity: raw=0.39 score=0.58
2026-08-02 00:29:33,806 [INFO]   - command_line_embedding_similarity: raw=1.00 score=50.00
2026-08-02 00:29:33,806 [INFO]   - total_volume_delta: raw=2.86 score=0.00
2026-08-02 00:29:33,806 [INFO]   - drift_alert: raw=0.00 score=0.00
2026-08-02 00:29:34,707 [WARNING] point_baseline_shadow_fallback entity_id=user_engineer_0 as_of=2026-01-02 09:39:00 active_shadow_count=0
2026-08-02 00:29:34,712 [INFO] ANOMALY DETECTED: entity=user_engineer_0 score=50.55 conf=0.67
2026-08-02 00:29:34,712 [INFO]   - login_hour_rarity: raw=0.00 score=0.00
2026-08-02 00:29:34,712 [INFO]   - geolocation_rarity: raw=0.00 score=0.00
2026-08-02 00:29:34,712 [INFO]   - endpoint_set_rarity: raw=0.00 score=0.00
2026-08-02 00:29:34,712 [INFO]   - process_name_rarity: raw=0.36 score=0.55
2026-08-02 00:29:34,712 [INFO]   - command_line_embedding_similarity: raw=1.00 score=50.00
2026-08-02 00:29:34,712 [INFO]   - total_volume_delta: raw=3.86 score=0.00
2026-08-02 00:29:34,712 [INFO]   - drift_alert: raw=0.00 score=0.00
2026-08-02 00:29:35,251 [WARNING] point_baseline_shadow_fallback entity_id=user_hr_6 as_of=2026-01-02 09:40:00 active_shadow_count=0
2026-08-02 00:29:35,269 [INFO] ANOMALY DETECTED: entity=user_hr_9 score=50.01 conf=0.76
2026-08-02 00:29:35,269 [INFO]   - login_hour_rarity: raw=0.00 score=0.00
2026-08-02 00:29:35,269 [INFO]   - geolocation_rarity: raw=0.00 score=0.00
2026-08-02 00:29:35,270 [INFO]   - endpoint_set_rarity: raw=0.00 score=0.00
2026-08-02 00:29:35,270 [INFO]   - process_name_rarity: raw=0.01 score=0.01
2026-08-02 00:29:35,270 [INFO]   - command_line_embedding_similarity: raw=1.00 score=50.00
2026-08-02 00:29:35,270 [INFO]   - total_volume_delta: raw=3.36 score=0.00
2026-08-02 00:29:35,270 [INFO]   - drift_alert: raw=0.00 score=0.00
2026-08-02 00:29:36,432 [INFO] ANOMALY DETECTED: entity=user_hr_14 score=50.00 conf=0.74
2026-08-02 00:29:36,432 [INFO]   - login_hour_rarity: raw=0.00 score=0.00
2026-08-02 00:29:36,432 [INFO]   - geolocation_rarity: raw=0.00 score=0.00
2026-08-02 00:29:36,432 [INFO]   - endpoint_set_rarity: raw=0.00 score=0.00
2026-08-02 00:29:36,432 [INFO]   - process_name_rarity: raw=0.00 score=0.00
2026-08-02 00:29:36,432 [INFO]   - command_line_embedding_similarity: raw=1.00 score=50.00
2026-08-02 00:29:36,432 [INFO]   - total_volume_delta: raw=4.21 score=0.00
2026-08-02 00:29:36,432 [INFO]   - drift_alert: raw=0.00 score=0.00
2026-08-02 00:29:36,445 [WARNING] point_baseline_shadow_fallback entity_id=user_finance_7 as_of=2026-01-02 09:44:00 active_shadow_count=0
2026-08-02 00:29:36,738 [WARNING] point_baseline_shadow_fallback entity_id=user_engineer_0 as_of=2026-01-02 09:45:00 active_shadow_count=0
2026-08-02 00:29:36,750 [WARNING] point_baseline_shadow_fallback entity_id=user_engineer_5 as_of=2026-01-02 09:45:00 active_shadow_count=0
2026-08-02 00:29:36,762 [WARNING] point_baseline_shadow_fallback entity_id=user_finance_11 as_of=2026-01-02 09:45:00 active_shadow_count=0
2026-08-02 00:29:37,311 [INFO] ANOMALY DETECTED: entity=user_engineer_8 score=50.01 conf=0.78
2026-08-02 00:29:37,311 [INFO]   - login_hour_rarity: raw=0.00 score=0.00
2026-08-02 00:29:37,311 [INFO]   - geolocation_rarity: raw=0.00 score=0.00
2026-08-02 00:29:37,311 [INFO]   - endpoint_set_rarity: raw=0.00 score=0.00
2026-08-02 00:29:37,311 [INFO]   - process_name_rarity: raw=0.00 score=0.01
2026-08-02 00:29:37,311 [INFO]   - command_line_embedding_similarity: raw=1.00 score=50.00
2026-08-02 00:29:37,311 [INFO]   - total_volume_delta: raw=3.49 score=0.00
2026-08-02 00:29:37,311 [INFO]   - drift_alert: raw=0.00 score=0.00
2026-08-02 00:29:37,323 [WARNING] point_baseline_shadow_fallback entity_id=user_hr_2 as_of=2026-01-02 09:47:00 active_shadow_count=0
2026-08-02 00:29:37,612 [WARNING] point_baseline_shadow_fallback entity_id=user_finance_7 as_of=2026-01-02 09:48:00 active_shadow_count=0
2026-08-02 00:29:37,614 [INFO] ANOMALY DETECTED: entity=user_finance_7 score=50.59 conf=0.77
2026-08-02 00:29:37,614 [INFO]   - login_hour_rarity: raw=0.00 score=0.00
2026-08-02 00:29:37,614 [INFO]   - geolocation_rarity: raw=0.00 score=0.00
2026-08-02 00:29:37,614 [INFO]   - endpoint_set_rarity: raw=0.00 score=0.00
2026-08-02 00:29:37,614 [INFO]   - process_name_rarity: raw=0.39 score=0.59
2026-08-02 00:29:37,614 [INFO]   - command_line_embedding_similarity: raw=1.00 score=50.00
2026-08-02 00:29:37,614 [INFO]   - total_volume_delta: raw=2.62 score=0.00
2026-08-02 00:29:37,614 [INFO]   - drift_alert: raw=0.00 score=0.00
2026-08-02 00:29:37,916 [WARNING] point_baseline_shadow_fallback entity_id=user_engineer_0 as_of=2026-01-02 09:49:00 active_shadow_count=0
2026-08-02 00:29:37,929 [WARNING] point_baseline_shadow_fallback entity_id=user_hr_2 as_of=2026-01-02 09:49:00 active_shadow_count=0
2026-08-02 00:29:37,942 [WARNING] point_baseline_shadow_fallback entity_id=user_hr_13 as_of=2026-01-02 09:49:00 active_shadow_count=0
2026-08-02 00:29:38,208 [WARNING] point_baseline_shadow_fallback entity_id=user_hr_7 as_of=2026-01-02 09:50:00 active_shadow_count=0
2026-08-02 00:29:39,028 [WARNING] point_baseline_shadow_fallback entity_id=user_engineer_0 as_of=2026-01-02 09:53:00 active_shadow_count=0
2026-08-02 00:29:39,029 [INFO] ANOMALY DETECTED: entity=user_engineer_0 score=50.55 conf=0.67
2026-08-02 00:29:39,029 [INFO]   - login_hour_rarity: raw=0.00 score=0.00
2026-08-02 00:29:39,029 [INFO]   - geolocation_rarity: raw=0.00 score=0.00
2026-08-02 00:29:39,029 [INFO]   - endpoint_set_rarity: raw=0.00 score=0.00
2026-08-02 00:29:39,029 [INFO]   - process_name_rarity: raw=0.36 score=0.55
2026-08-02 00:29:39,029 [INFO]   - command_line_embedding_similarity: raw=1.00 score=50.00
2026-08-02 00:29:39,029 [INFO]   - total_volume_delta: raw=3.86 score=0.00
2026-08-02 00:29:39,029 [INFO]   - drift_alert: raw=0.00 score=0.00
2026-08-02 00:29:39,041 [INFO] ANOMALY DETECTED: entity=user_hr_1 score=50.00 conf=0.77
2026-08-02 00:29:39,041 [INFO]   - login_hour_rarity: raw=0.00 score=0.00
2026-08-02 00:29:39,041 [INFO]   - geolocation_rarity: raw=0.00 score=0.00
2026-08-02 00:29:39,041 [INFO]   - endpoint_set_rarity: raw=0.00 score=0.00
2026-08-02 00:29:39,041 [INFO]   - process_name_rarity: raw=0.00 score=0.00
2026-08-02 00:29:39,041 [INFO]   - command_line_embedding_similarity: raw=1.00 score=50.00
2026-08-02 00:29:39,041 [INFO]   - total_volume_delta: raw=3.04 score=0.00
2026-08-02 00:29:39,041 [INFO]   - drift_alert: raw=0.00 score=0.00
2026-08-02 00:29:39,576 [WARNING] point_baseline_shadow_fallback entity_id=user_engineer_0 as_of=2026-01-02 09:55:00 active_shadow_count=0
2026-08-02 00:29:39,588 [WARNING] point_baseline_shadow_fallback entity_id=user_engineer_8 as_of=2026-01-02 09:55:00 active_shadow_count=0
2026-08-02 00:29:39,601 [WARNING] point_baseline_shadow_fallback entity_id=user_hr_13 as_of=2026-01-02 09:55:00 active_shadow_count=0
2026-08-02 00:29:40,401 [WARNING] point_baseline_shadow_fallback entity_id=user_hr_2 as_of=2026-01-02 09:58:00 active_shadow_count=0
2026-08-02 00:29:40,919 [INFO] ANOMALY DETECTED: entity=user_engineer_7 score=50.00 conf=0.74
2026-08-02 00:29:40,919 [INFO]   - login_hour_rarity: raw=0.00 score=0.00
2026-08-02 00:29:40,919 [INFO]   - geolocation_rarity: raw=0.00 score=0.00
2026-08-02 00:29:40,919 [INFO]   - endpoint_set_rarity: raw=0.00 score=0.00
2026-08-02 00:29:40,919 [INFO]   - process_name_rarity: raw=0.00 score=0.00
2026-08-02 00:29:40,919 [INFO]   - command_line_embedding_similarity: raw=1.00 score=50.00
2026-08-02 00:29:40,919 [INFO]   - total_volume_delta: raw=2.85 score=0.00
2026-08-02 00:29:40,919 [INFO]   - drift_alert: raw=0.00 score=0.00
2026-08-02 00:29:41,192 [INFO] ANOMALY DETECTED: entity=user_hr_0 score=50.00 conf=0.74
2026-08-02 00:29:41,192 [INFO]   - login_hour_rarity: raw=0.00 score=0.00
2026-08-02 00:29:41,192 [INFO]   - geolocation_rarity: raw=0.00 score=0.00
2026-08-02 00:29:41,192 [INFO]   - endpoint_set_rarity: raw=0.00 score=0.00
2026-08-02 00:29:41,192 [INFO]   - process_name_rarity: raw=0.00 score=0.00
2026-08-02 00:29:41,192 [INFO]   - command_line_embedding_similarity: raw=1.00 score=50.00
2026-08-02 00:29:41,192 [INFO]   - total_volume_delta: raw=3.17 score=0.00
2026-08-02 00:29:41,193 [INFO]   - drift_alert: raw=0.00 score=0.00
2026-08-02 00:29:41,204 [WARNING] point_baseline_shadow_fallback entity_id=user_hr_12 as_of=2026-01-02 10:00:00 active_shadow_count=0
2026-08-02 00:29:41,484 [WARNING] point_baseline_shadow_fallback entity_id=user_engineer_1 as_of=2026-01-02 10:01:00 active_shadow_count=0
2026-08-02 00:29:41,500 [INFO] ANOMALY DETECTED: entity=user_engineer_2 score=50.55 conf=0.68
2026-08-02 00:29:41,500 [INFO]   - login_hour_rarity: raw=0.00 score=0.00
2026-08-02 00:29:41,500 [INFO]   - geolocation_rarity: raw=0.00 score=0.00
2026-08-02 00:29:41,500 [INFO]   - endpoint_set_rarity: raw=0.00 score=0.00
2026-08-02 00:29:41,500 [INFO]   - process_name_rarity: raw=0.36 score=0.55
2026-08-02 00:29:41,500 [INFO]   - command_line_embedding_similarity: raw=1.00 score=50.00
2026-08-02 00:29:41,500 [INFO]   - total_volume_delta: raw=2.54 score=0.00
2026-08-02 00:29:41,500 [INFO]   - drift_alert: raw=0.00 score=0.00
2026-08-02 00:29:41,515 [WARNING] point_baseline_shadow_fallback entity_id=user_engineer_5 as_of=2026-01-02 10:01:00 active_shadow_count=0
2026-08-02 00:29:41,529 [WARNING] point_baseline_shadow_fallback entity_id=user_engineer_7 as_of=2026-01-02 10:01:00 active_shadow_count=0
2026-08-02 00:29:41,541 [WARNING] point_baseline_shadow_fallback entity_id=user_hr_13 as_of=2026-01-02 10:01:00 active_shadow_count=0
2026-08-02 00:29:41,845 [WARNING] point_baseline_shadow_fallback entity_id=user_engineer_4 as_of=2026-01-02 10:02:00 active_shadow_count=0
2026-08-02 00:29:41,846 [INFO] ANOMALY DETECTED: entity=user_engineer_4 score=50.00 conf=0.71
2026-08-02 00:29:41,846 [INFO]   - login_hour_rarity: raw=0.00 score=0.00
2026-08-02 00:29:41,846 [INFO]   - geolocation_rarity: raw=0.00 score=0.00
2026-08-02 00:29:41,846 [INFO]   - endpoint_set_rarity: raw=0.00 score=0.00
2026-08-02 00:29:41,846 [INFO]   - process_name_rarity: raw=0.00 score=0.00
2026-08-02 00:29:41,846 [INFO]   - command_line_embedding_similarity: raw=1.00 score=50.00
2026-08-02 00:29:41,846 [INFO]   - total_volume_delta: raw=2.15 score=0.00
2026-08-02 00:29:41,846 [INFO]   - drift_alert: raw=0.00 score=0.00
2026-08-02 00:29:41,859 [WARNING] point_baseline_shadow_fallback entity_id=user_engineer_11 as_of=2026-01-02 10:02:00 active_shadow_count=0
2026-08-02 00:29:41,859 [INFO] ANOMALY DETECTED: entity=user_engineer_11 score=50.00 conf=0.71
2026-08-02 00:29:41,860 [INFO]   - login_hour_rarity: raw=0.00 score=0.00
2026-08-02 00:29:41,860 [INFO]   - geolocation_rarity: raw=0.00 score=0.00
2026-08-02 00:29:41,860 [INFO]   - endpoint_set_rarity: raw=0.00 score=0.00
2026-08-02 00:29:41,860 [INFO]   - process_name_rarity: raw=0.00 score=0.00
2026-08-02 00:29:41,860 [INFO]   - command_line_embedding_similarity: raw=1.00 score=50.00
2026-08-02 00:29:41,860 [INFO]   - total_volume_delta: raw=3.46 score=0.00
2026-08-02 00:29:41,860 [INFO]   - drift_alert: raw=0.00 score=0.00
2026-08-02 00:29:41,872 [WARNING] point_baseline_shadow_fallback entity_id=user_hr_0 as_of=2026-01-02 10:02:00 active_shadow_count=0
2026-08-02 00:29:41,885 [WARNING] point_baseline_shadow_fallback entity_id=user_hr_12 as_of=2026-01-02 10:02:00 active_shadow_count=0
2026-08-02 00:29:42,521 [WARNING] point_baseline_shadow_fallback entity_id=user_hr_8 as_of=2026-01-02 10:04:00 active_shadow_count=0
2026-08-02 00:29:42,539 [WARNING] point_baseline_shadow_fallback entity_id=user_hr_13 as_of=2026-01-02 10:04:00 active_shadow_count=0
2026-08-02 00:29:42,557 [WARNING] point_baseline_shadow_fallback entity_id=user_finance_11 as_of=2026-01-02 10:04:00 active_shadow_count=0
2026-08-02 00:29:42,933 [WARNING] point_baseline_shadow_fallback entity_id=user_engineer_4 as_of=2026-01-02 10:05:00 active_shadow_count=0
2026-08-02 00:29:43,297 [WARNING] point_baseline_shadow_fallback entity_id=user_engineer_2 as_of=2026-01-02 10:06:00 active_shadow_count=0
2026-08-02 00:29:43,635 [WARNING] point_baseline_shadow_fallback entity_id=user_engineer_2 as_of=2026-01-02 10:07:00 active_shadow_count=0
2026-08-02 00:29:43,650 [WARNING] point_baseline_shadow_fallback entity_id=user_finance_7 as_of=2026-01-02 10:07:00 active_shadow_count=0
2026-08-02 00:29:43,954 [WARNING] point_baseline_shadow_fallback entity_id=user_engineer_0 as_of=2026-01-02 10:08:00 active_shadow_count=0
2026-08-02 00:29:44,312 [WARNING] point_baseline_shadow_fallback entity_id=user_hr_1 as_of=2026-01-02 10:09:00 active_shadow_count=0
2026-08-02 00:29:44,313 [INFO] ANOMALY DETECTED: entity=user_hr_1 score=50.00 conf=0.77
2026-08-02 00:29:44,313 [INFO]   - login_hour_rarity: raw=0.00 score=0.00
2026-08-02 00:29:44,313 [INFO]   - geolocation_rarity: raw=0.00 score=0.00
2026-08-02 00:29:44,313 [INFO]   - endpoint_set_rarity: raw=0.00 score=0.00
2026-08-02 00:29:44,313 [INFO]   - process_name_rarity: raw=0.00 score=0.00
2026-08-02 00:29:44,313 [INFO]   - command_line_embedding_similarity: raw=1.00 score=50.00
2026-08-02 00:29:44,313 [INFO]   - total_volume_delta: raw=3.04 score=0.00
2026-08-02 00:29:44,313 [INFO]   - drift_alert: raw=0.00 score=0.00
2026-08-02 00:29:44,330 [WARNING] point_baseline_shadow_fallback entity_id=user_hr_6 as_of=2026-01-02 10:09:00 active_shadow_count=0
2026-08-02 00:29:44,334 [INFO] ANOMALY DETECTED: entity=user_hr_6 score=50.58 conf=0.71
2026-08-02 00:29:44,334 [INFO]   - login_hour_rarity: raw=0.00 score=0.00
2026-08-02 00:29:44,334 [INFO]   - geolocation_rarity: raw=0.00 score=0.00
2026-08-02 00:29:44,335 [INFO]   - endpoint_set_rarity: raw=0.00 score=0.00
2026-08-02 00:29:44,335 [INFO]   - process_name_rarity: raw=0.39 score=0.58
2026-08-02 00:29:44,335 [INFO]   - command_line_embedding_similarity: raw=1.00 score=50.00
2026-08-02 00:29:44,335 [INFO]   - total_volume_delta: raw=2.77 score=0.00
2026-08-02 00:29:44,335 [INFO]   - drift_alert: raw=0.00 score=0.00
2026-08-02 00:29:44,666 [WARNING] point_baseline_shadow_fallback entity_id=user_engineer_11 as_of=2026-01-02 10:10:00 active_shadow_count=0
2026-08-02 00:29:44,709 [WARNING] point_baseline_shadow_fallback entity_id=user_finance_3 as_of=2026-01-02 10:10:00 active_shadow_count=0
2026-08-02 00:29:47,605 [WARNING] point_baseline_shadow_fallback entity_id=user_hr_12 as_of=2026-01-02 10:16:00 active_shadow_count=0
2026-08-02 00:29:47,916 [WARNING] point_baseline_shadow_fallback entity_id=user_engineer_12 as_of=2026-01-02 10:17:00 active_shadow_count=0
2026-08-02 00:29:47,930 [WARNING] point_baseline_shadow_fallback entity_id=user_finance_3 as_of=2026-01-02 10:17:00 active_shadow_count=0
2026-08-02 00:29:48,507 [WARNING] point_baseline_shadow_fallback entity_id=user_hr_0 as_of=2026-01-02 10:19:00 active_shadow_count=0
2026-08-02 00:29:48,526 [WARNING] point_baseline_shadow_fallback entity_id=user_hr_8 as_of=2026-01-02 10:19:00 active_shadow_count=0
2026-08-02 00:29:49,141 [WARNING] point_baseline_shadow_fallback entity_id=user_finance_2 as_of=2026-01-02 10:21:00 active_shadow_count=0
2026-08-02 00:29:49,465 [WARNING] point_baseline_shadow_fallback entity_id=user_hr_12 as_of=2026-01-02 10:22:00 active_shadow_count=0
2026-08-02 00:29:49,485 [WARNING] point_baseline_shadow_fallback entity_id=user_finance_0 as_of=2026-01-02 10:22:00 active_shadow_count=0
2026-08-02 00:29:49,802 [WARNING] point_baseline_shadow_fallback entity_id=user_engineer_0 as_of=2026-01-02 10:23:00 active_shadow_count=0
2026-08-02 00:29:50,125 [WARNING] point_baseline_shadow_fallback entity_id=user_engineer_2 as_of=2026-01-02 10:24:00 active_shadow_count=0
2026-08-02 00:29:50,139 [WARNING] point_baseline_shadow_fallback entity_id=user_engineer_8 as_of=2026-01-02 10:24:00 active_shadow_count=0
2026-08-02 00:29:50,140 [INFO] ANOMALY DETECTED: entity=user_engineer_8 score=50.01 conf=0.78
2026-08-02 00:29:50,140 [INFO]   - login_hour_rarity: raw=0.00 score=0.00
2026-08-02 00:29:50,140 [INFO]   - geolocation_rarity: raw=0.00 score=0.00
2026-08-02 00:29:50,140 [INFO]   - endpoint_set_rarity: raw=0.00 score=0.00
2026-08-02 00:29:50,140 [INFO]   - process_name_rarity: raw=0.00 score=0.01
2026-08-02 00:29:50,140 [INFO]   - command_line_embedding_similarity: raw=1.00 score=50.00
2026-08-02 00:29:50,140 [INFO]   - total_volume_delta: raw=3.49 score=0.00
2026-08-02 00:29:50,140 [INFO]   - drift_alert: raw=0.00 score=0.00
2026-08-02 00:29:50,164 [WARNING] point_baseline_shadow_fallback entity_id=user_engineer_12 as_of=2026-01-02 10:24:00 active_shadow_count=0
2026-08-02 00:29:50,182 [WARNING] point_baseline_shadow_fallback entity_id=user_finance_3 as_of=2026-01-02 10:24:00 active_shadow_count=0
2026-08-02 00:29:50,490 [WARNING] point_baseline_shadow_fallback entity_id=user_hr_0 as_of=2026-01-02 10:25:00 active_shadow_count=0
2026-08-02 00:29:50,803 [INFO] ANOMALY DETECTED: entity=user_engineer_9 score=50.55 conf=0.72
2026-08-02 00:29:50,803 [INFO]   - login_hour_rarity: raw=0.00 score=0.00
2026-08-02 00:29:50,803 [INFO]   - geolocation_rarity: raw=0.00 score=0.00
2026-08-02 00:29:50,803 [INFO]   - endpoint_set_rarity: raw=0.00 score=0.00
2026-08-02 00:29:50,803 [INFO]   - process_name_rarity: raw=0.36 score=0.55
2026-08-02 00:29:50,803 [INFO]   - command_line_embedding_similarity: raw=1.00 score=50.00
2026-08-02 00:29:50,803 [INFO]   - total_volume_delta: raw=3.54 score=0.00
2026-08-02 00:29:50,803 [INFO]   - drift_alert: raw=0.00 score=0.00
2026-08-02 00:29:51,693 [INFO] ANOMALY DETECTED: entity=user_finance_1 score=50.00 conf=0.73
2026-08-02 00:29:51,693 [INFO]   - login_hour_rarity: raw=0.00 score=0.00
2026-08-02 00:29:51,693 [INFO]   - geolocation_rarity: raw=0.00 score=0.00
2026-08-02 00:29:51,693 [INFO]   - endpoint_set_rarity: raw=0.00 score=0.00
2026-08-02 00:29:51,693 [INFO]   - process_name_rarity: raw=0.00 score=0.00
2026-08-02 00:29:51,693 [INFO]   - command_line_embedding_similarity: raw=1.00 score=50.00
2026-08-02 00:29:51,693 [INFO]   - total_volume_delta: raw=3.13 score=0.00
2026-08-02 00:29:51,693 [INFO]   - drift_alert: raw=0.00 score=0.00
2026-08-02 00:29:51,710 [INFO] ANOMALY DETECTED: entity=user_finance_6 score=50.01 conf=0.78
2026-08-02 00:29:51,710 [INFO]   - login_hour_rarity: raw=0.00 score=0.00
2026-08-02 00:29:51,710 [INFO]   - geolocation_rarity: raw=0.00 score=0.00
2026-08-02 00:29:51,710 [INFO]   - endpoint_set_rarity: raw=0.00 score=0.00
2026-08-02 00:29:51,710 [INFO]   - process_name_rarity: raw=0.01 score=0.01
2026-08-02 00:29:51,710 [INFO]   - command_line_embedding_similarity: raw=1.00 score=50.00
2026-08-02 00:29:51,710 [INFO]   - total_volume_delta: raw=2.65 score=0.00
2026-08-02 00:29:51,710 [INFO]   - drift_alert: raw=0.00 score=0.00
2026-08-02 00:29:52,874 [WARNING] point_baseline_shadow_fallback entity_id=user_finance_6 as_of=2026-01-02 10:30:00 active_shadow_count=0
2026-08-02 00:29:53,419 [WARNING] point_baseline_shadow_fallback entity_id=user_engineer_8 as_of=2026-01-02 10:32:00 active_shadow_count=0
2026-08-02 00:29:53,421 [INFO] ANOMALY DETECTED: entity=user_engineer_8 score=50.01 conf=0.78
2026-08-02 00:29:53,421 [INFO]   - login_hour_rarity: raw=0.00 score=0.00
2026-08-02 00:29:53,421 [INFO]   - geolocation_rarity: raw=0.00 score=0.00
2026-08-02 00:29:53,421 [INFO]   - endpoint_set_rarity: raw=0.00 score=0.00
2026-08-02 00:29:53,421 [INFO]   - process_name_rarity: raw=0.00 score=0.01
2026-08-02 00:29:53,421 [INFO]   - command_line_embedding_similarity: raw=1.00 score=50.00
2026-08-02 00:29:53,421 [INFO]   - total_volume_delta: raw=3.49 score=0.00
2026-08-02 00:29:53,421 [INFO]   - drift_alert: raw=0.00 score=0.00
2026-08-02 00:29:53,436 [WARNING] point_baseline_shadow_fallback entity_id=user_hr_9 as_of=2026-01-02 10:32:00 active_shadow_count=0
2026-08-02 00:29:53,452 [WARNING] point_baseline_shadow_fallback entity_id=user_finance_1 as_of=2026-01-02 10:32:00 active_shadow_count=0
2026-08-02 00:29:53,465 [WARNING] point_baseline_shadow_fallback entity_id=user_finance_7 as_of=2026-01-02 10:32:00 active_shadow_count=0
2026-08-02 00:29:53,772 [WARNING] point_baseline_shadow_fallback entity_id=user_engineer_1 as_of=2026-01-02 10:33:00 active_shadow_count=0
2026-08-02 00:29:53,784 [WARNING] point_baseline_shadow_fallback entity_id=user_engineer_12 as_of=2026-01-02 10:33:00 active_shadow_count=0
2026-08-02 00:29:53,785 [INFO] ANOMALY DETECTED: entity=user_engineer_12 score=50.00 conf=0.74
2026-08-02 00:29:53,785 [INFO]   - login_hour_rarity: raw=0.00 score=0.00
2026-08-02 00:29:53,785 [INFO]   - geolocation_rarity: raw=0.00 score=0.00
2026-08-02 00:29:53,786 [INFO]   - endpoint_set_rarity: raw=0.00 score=0.00
2026-08-02 00:29:53,786 [INFO]   - process_name_rarity: raw=0.00 score=0.00
2026-08-02 00:29:53,786 [INFO]   - command_line_embedding_similarity: raw=1.00 score=50.00
2026-08-02 00:29:53,786 [INFO]   - total_volume_delta: raw=3.62 score=0.00
2026-08-02 00:29:53,786 [INFO]   - drift_alert: raw=0.00 score=0.00
2026-08-02 00:29:54,089 [WARNING] point_baseline_shadow_fallback entity_id=user_hr_8 as_of=2026-01-02 10:34:00 active_shadow_count=0
2026-08-02 00:29:54,101 [WARNING] point_baseline_shadow_fallback entity_id=user_hr_14 as_of=2026-01-02 10:34:00 active_shadow_count=0
2026-08-02 00:29:54,102 [INFO] ANOMALY DETECTED: entity=user_hr_14 score=50.00 conf=0.74
2026-08-02 00:29:54,102 [INFO]   - login_hour_rarity: raw=0.00 score=0.00
2026-08-02 00:29:54,102 [INFO]   - geolocation_rarity: raw=0.00 score=0.00
2026-08-02 00:29:54,102 [INFO]   - endpoint_set_rarity: raw=0.00 score=0.00
2026-08-02 00:29:54,102 [INFO]   - process_name_rarity: raw=0.00 score=0.00
2026-08-02 00:29:54,102 [INFO]   - command_line_embedding_similarity: raw=1.00 score=50.00
2026-08-02 00:29:54,102 [INFO]   - total_volume_delta: raw=4.21 score=0.00
2026-08-02 00:29:54,102 [INFO]   - drift_alert: raw=0.00 score=0.00
2026-08-02 00:29:54,114 [WARNING] point_baseline_shadow_fallback entity_id=user_finance_6 as_of=2026-01-02 10:34:00 active_shadow_count=0
2026-08-02 00:29:54,885 [WARNING] point_baseline_shadow_fallback entity_id=user_engineer_1 as_of=2026-01-02 10:37:00 active_shadow_count=0
2026-08-02 00:29:54,900 [WARNING] point_baseline_shadow_fallback entity_id=user_engineer_9 as_of=2026-01-02 10:37:00 active_shadow_count=0
2026-08-02 00:29:54,901 [INFO] ANOMALY DETECTED: entity=user_engineer_9 score=50.55 conf=0.72
2026-08-02 00:29:54,901 [INFO]   - login_hour_rarity: raw=0.00 score=0.00
2026-08-02 00:29:54,901 [INFO]   - geolocation_rarity: raw=0.00 score=0.00
2026-08-02 00:29:54,901 [INFO]   - endpoint_set_rarity: raw=0.00 score=0.00
2026-08-02 00:29:54,901 [INFO]   - process_name_rarity: raw=0.36 score=0.55
2026-08-02 00:29:54,901 [INFO]   - command_line_embedding_similarity: raw=1.00 score=50.00
2026-08-02 00:29:54,901 [INFO]   - total_volume_delta: raw=3.54 score=0.00
2026-08-02 00:29:54,901 [INFO]   - drift_alert: raw=0.00 score=0.00
2026-08-02 00:29:55,170 [WARNING] point_baseline_shadow_fallback entity_id=user_engineer_1 as_of=2026-01-02 10:38:00 active_shadow_count=0
2026-08-02 00:29:55,183 [WARNING] point_baseline_shadow_fallback entity_id=user_hr_13 as_of=2026-01-02 10:38:00 active_shadow_count=0
2026-08-02 00:29:55,194 [WARNING] point_baseline_shadow_fallback entity_id=user_hr_14 as_of=2026-01-02 10:38:00 active_shadow_count=0
2026-08-02 00:29:55,205 [WARNING] point_baseline_shadow_fallback entity_id=user_finance_1 as_of=2026-01-02 10:38:00 active_shadow_count=0
2026-08-02 00:29:55,217 [WARNING] point_baseline_shadow_fallback entity_id=user_finance_6 as_of=2026-01-02 10:38:00 active_shadow_count=0
2026-08-02 00:29:56,038 [WARNING] point_baseline_shadow_fallback entity_id=user_finance_7 as_of=2026-01-02 10:41:00 active_shadow_count=0
2026-08-02 00:29:56,578 [WARNING] point_baseline_shadow_fallback entity_id=user_engineer_12 as_of=2026-01-02 10:43:00 active_shadow_count=0
2026-08-02 00:29:56,579 [INFO] ANOMALY DETECTED: entity=user_engineer_12 score=50.00 conf=0.74
2026-08-02 00:29:56,579 [INFO]   - login_hour_rarity: raw=0.00 score=0.00
2026-08-02 00:29:56,579 [INFO]   - geolocation_rarity: raw=0.00 score=0.00
2026-08-02 00:29:56,579 [INFO]   - endpoint_set_rarity: raw=0.00 score=0.00
2026-08-02 00:29:56,579 [INFO]   - process_name_rarity: raw=0.00 score=0.00
2026-08-02 00:29:56,579 [INFO]   - command_line_embedding_similarity: raw=1.00 score=50.00
2026-08-02 00:29:56,579 [INFO]   - total_volume_delta: raw=3.62 score=0.00
2026-08-02 00:29:56,579 [INFO]   - drift_alert: raw=0.00 score=0.00
2026-08-02 00:29:56,593 [WARNING] point_baseline_shadow_fallback entity_id=user_hr_2 as_of=2026-01-02 10:43:00 active_shadow_count=0
2026-08-02 00:29:56,606 [WARNING] point_baseline_shadow_fallback entity_id=user_finance_0 as_of=2026-01-02 10:43:00 active_shadow_count=0
2026-08-02 00:29:56,619 [WARNING] point_baseline_shadow_fallback entity_id=user_finance_7 as_of=2026-01-02 10:43:00 active_shadow_count=0
2026-08-02 00:29:57,206 [WARNING] point_baseline_shadow_fallback entity_id=user_hr_0 as_of=2026-01-02 10:44:00 active_shadow_count=0
2026-08-02 00:29:57,726 [INFO] ANOMALY DETECTED: entity=user_finance_8 score=50.00 conf=0.72
2026-08-02 00:29:57,727 [INFO]   - login_hour_rarity: raw=0.00 score=0.00
2026-08-02 00:29:57,727 [INFO]   - geolocation_rarity: raw=0.00 score=0.00
2026-08-02 00:29:57,727 [INFO]   - endpoint_set_rarity: raw=0.00 score=0.00
2026-08-02 00:29:57,727 [INFO]   - process_name_rarity: raw=0.00 score=0.00
2026-08-02 00:29:57,727 [INFO]   - command_line_embedding_similarity: raw=1.00 score=50.00
2026-08-02 00:29:57,727 [INFO]   - total_volume_delta: raw=3.54 score=0.00
2026-08-02 00:29:57,727 [INFO]   - drift_alert: raw=0.00 score=0.00
2026-08-02 00:29:58,006 [WARNING] point_baseline_shadow_fallback entity_id=user_engineer_12 as_of=2026-01-02 10:47:00 active_shadow_count=0
2026-08-02 00:29:58,007 [INFO] ANOMALY DETECTED: entity=user_engineer_12 score=50.00 conf=0.74
2026-08-02 00:29:58,007 [INFO]   - login_hour_rarity: raw=0.00 score=0.00
2026-08-02 00:29:58,007 [INFO]   - geolocation_rarity: raw=0.00 score=0.00
2026-08-02 00:29:58,007 [INFO]   - endpoint_set_rarity: raw=0.00 score=0.00
2026-08-02 00:29:58,007 [INFO]   - process_name_rarity: raw=0.00 score=0.00
2026-08-02 00:29:58,007 [INFO]   - command_line_embedding_similarity: raw=1.00 score=50.00
2026-08-02 00:29:58,007 [INFO]   - total_volume_delta: raw=3.62 score=0.00
2026-08-02 00:29:58,007 [INFO]   - drift_alert: raw=0.00 score=0.00
2026-08-02 00:29:58,020 [WARNING] point_baseline_shadow_fallback entity_id=user_finance_8 as_of=2026-01-02 10:47:00 active_shadow_count=0
2026-08-02 00:29:58,021 [INFO] ANOMALY DETECTED: entity=user_finance_8 score=50.00 conf=0.72
2026-08-02 00:29:58,021 [INFO]   - login_hour_rarity: raw=0.00 score=0.00
2026-08-02 00:29:58,021 [INFO]   - geolocation_rarity: raw=0.00 score=0.00
2026-08-02 00:29:58,021 [INFO]   - endpoint_set_rarity: raw=0.00 score=0.00
2026-08-02 00:29:58,021 [INFO]   - process_name_rarity: raw=0.00 score=0.00
2026-08-02 00:29:58,021 [INFO]   - command_line_embedding_similarity: raw=1.00 score=50.00
2026-08-02 00:29:58,021 [INFO]   - total_volume_delta: raw=3.54 score=0.00
2026-08-02 00:29:58,021 [INFO]   - drift_alert: raw=0.00 score=0.00
2026-08-02 00:29:58,293 [WARNING] point_baseline_shadow_fallback entity_id=user_hr_13 as_of=2026-01-02 10:48:00 active_shadow_count=0
2026-08-02 00:29:58,823 [WARNING] point_baseline_shadow_fallback entity_id=user_engineer_1 as_of=2026-01-02 10:50:00 active_shadow_count=0
2026-08-02 00:29:58,835 [WARNING] point_baseline_shadow_fallback entity_id=user_hr_2 as_of=2026-01-02 10:50:00 active_shadow_count=0
2026-08-02 00:29:59,117 [WARNING] point_baseline_shadow_fallback entity_id=user_engineer_4 as_of=2026-01-02 10:51:00 active_shadow_count=0
2026-08-02 00:29:59,393 [WARNING] point_baseline_shadow_fallback entity_id=user_engineer_1 as_of=2026-01-02 10:52:00 active_shadow_count=0
2026-08-02 00:29:59,394 [INFO] ANOMALY DETECTED: entity=user_engineer_1 score=50.55 conf=0.66
2026-08-02 00:29:59,394 [INFO]   - login_hour_rarity: raw=0.00 score=0.00
2026-08-02 00:29:59,394 [INFO]   - geolocation_rarity: raw=0.00 score=0.00
2026-08-02 00:29:59,394 [INFO]   - endpoint_set_rarity: raw=0.00 score=0.00
2026-08-02 00:29:59,394 [INFO]   - process_name_rarity: raw=0.36 score=0.55
2026-08-02 00:29:59,394 [INFO]   - command_line_embedding_similarity: raw=1.00 score=50.00
2026-08-02 00:29:59,394 [INFO]   - total_volume_delta: raw=3.75 score=0.00
2026-08-02 00:29:59,394 [INFO]   - drift_alert: raw=0.00 score=0.00
2026-08-02 00:29:59,407 [WARNING] point_baseline_shadow_fallback entity_id=user_engineer_4 as_of=2026-01-02 10:52:00 active_shadow_count=0
2026-08-02 00:29:59,408 [INFO] ANOMALY DETECTED: entity=user_engineer_4 score=50.00 conf=0.71
2026-08-02 00:29:59,408 [INFO]   - login_hour_rarity: raw=0.00 score=0.00
2026-08-02 00:29:59,408 [INFO]   - geolocation_rarity: raw=0.00 score=0.00
2026-08-02 00:29:59,408 [INFO]   - endpoint_set_rarity: raw=0.00 score=0.00
2026-08-02 00:29:59,408 [INFO]   - process_name_rarity: raw=0.00 score=0.00
2026-08-02 00:29:59,408 [INFO]   - command_line_embedding_similarity: raw=1.00 score=50.00
2026-08-02 00:29:59,408 [INFO]   - total_volume_delta: raw=2.15 score=0.00
2026-08-02 00:29:59,409 [INFO]   - drift_alert: raw=0.00 score=0.00
2026-08-02 00:30:00,195 [WARNING] point_baseline_shadow_fallback entity_id=user_engineer_5 as_of=2026-01-02 10:55:00 active_shadow_count=0
2026-08-02 00:30:00,219 [WARNING] point_baseline_shadow_fallback entity_id=user_hr_13 as_of=2026-01-02 10:55:00 active_shadow_count=0
2026-08-02 00:30:00,499 [WARNING] point_baseline_shadow_fallback entity_id=user_hr_7 as_of=2026-01-02 10:56:00 active_shadow_count=0
2026-08-02 00:30:00,511 [WARNING] point_baseline_shadow_fallback entity_id=user_hr_8 as_of=2026-01-02 10:56:00 active_shadow_count=0
2026-08-02 00:30:00,533 [WARNING] point_baseline_shadow_fallback entity_id=user_finance_7 as_of=2026-01-02 10:56:00 active_shadow_count=0
2026-08-02 00:30:00,811 [WARNING] point_baseline_shadow_fallback entity_id=user_finance_7 as_of=2026-01-02 10:57:00 active_shadow_count=0
2026-08-02 00:30:01,078 [WARNING] point_baseline_shadow_fallback entity_id=user_engineer_5 as_of=2026-01-02 10:58:00 active_shadow_count=0
2026-08-02 00:30:01,092 [WARNING] point_baseline_shadow_fallback entity_id=user_hr_6 as_of=2026-01-02 10:58:00 active_shadow_count=0
2026-08-02 00:30:01,104 [WARNING] point_baseline_shadow_fallback entity_id=user_hr_9 as_of=2026-01-02 10:58:00 active_shadow_count=0
2026-08-02 00:30:01,128 [WARNING] point_baseline_shadow_fallback entity_id=user_finance_6 as_of=2026-01-02 10:58:00 active_shadow_count=0
2026-08-02 00:30:01,653 [WARNING] point_baseline_shadow_fallback entity_id=user_hr_7 as_of=2026-01-02 11:00:00 active_shadow_count=0
2026-08-02 00:30:01,654 [INFO] ANOMALY DETECTED: entity=user_hr_7 score=50.00 conf=0.76
2026-08-02 00:30:01,654 [INFO]   - login_hour_rarity: raw=0.00 score=0.00
2026-08-02 00:30:01,654 [INFO]   - geolocation_rarity: raw=0.00 score=0.00
2026-08-02 00:30:01,654 [INFO]   - endpoint_set_rarity: raw=0.00 score=0.00
2026-08-02 00:30:01,654 [INFO]   - process_name_rarity: raw=0.00 score=0.00
2026-08-02 00:30:01,654 [INFO]   - command_line_embedding_similarity: raw=1.00 score=50.00
2026-08-02 00:30:01,654 [INFO]   - total_volume_delta: raw=3.04 score=0.00
2026-08-02 00:30:01,654 [INFO]   - drift_alert: raw=0.00 score=0.00
2026-08-02 00:30:01,948 [WARNING] point_baseline_shadow_fallback entity_id=user_hr_1 as_of=2026-01-02 11:01:00 active_shadow_count=0
2026-08-02 00:30:03,815 [WARNING] point_baseline_shadow_fallback entity_id=user_engineer_5 as_of=2026-01-02 11:03:00 active_shadow_count=0
2026-08-02 00:30:04,083 [WARNING] point_baseline_shadow_fallback entity_id=user_engineer_5 as_of=2026-01-02 11:04:00 active_shadow_count=0
2026-08-02 00:30:04,138 [WARNING] point_baseline_shadow_fallback entity_id=user_engineer_11 as_of=2026-01-02 11:04:00 active_shadow_count=0
2026-08-02 00:30:04,151 [WARNING] point_baseline_shadow_fallback entity_id=user_hr_6 as_of=2026-01-02 11:04:00 active_shadow_count=0
2026-08-02 00:30:04,155 [INFO] ANOMALY DETECTED: entity=user_hr_6 score=50.58 conf=0.71
2026-08-02 00:30:04,155 [INFO]   - login_hour_rarity: raw=0.00 score=0.00
2026-08-02 00:30:04,155 [INFO]   - geolocation_rarity: raw=0.00 score=0.00
2026-08-02 00:30:04,156 [INFO]   - endpoint_set_rarity: raw=0.00 score=0.00
2026-08-02 00:30:04,156 [INFO]   - process_name_rarity: raw=0.39 score=0.58
2026-08-02 00:30:04,156 [INFO]   - command_line_embedding_similarity: raw=1.00 score=50.00
2026-08-02 00:30:04,156 [INFO]   - total_volume_delta: raw=2.77 score=0.00
2026-08-02 00:30:04,156 [INFO]   - drift_alert: raw=0.00 score=0.00
2026-08-02 00:30:04,821 [WARNING] point_baseline_shadow_fallback entity_id=user_engineer_0 as_of=2026-01-02 11:06:00 active_shadow_count=0
2026-08-02 00:30:04,844 [WARNING] point_baseline_shadow_fallback entity_id=user_engineer_11 as_of=2026-01-02 11:06:00 active_shadow_count=0
2026-08-02 00:30:04,867 [WARNING] point_baseline_shadow_fallback entity_id=user_hr_2 as_of=2026-01-02 11:06:00 active_shadow_count=0
2026-08-02 00:30:04,868 [INFO] ANOMALY DETECTED: entity=user_hr_2 score=50.58 conf=0.68
2026-08-02 00:30:04,868 [INFO]   - login_hour_rarity: raw=0.00 score=0.00
2026-08-02 00:30:04,868 [INFO]   - geolocation_rarity: raw=0.00 score=0.00
2026-08-02 00:30:04,868 [INFO]   - endpoint_set_rarity: raw=0.00 score=0.00
2026-08-02 00:30:04,868 [INFO]   - process_name_rarity: raw=0.39 score=0.58
2026-08-02 00:30:04,868 [INFO]   - command_line_embedding_similarity: raw=1.00 score=50.00
2026-08-02 00:30:04,868 [INFO]   - total_volume_delta: raw=2.86 score=0.00
2026-08-02 00:30:04,868 [INFO]   - drift_alert: raw=0.00 score=0.00
2026-08-02 00:30:04,880 [WARNING] point_baseline_shadow_fallback entity_id=user_finance_0 as_of=2026-01-02 11:06:00 active_shadow_count=0
2026-08-02 00:30:05,386 [WARNING] point_baseline_shadow_fallback entity_id=user_hr_7 as_of=2026-01-02 11:08:00 active_shadow_count=0
2026-08-02 00:30:05,657 [WARNING] point_baseline_shadow_fallback entity_id=user_hr_2 as_of=2026-01-02 11:09:00 active_shadow_count=0
2026-08-02 00:30:05,670 [WARNING] point_baseline_shadow_fallback entity_id=user_finance_1 as_of=2026-01-02 11:09:00 active_shadow_count=0
2026-08-02 00:30:05,931 [WARNING] point_baseline_shadow_fallback entity_id=user_hr_6 as_of=2026-01-02 11:10:00 active_shadow_count=0
2026-08-02 00:30:05,942 [WARNING] point_baseline_shadow_fallback entity_id=user_hr_14 as_of=2026-01-02 11:10:00 active_shadow_count=0
2026-08-02 00:30:05,943 [INFO] ANOMALY DETECTED: entity=user_hr_14 score=50.00 conf=0.74
2026-08-02 00:30:05,943 [INFO]   - login_hour_rarity: raw=0.00 score=0.00
2026-08-02 00:30:05,943 [INFO]   - geolocation_rarity: raw=0.00 score=0.00
2026-08-02 00:30:05,943 [INFO]   - endpoint_set_rarity: raw=0.00 score=0.00
2026-08-02 00:30:05,943 [INFO]   - process_name_rarity: raw=0.00 score=0.00
2026-08-02 00:30:05,943 [INFO]   - command_line_embedding_similarity: raw=1.00 score=50.00
2026-08-02 00:30:05,943 [INFO]   - total_volume_delta: raw=4.21 score=0.00
2026-08-02 00:30:05,943 [INFO]   - drift_alert: raw=0.00 score=0.00
2026-08-02 00:30:05,955 [WARNING] point_baseline_shadow_fallback entity_id=user_finance_7 as_of=2026-01-02 11:10:00 active_shadow_count=0
2026-08-02 00:30:06,218 [WARNING] point_baseline_shadow_fallback entity_id=user_hr_6 as_of=2026-01-02 11:11:00 active_shadow_count=0
2026-08-02 00:30:06,229 [WARNING] point_baseline_shadow_fallback entity_id=user_finance_7 as_of=2026-01-02 11:11:00 active_shadow_count=0
2026-08-02 00:30:06,500 [WARNING] point_baseline_shadow_fallback entity_id=user_engineer_2 as_of=2026-01-02 11:12:00 active_shadow_count=0
2026-08-02 00:30:06,504 [INFO] ANOMALY DETECTED: entity=user_engineer_2 score=50.55 conf=0.68
2026-08-02 00:30:06,504 [INFO]   - login_hour_rarity: raw=0.00 score=0.00
2026-08-02 00:30:06,504 [INFO]   - geolocation_rarity: raw=0.00 score=0.00
2026-08-02 00:30:06,505 [INFO]   - endpoint_set_rarity: raw=0.00 score=0.00
2026-08-02 00:30:06,505 [INFO]   - process_name_rarity: raw=0.36 score=0.55
2026-08-02 00:30:06,505 [INFO]   - command_line_embedding_similarity: raw=1.00 score=50.00
2026-08-02 00:30:06,505 [INFO]   - total_volume_delta: raw=2.54 score=0.00
2026-08-02 00:30:06,505 [INFO]   - drift_alert: raw=0.00 score=0.00
2026-08-02 00:30:06,517 [INFO] ANOMALY DETECTED: entity=user_hr_5 score=50.58 conf=0.71
2026-08-02 00:30:06,517 [INFO]   - login_hour_rarity: raw=0.00 score=0.00
2026-08-02 00:30:06,517 [INFO]   - geolocation_rarity: raw=0.00 score=0.00
2026-08-02 00:30:06,517 [INFO]   - endpoint_set_rarity: raw=0.00 score=0.00
2026-08-02 00:30:06,517 [INFO]   - process_name_rarity: raw=0.39 score=0.58
2026-08-02 00:30:06,517 [INFO]   - command_line_embedding_similarity: raw=1.00 score=50.00
2026-08-02 00:30:06,517 [INFO]   - total_volume_delta: raw=3.46 score=0.00
2026-08-02 00:30:06,517 [INFO]   - drift_alert: raw=0.00 score=0.00
2026-08-02 00:30:06,786 [WARNING] point_baseline_shadow_fallback entity_id=user_finance_6 as_of=2026-01-02 11:13:00 active_shadow_count=0
2026-08-02 00:30:07,078 [INFO] ANOMALY DETECTED: entity=user_finance_14 score=50.59 conf=0.72
2026-08-02 00:30:07,078 [INFO]   - login_hour_rarity: raw=0.00 score=0.00
2026-08-02 00:30:07,078 [INFO]   - geolocation_rarity: raw=0.00 score=0.00
2026-08-02 00:30:07,078 [INFO]   - endpoint_set_rarity: raw=0.00 score=0.00
2026-08-02 00:30:07,078 [INFO]   - process_name_rarity: raw=0.39 score=0.59
2026-08-02 00:30:07,078 [INFO]   - command_line_embedding_similarity: raw=1.00 score=50.00
2026-08-02 00:30:07,078 [INFO]   - total_volume_delta: raw=3.54 score=0.00
2026-08-02 00:30:07,078 [INFO]   - drift_alert: raw=0.00 score=0.00
2026-08-02 00:30:09,163 [WARNING] point_baseline_shadow_fallback entity_id=user_hr_14 as_of=2026-01-02 11:16:00 active_shadow_count=0
2026-08-02 00:30:09,439 [WARNING] point_baseline_shadow_fallback entity_id=user_engineer_0 as_of=2026-01-02 11:17:00 active_shadow_count=0
2026-08-02 00:30:09,451 [WARNING] point_baseline_shadow_fallback entity_id=user_engineer_4 as_of=2026-01-02 11:17:00 active_shadow_count=0
2026-08-02 00:30:09,462 [WARNING] point_baseline_shadow_fallback entity_id=user_finance_2 as_of=2026-01-02 11:17:00 active_shadow_count=0
2026-08-02 00:30:09,728 [WARNING] point_baseline_shadow_fallback entity_id=user_finance_0 as_of=2026-01-02 11:18:00 active_shadow_count=0
2026-08-02 00:30:09,729 [INFO] ANOMALY DETECTED: entity=user_finance_0 score=50.59 conf=0.70
2026-08-02 00:30:09,729 [INFO]   - login_hour_rarity: raw=0.00 score=0.00
2026-08-02 00:30:09,729 [INFO]   - geolocation_rarity: raw=0.00 score=0.00
2026-08-02 00:30:09,729 [INFO]   - endpoint_set_rarity: raw=0.00 score=0.00
2026-08-02 00:30:09,729 [INFO]   - process_name_rarity: raw=0.39 score=0.59
2026-08-02 00:30:09,729 [INFO]   - command_line_embedding_similarity: raw=1.00 score=50.00
2026-08-02 00:30:09,729 [INFO]   - total_volume_delta: raw=2.63 score=0.00
2026-08-02 00:30:09,729 [INFO]   - drift_alert: raw=0.00 score=0.00
2026-08-02 00:30:09,752 [WARNING] point_baseline_shadow_fallback entity_id=user_finance_14 as_of=2026-01-02 11:18:00 active_shadow_count=0
2026-08-02 00:30:10,279 [WARNING] point_baseline_shadow_fallback entity_id=user_engineer_4 as_of=2026-01-02 11:20:00 active_shadow_count=0
2026-08-02 00:30:10,292 [WARNING] point_baseline_shadow_fallback entity_id=user_engineer_5 as_of=2026-01-02 11:20:00 active_shadow_count=0
2026-08-02 00:30:11,150 [WARNING] point_baseline_shadow_fallback entity_id=user_engineer_8 as_of=2026-01-02 11:23:00 active_shadow_count=0
2026-08-02 00:30:11,162 [WARNING] point_baseline_shadow_fallback entity_id=user_hr_2 as_of=2026-01-02 11:23:00 active_shadow_count=0
2026-08-02 00:30:11,174 [WARNING] point_baseline_shadow_fallback entity_id=user_hr_12 as_of=2026-01-02 11:23:00 active_shadow_count=0
2026-08-02 00:30:11,175 [INFO] ANOMALY DETECTED: entity=user_hr_12 score=50.00 conf=0.74
2026-08-02 00:30:11,175 [INFO]   - login_hour_rarity: raw=0.00 score=0.00
2026-08-02 00:30:11,175 [INFO]   - geolocation_rarity: raw=0.00 score=0.00
2026-08-02 00:30:11,175 [INFO]   - endpoint_set_rarity: raw=0.00 score=0.00
2026-08-02 00:30:11,175 [INFO]   - process_name_rarity: raw=0.00 score=0.00
2026-08-02 00:30:11,175 [INFO]   - command_line_embedding_similarity: raw=1.00 score=50.00
2026-08-02 00:30:11,175 [INFO]   - total_volume_delta: raw=4.21 score=0.00
2026-08-02 00:30:11,175 [INFO]   - drift_alert: raw=0.00 score=0.00
2026-08-02 00:30:11,723 [WARNING] point_baseline_shadow_fallback entity_id=user_engineer_0 as_of=2026-01-02 11:25:00 active_shadow_count=0
2026-08-02 00:30:11,724 [INFO] ANOMALY DETECTED: entity=user_engineer_0 score=50.55 conf=0.67
2026-08-02 00:30:11,724 [INFO]   - login_hour_rarity: raw=0.00 score=0.00
2026-08-02 00:30:11,724 [INFO]   - geolocation_rarity: raw=0.00 score=0.00
2026-08-02 00:30:11,724 [INFO]   - endpoint_set_rarity: raw=0.00 score=0.00
2026-08-02 00:30:11,724 [INFO]   - process_name_rarity: raw=0.36 score=0.55
2026-08-02 00:30:11,724 [INFO]   - command_line_embedding_similarity: raw=1.00 score=50.00
2026-08-02 00:30:11,724 [INFO]   - total_volume_delta: raw=3.86 score=0.00
2026-08-02 00:30:11,724 [INFO]   - drift_alert: raw=0.00 score=0.00
2026-08-02 00:30:11,736 [WARNING] point_baseline_shadow_fallback entity_id=user_engineer_7 as_of=2026-01-02 11:25:00 active_shadow_count=0
2026-08-02 00:30:11,737 [INFO] ANOMALY DETECTED: entity=user_engineer_7 score=50.00 conf=0.74
2026-08-02 00:30:11,737 [INFO]   - login_hour_rarity: raw=0.00 score=0.00
2026-08-02 00:30:11,737 [INFO]   - geolocation_rarity: raw=0.00 score=0.00
2026-08-02 00:30:11,737 [INFO]   - endpoint_set_rarity: raw=0.00 score=0.00
2026-08-02 00:30:11,737 [INFO]   - process_name_rarity: raw=0.00 score=0.00
2026-08-02 00:30:11,737 [INFO]   - command_line_embedding_similarity: raw=1.00 score=50.00
2026-08-02 00:30:11,737 [INFO]   - total_volume_delta: raw=2.85 score=0.00
2026-08-02 00:30:11,737 [INFO]   - drift_alert: raw=0.00 score=0.00
2026-08-02 00:30:11,997 [WARNING] point_baseline_shadow_fallback entity_id=user_engineer_12 as_of=2026-01-02 11:26:00 active_shadow_count=0
2026-08-02 00:30:12,011 [WARNING] point_baseline_shadow_fallback entity_id=user_hr_5 as_of=2026-01-02 11:26:00 active_shadow_count=0
2026-08-02 00:30:12,023 [WARNING] point_baseline_shadow_fallback entity_id=user_finance_1 as_of=2026-01-02 11:26:00 active_shadow_count=0
2026-08-02 00:30:12,035 [INFO] ANOMALY DETECTED: entity=user_finance_10 score=50.00 conf=0.74
2026-08-02 00:30:12,035 [INFO]   - login_hour_rarity: raw=0.00 score=0.00
2026-08-02 00:30:12,035 [INFO]   - geolocation_rarity: raw=0.00 score=0.00
2026-08-02 00:30:12,035 [INFO]   - endpoint_set_rarity: raw=0.00 score=0.00
2026-08-02 00:30:12,035 [INFO]   - process_name_rarity: raw=0.00 score=0.00
2026-08-02 00:30:12,035 [INFO]   - command_line_embedding_similarity: raw=1.00 score=50.00
2026-08-02 00:30:12,035 [INFO]   - total_volume_delta: raw=2.85 score=0.00
2026-08-02 00:30:12,035 [INFO]   - drift_alert: raw=0.00 score=0.00
2026-08-02 00:30:12,573 [INFO] ANOMALY DETECTED: entity=user_finance_5 score=50.00 conf=0.71
2026-08-02 00:30:12,574 [INFO]   - login_hour_rarity: raw=0.00 score=0.00
2026-08-02 00:30:12,574 [INFO]   - geolocation_rarity: raw=0.00 score=0.00
2026-08-02 00:30:12,574 [INFO]   - endpoint_set_rarity: raw=0.00 score=0.00
2026-08-02 00:30:12,574 [INFO]   - process_name_rarity: raw=0.00 score=0.00
2026-08-02 00:30:12,574 [INFO]   - command_line_embedding_similarity: raw=1.00 score=50.00
2026-08-02 00:30:12,574 [INFO]   - total_volume_delta: raw=4.04 score=0.00
2026-08-02 00:30:12,574 [INFO]   - drift_alert: raw=0.00 score=0.00
2026-08-02 00:30:12,845 [WARNING] point_baseline_shadow_fallback entity_id=user_engineer_12 as_of=2026-01-02 11:29:00 active_shadow_count=0
2026-08-02 00:30:12,857 [WARNING] point_baseline_shadow_fallback entity_id=user_hr_2 as_of=2026-01-02 11:29:00 active_shadow_count=0
2026-08-02 00:30:12,880 [WARNING] point_baseline_shadow_fallback entity_id=user_hr_13 as_of=2026-01-02 11:29:00 active_shadow_count=0
2026-08-02 00:30:12,892 [WARNING] point_baseline_shadow_fallback entity_id=user_finance_6 as_of=2026-01-02 11:29:00 active_shadow_count=0
2026-08-02 00:30:14,627 [WARNING] point_baseline_shadow_fallback entity_id=user_finance_5 as_of=2026-01-02 11:30:00 active_shadow_count=0
2026-08-02 00:30:14,893 [WARNING] point_baseline_shadow_fallback entity_id=user_engineer_8 as_of=2026-01-02 11:31:00 active_shadow_count=0
2026-08-02 00:30:14,916 [INFO] ANOMALY DETECTED: entity=user_finance_9 score=50.01 conf=0.78
2026-08-02 00:30:14,916 [INFO]   - login_hour_rarity: raw=0.00 score=0.00
2026-08-02 00:30:14,916 [INFO]   - geolocation_rarity: raw=0.00 score=0.00
2026-08-02 00:30:14,916 [INFO]   - endpoint_set_rarity: raw=0.00 score=0.00
2026-08-02 00:30:14,916 [INFO]   - process_name_rarity: raw=0.01 score=0.01
2026-08-02 00:30:14,916 [INFO]   - command_line_embedding_similarity: raw=1.00 score=50.00
2026-08-02 00:30:14,916 [INFO]   - total_volume_delta: raw=3.46 score=0.00
2026-08-02 00:30:14,916 [INFO]   - drift_alert: raw=0.00 score=0.00
2026-08-02 00:30:15,188 [WARNING] point_baseline_shadow_fallback entity_id=user_engineer_1 as_of=2026-01-02 11:32:00 active_shadow_count=0
2026-08-02 00:30:15,189 [INFO] ANOMALY DETECTED: entity=user_engineer_1 score=50.55 conf=0.66
2026-08-02 00:30:15,189 [INFO]   - login_hour_rarity: raw=0.00 score=0.00
2026-08-02 00:30:15,189 [INFO]   - geolocation_rarity: raw=0.00 score=0.00
2026-08-02 00:30:15,189 [INFO]   - endpoint_set_rarity: raw=0.00 score=0.00
2026-08-02 00:30:15,189 [INFO]   - process_name_rarity: raw=0.36 score=0.55
2026-08-02 00:30:15,190 [INFO]   - command_line_embedding_similarity: raw=1.00 score=50.00
2026-08-02 00:30:15,190 [INFO]   - total_volume_delta: raw=3.75 score=0.00
2026-08-02 00:30:15,190 [INFO]   - drift_alert: raw=0.00 score=0.00
2026-08-02 00:30:15,201 [WARNING] point_baseline_shadow_fallback entity_id=user_hr_5 as_of=2026-01-02 11:32:00 active_shadow_count=0
2026-08-02 00:30:15,213 [WARNING] point_baseline_shadow_fallback entity_id=user_hr_13 as_of=2026-01-02 11:32:00 active_shadow_count=0
2026-08-02 00:30:15,225 [INFO] ANOMALY DETECTED: entity=user_finance_4 score=50.00 conf=0.73
2026-08-02 00:30:15,225 [INFO]   - login_hour_rarity: raw=0.00 score=0.00
2026-08-02 00:30:15,225 [INFO]   - geolocation_rarity: raw=0.00 score=0.00
2026-08-02 00:30:15,225 [INFO]   - endpoint_set_rarity: raw=0.00 score=0.00
2026-08-02 00:30:15,225 [INFO]   - process_name_rarity: raw=0.00 score=0.00
2026-08-02 00:30:15,225 [INFO]   - command_line_embedding_similarity: raw=1.00 score=50.00
2026-08-02 00:30:15,225 [INFO]   - total_volume_delta: raw=2.85 score=0.00
2026-08-02 00:30:15,225 [INFO]   - drift_alert: raw=0.00 score=0.00
2026-08-02 00:30:15,490 [WARNING] point_baseline_shadow_fallback entity_id=user_finance_8 as_of=2026-01-02 11:33:00 active_shadow_count=0
2026-08-02 00:30:15,491 [INFO] ANOMALY DETECTED: entity=user_finance_8 score=50.00 conf=0.72
2026-08-02 00:30:15,491 [INFO]   - login_hour_rarity: raw=0.00 score=0.00
2026-08-02 00:30:15,491 [INFO]   - geolocation_rarity: raw=0.00 score=0.00
2026-08-02 00:30:15,491 [INFO]   - endpoint_set_rarity: raw=0.00 score=0.00
2026-08-02 00:30:15,491 [INFO]   - process_name_rarity: raw=0.00 score=0.00
2026-08-02 00:30:15,491 [INFO]   - command_line_embedding_similarity: raw=1.00 score=50.00
2026-08-02 00:30:15,491 [INFO]   - total_volume_delta: raw=3.54 score=0.00
2026-08-02 00:30:15,491 [INFO]   - drift_alert: raw=0.00 score=0.00
2026-08-02 00:30:16,002 [WARNING] point_baseline_shadow_fallback entity_id=user_finance_5 as_of=2026-01-02 11:35:00 active_shadow_count=0
2026-08-02 00:30:16,015 [WARNING] point_baseline_shadow_fallback entity_id=user_finance_10 as_of=2026-01-02 11:35:00 active_shadow_count=0
2026-08-02 00:30:16,532 [WARNING] point_baseline_shadow_fallback entity_id=user_finance_2 as_of=2026-01-02 11:37:00 active_shadow_count=0
2026-08-02 00:30:16,549 [INFO] ANOMALY DETECTED: entity=user_finance_12 score=50.00 conf=0.71
2026-08-02 00:30:16,549 [INFO]   - login_hour_rarity: raw=0.00 score=0.00
2026-08-02 00:30:16,549 [INFO]   - geolocation_rarity: raw=0.00 score=0.00
2026-08-02 00:30:16,549 [INFO]   - endpoint_set_rarity: raw=0.00 score=0.00
2026-08-02 00:30:16,549 [INFO]   - process_name_rarity: raw=0.00 score=0.00
2026-08-02 00:30:16,549 [INFO]   - command_line_embedding_similarity: raw=1.00 score=50.00
2026-08-02 00:30:16,549 [INFO]   - total_volume_delta: raw=2.24 score=0.00
2026-08-02 00:30:16,549 [INFO]   - drift_alert: raw=0.00 score=0.00
2026-08-02 00:30:16,809 [WARNING] point_baseline_shadow_fallback entity_id=user_hr_6 as_of=2026-01-02 11:38:00 active_shadow_count=0
2026-08-02 00:30:17,092 [WARNING] point_baseline_shadow_fallback entity_id=user_hr_14 as_of=2026-01-02 11:39:00 active_shadow_count=0
2026-08-02 00:30:17,104 [WARNING] point_baseline_shadow_fallback entity_id=user_finance_3 as_of=2026-01-02 11:39:00 active_shadow_count=0
2026-08-02 00:30:17,116 [WARNING] point_baseline_shadow_fallback entity_id=user_finance_5 as_of=2026-01-02 11:39:00 active_shadow_count=0
2026-08-02 00:30:17,389 [WARNING] point_baseline_shadow_fallback entity_id=user_hr_7 as_of=2026-01-02 11:40:00 active_shadow_count=0
2026-08-02 00:30:17,403 [WARNING] point_baseline_shadow_fallback entity_id=user_finance_6 as_of=2026-01-02 11:40:00 active_shadow_count=0
2026-08-02 00:30:17,704 [WARNING] point_baseline_shadow_fallback entity_id=user_hr_2 as_of=2026-01-02 11:41:00 active_shadow_count=0
2026-08-02 00:30:17,744 [WARNING] point_baseline_shadow_fallback entity_id=user_hr_12 as_of=2026-01-02 11:41:00 active_shadow_count=0
2026-08-02 00:30:17,758 [WARNING] point_baseline_shadow_fallback entity_id=user_finance_14 as_of=2026-01-02 11:41:00 active_shadow_count=0
2026-08-02 00:30:18,045 [WARNING] point_baseline_shadow_fallback entity_id=user_hr_1 as_of=2026-01-02 11:42:00 active_shadow_count=0
2026-08-02 00:30:18,046 [INFO] ANOMALY DETECTED: entity=user_hr_1 score=50.00 conf=0.77
2026-08-02 00:30:18,046 [INFO]   - login_hour_rarity: raw=0.00 score=0.00
2026-08-02 00:30:18,046 [INFO]   - geolocation_rarity: raw=0.00 score=0.00
2026-08-02 00:30:18,046 [INFO]   - endpoint_set_rarity: raw=0.00 score=0.00
2026-08-02 00:30:18,046 [INFO]   - process_name_rarity: raw=0.00 score=0.00
2026-08-02 00:30:18,046 [INFO]   - command_line_embedding_similarity: raw=1.00 score=50.00
2026-08-02 00:30:18,046 [INFO]   - total_volume_delta: raw=3.04 score=0.00
2026-08-02 00:30:18,046 [INFO]   - drift_alert: raw=0.00 score=0.00
2026-08-02 00:30:18,567 [WARNING] point_baseline_shadow_fallback entity_id=user_engineer_2 as_of=2026-01-02 11:44:00 active_shadow_count=0
2026-08-02 00:30:18,567 [INFO] ANOMALY DETECTED: entity=user_engineer_2 score=50.55 conf=0.68
2026-08-02 00:30:18,567 [INFO]   - login_hour_rarity: raw=0.00 score=0.00
2026-08-02 00:30:18,567 [INFO]   - geolocation_rarity: raw=0.00 score=0.00
2026-08-02 00:30:18,568 [INFO]   - endpoint_set_rarity: raw=0.00 score=0.00
2026-08-02 00:30:18,568 [INFO]   - process_name_rarity: raw=0.36 score=0.55
2026-08-02 00:30:18,568 [INFO]   - command_line_embedding_similarity: raw=1.00 score=50.00
2026-08-02 00:30:18,568 [INFO]   - total_volume_delta: raw=2.54 score=0.00
2026-08-02 00:30:18,568 [INFO]   - drift_alert: raw=0.00 score=0.00
2026-08-02 00:30:19,799 [WARNING] point_baseline_shadow_fallback entity_id=user_engineer_5 as_of=2026-01-02 11:45:00 active_shadow_count=0
2026-08-02 00:30:19,812 [WARNING] point_baseline_shadow_fallback entity_id=user_engineer_7 as_of=2026-01-02 11:45:00 active_shadow_count=0
2026-08-02 00:30:19,823 [WARNING] point_baseline_shadow_fallback entity_id=user_finance_2 as_of=2026-01-02 11:45:00 active_shadow_count=0
2026-08-02 00:30:20,088 [WARNING] point_baseline_shadow_fallback entity_id=user_engineer_1 as_of=2026-01-02 11:46:00 active_shadow_count=0
2026-08-02 00:30:20,100 [WARNING] point_baseline_shadow_fallback entity_id=user_engineer_8 as_of=2026-01-02 11:46:00 active_shadow_count=0
2026-08-02 00:30:20,113 [WARNING] point_baseline_shadow_fallback entity_id=user_finance_5 as_of=2026-01-02 11:46:00 active_shadow_count=0
2026-08-02 00:30:20,377 [WARNING] point_baseline_shadow_fallback entity_id=user_engineer_0 as_of=2026-01-02 11:47:00 active_shadow_count=0
2026-08-02 00:30:20,378 [INFO] ANOMALY DETECTED: entity=user_engineer_0 score=50.55 conf=0.67
2026-08-02 00:30:20,378 [INFO]   - login_hour_rarity: raw=0.00 score=0.00
2026-08-02 00:30:20,378 [INFO]   - geolocation_rarity: raw=0.00 score=0.00
2026-08-02 00:30:20,378 [INFO]   - endpoint_set_rarity: raw=0.00 score=0.00
2026-08-02 00:30:20,378 [INFO]   - process_name_rarity: raw=0.36 score=0.55
2026-08-02 00:30:20,378 [INFO]   - command_line_embedding_similarity: raw=1.00 score=50.00
2026-08-02 00:30:20,378 [INFO]   - total_volume_delta: raw=3.86 score=0.00
2026-08-02 00:30:20,378 [INFO]   - drift_alert: raw=0.00 score=0.00
2026-08-02 00:30:20,390 [WARNING] point_baseline_shadow_fallback entity_id=user_finance_8 as_of=2026-01-02 11:47:00 active_shadow_count=0
2026-08-02 00:30:20,663 [WARNING] point_baseline_shadow_fallback entity_id=user_hr_0 as_of=2026-01-02 11:48:00 active_shadow_count=0
2026-08-02 00:30:20,664 [INFO] ANOMALY DETECTED: entity=user_hr_0 score=50.00 conf=0.74
2026-08-02 00:30:20,664 [INFO]   - login_hour_rarity: raw=0.00 score=0.00
2026-08-02 00:30:20,664 [INFO]   - geolocation_rarity: raw=0.00 score=0.00
2026-08-02 00:30:20,664 [INFO]   - endpoint_set_rarity: raw=0.00 score=0.00
2026-08-02 00:30:20,664 [INFO]   - process_name_rarity: raw=0.00 score=0.00
2026-08-02 00:30:20,664 [INFO]   - command_line_embedding_similarity: raw=1.00 score=50.00
2026-08-02 00:30:20,664 [INFO]   - total_volume_delta: raw=3.17 score=0.00
2026-08-02 00:30:20,664 [INFO]   - drift_alert: raw=0.00 score=0.00
2026-08-02 00:30:20,966 [WARNING] point_baseline_shadow_fallback entity_id=user_finance_1 as_of=2026-01-02 11:49:00 active_shadow_count=0
2026-08-02 00:30:21,630 [WARNING] point_baseline_shadow_fallback entity_id=user_engineer_1 as_of=2026-01-02 11:51:00 active_shadow_count=0
2026-08-02 00:30:21,662 [WARNING] point_baseline_shadow_fallback entity_id=user_engineer_7 as_of=2026-01-02 11:51:00 active_shadow_count=0
2026-08-02 00:30:21,679 [WARNING] point_baseline_shadow_fallback entity_id=user_hr_12 as_of=2026-01-02 11:51:00 active_shadow_count=0
2026-08-02 00:30:21,972 [WARNING] point_baseline_shadow_fallback entity_id=user_engineer_5 as_of=2026-01-02 11:52:00 active_shadow_count=0
2026-08-02 00:30:21,988 [WARNING] point_baseline_shadow_fallback entity_id=user_finance_10 as_of=2026-01-02 11:52:00 active_shadow_count=0
2026-08-02 00:30:22,293 [WARNING] point_baseline_shadow_fallback entity_id=user_hr_1 as_of=2026-01-02 11:53:00 active_shadow_count=0
2026-08-02 00:30:22,310 [WARNING] point_baseline_shadow_fallback entity_id=user_finance_1 as_of=2026-01-02 11:53:00 active_shadow_count=0
2026-08-02 00:30:22,311 [INFO] ANOMALY DETECTED: entity=user_finance_1 score=50.00 conf=0.73
2026-08-02 00:30:22,311 [INFO]   - login_hour_rarity: raw=0.00 score=0.00
2026-08-02 00:30:22,311 [INFO]   - geolocation_rarity: raw=0.00 score=0.00
2026-08-02 00:30:22,311 [INFO]   - endpoint_set_rarity: raw=0.00 score=0.00
2026-08-02 00:30:22,311 [INFO]   - process_name_rarity: raw=0.00 score=0.00
2026-08-02 00:30:22,311 [INFO]   - command_line_embedding_similarity: raw=1.00 score=50.00
2026-08-02 00:30:22,311 [INFO]   - total_volume_delta: raw=3.13 score=0.00
2026-08-02 00:30:22,311 [INFO]   - drift_alert: raw=0.00 score=0.00
2026-08-02 00:30:22,610 [WARNING] point_baseline_shadow_fallback entity_id=user_engineer_4 as_of=2026-01-02 11:54:00 active_shadow_count=0
2026-08-02 00:30:22,623 [WARNING] point_baseline_shadow_fallback entity_id=user_finance_3 as_of=2026-01-02 11:54:00 active_shadow_count=0
2026-08-02 00:30:22,623 [INFO] ANOMALY DETECTED: entity=user_finance_3 score=50.59 conf=0.72
2026-08-02 00:30:22,624 [INFO]   - login_hour_rarity: raw=0.00 score=0.00
2026-08-02 00:30:22,624 [INFO]   - geolocation_rarity: raw=0.00 score=0.00
2026-08-02 00:30:22,624 [INFO]   - endpoint_set_rarity: raw=0.00 score=0.00
2026-08-02 00:30:22,624 [INFO]   - process_name_rarity: raw=0.39 score=0.59
2026-08-02 00:30:22,624 [INFO]   - command_line_embedding_similarity: raw=1.00 score=50.00
2026-08-02 00:30:22,624 [INFO]   - total_volume_delta: raw=3.13 score=0.00
2026-08-02 00:30:22,624 [INFO]   - drift_alert: raw=0.00 score=0.00
2026-08-02 00:30:22,925 [WARNING] point_baseline_shadow_fallback entity_id=user_engineer_11 as_of=2026-01-02 11:55:00 active_shadow_count=0
2026-08-02 00:30:22,941 [WARNING] point_baseline_shadow_fallback entity_id=user_finance_5 as_of=2026-01-02 11:55:00 active_shadow_count=0
2026-08-02 00:30:23,586 [WARNING] point_baseline_shadow_fallback entity_id=user_finance_3 as_of=2026-01-02 11:57:00 active_shadow_count=0
2026-08-02 00:30:23,884 [WARNING] point_baseline_shadow_fallback entity_id=user_engineer_11 as_of=2026-01-02 11:58:00 active_shadow_count=0
2026-08-02 00:30:23,900 [WARNING] point_baseline_shadow_fallback entity_id=user_hr_2 as_of=2026-01-02 11:58:00 active_shadow_count=0
2026-08-02 00:30:23,912 [WARNING] point_baseline_shadow_fallback entity_id=user_finance_10 as_of=2026-01-02 11:58:00 active_shadow_count=0
2026-08-02 00:30:25,101 [INFO] ANOMALY DETECTED: entity=user_engineer_10 score=50.55 conf=0.69
2026-08-02 00:30:25,101 [INFO]   - login_hour_rarity: raw=0.00 score=0.00
2026-08-02 00:30:25,101 [INFO]   - geolocation_rarity: raw=0.00 score=0.00
2026-08-02 00:30:25,101 [INFO]   - endpoint_set_rarity: raw=0.00 score=0.00
2026-08-02 00:30:25,101 [INFO]   - process_name_rarity: raw=0.36 score=0.55
2026-08-02 00:30:25,101 [INFO]   - command_line_embedding_similarity: raw=1.00 score=50.00
2026-08-02 00:30:25,101 [INFO]   - total_volume_delta: raw=2.91 score=0.00
2026-08-02 00:30:25,101 [INFO]   - drift_alert: raw=0.00 score=0.00
2026-08-02 00:30:25,262 [WARNING] point_baseline_shadow_fallback entity_id=user_hr_8 as_of=2026-01-02 11:59:00 active_shadow_count=0
2026-08-02 00:30:25,277 [WARNING] point_baseline_shadow_fallback entity_id=user_hr_14 as_of=2026-01-02 11:59:00 active_shadow_count=0
2026-08-02 00:30:25,293 [WARNING] point_baseline_shadow_fallback entity_id=user_finance_11 as_of=2026-01-02 11:59:00 active_shadow_count=0
2026-08-02 00:30:25,615 [WARNING] point_baseline_shadow_fallback entity_id=user_finance_1 as_of=2026-01-02 12:00:00 active_shadow_count=0
2026-08-02 00:30:25,629 [WARNING] point_baseline_shadow_fallback entity_id=user_finance_3 as_of=2026-01-02 12:00:00 active_shadow_count=0
2026-08-02 00:30:25,917 [WARNING] point_baseline_shadow_fallback entity_id=user_engineer_8 as_of=2026-01-02 12:01:00 active_shadow_count=0
2026-08-02 00:30:25,930 [WARNING] point_baseline_shadow_fallback entity_id=user_finance_14 as_of=2026-01-02 12:01:00 active_shadow_count=0
2026-08-02 00:30:26,215 [WARNING] point_baseline_shadow_fallback entity_id=user_hr_5 as_of=2026-01-02 12:02:00 active_shadow_count=0
2026-08-02 00:30:26,230 [WARNING] point_baseline_shadow_fallback entity_id=user_hr_14 as_of=2026-01-02 12:02:00 active_shadow_count=0
2026-08-02 00:30:26,500 [WARNING] point_baseline_shadow_fallback entity_id=user_hr_8 as_of=2026-01-02 12:03:00 active_shadow_count=0
2026-08-02 00:30:26,774 [WARNING] point_baseline_shadow_fallback entity_id=user_finance_7 as_of=2026-01-02 12:04:00 active_shadow_count=0
2026-08-02 00:30:26,786 [WARNING] point_baseline_shadow_fallback entity_id=user_finance_12 as_of=2026-01-02 12:04:00 active_shadow_count=0
2026-08-02 00:30:27,055 [WARNING] point_baseline_shadow_fallback entity_id=user_engineer_0 as_of=2026-01-02 12:05:00 active_shadow_count=0
2026-08-02 00:30:27,069 [WARNING] point_baseline_shadow_fallback entity_id=user_finance_14 as_of=2026-01-02 12:05:00 active_shadow_count=0
2026-08-02 00:30:27,362 [WARNING] point_baseline_shadow_fallback entity_id=user_hr_8 as_of=2026-01-02 12:06:00 active_shadow_count=0
2026-08-02 00:30:27,626 [WARNING] point_baseline_shadow_fallback entity_id=user_hr_0 as_of=2026-01-02 12:07:00 active_shadow_count=0
2026-08-02 00:30:27,641 [INFO] ANOMALY DETECTED: entity=user_hr_4 score=50.00 conf=0.74
2026-08-02 00:30:27,641 [INFO]   - login_hour_rarity: raw=0.00 score=0.00
2026-08-02 00:30:27,641 [INFO]   - geolocation_rarity: raw=0.00 score=0.00
2026-08-02 00:30:27,641 [INFO]   - endpoint_set_rarity: raw=0.00 score=0.00
2026-08-02 00:30:27,641 [INFO]   - process_name_rarity: raw=0.00 score=0.00
2026-08-02 00:30:27,641 [INFO]   - command_line_embedding_similarity: raw=1.00 score=50.00
2026-08-02 00:30:27,641 [INFO]   - total_volume_delta: raw=2.44 score=0.00
2026-08-02 00:30:27,641 [INFO]   - drift_alert: raw=0.00 score=0.00
2026-08-02 00:30:27,916 [WARNING] point_baseline_shadow_fallback entity_id=user_engineer_5 as_of=2026-01-02 12:08:00 active_shadow_count=0
2026-08-02 00:30:27,928 [WARNING] point_baseline_shadow_fallback entity_id=user_hr_2 as_of=2026-01-02 12:08:00 active_shadow_count=0
2026-08-02 00:30:27,929 [INFO] ANOMALY DETECTED: entity=user_hr_2 score=50.58 conf=0.68
2026-08-02 00:30:27,929 [INFO]   - login_hour_rarity: raw=0.00 score=0.00
2026-08-02 00:30:27,929 [INFO]   - geolocation_rarity: raw=0.00 score=0.00
2026-08-02 00:30:27,929 [INFO]   - endpoint_set_rarity: raw=0.00 score=0.00
2026-08-02 00:30:27,929 [INFO]   - process_name_rarity: raw=0.39 score=0.58
2026-08-02 00:30:27,929 [INFO]   - command_line_embedding_similarity: raw=1.00 score=50.00
2026-08-02 00:30:27,929 [INFO]   - total_volume_delta: raw=2.86 score=0.00
2026-08-02 00:30:27,929 [INFO]   - drift_alert: raw=0.00 score=0.00
2026-08-02 00:30:27,952 [WARNING] point_baseline_shadow_fallback entity_id=user_finance_10 as_of=2026-01-02 12:08:00 active_shadow_count=0
2026-08-02 00:30:28,230 [WARNING] point_baseline_shadow_fallback entity_id=user_hr_14 as_of=2026-01-02 12:09:00 active_shadow_count=0
2026-08-02 00:30:28,531 [WARNING] point_baseline_shadow_fallback entity_id=user_hr_4 as_of=2026-01-02 12:10:00 active_shadow_count=0
2026-08-02 00:30:28,543 [WARNING] point_baseline_shadow_fallback entity_id=user_finance_8 as_of=2026-01-02 12:10:00 active_shadow_count=0
2026-08-02 00:30:28,544 [INFO] ANOMALY DETECTED: entity=user_finance_8 score=50.00 conf=0.72
2026-08-02 00:30:28,544 [INFO]   - login_hour_rarity: raw=0.00 score=0.00
2026-08-02 00:30:28,544 [INFO]   - geolocation_rarity: raw=0.00 score=0.00
2026-08-02 00:30:28,544 [INFO]   - endpoint_set_rarity: raw=0.00 score=0.00
2026-08-02 00:30:28,544 [INFO]   - process_name_rarity: raw=0.00 score=0.00
2026-08-02 00:30:28,544 [INFO]   - command_line_embedding_similarity: raw=1.00 score=50.00
2026-08-02 00:30:28,544 [INFO]   - total_volume_delta: raw=3.54 score=0.00
2026-08-02 00:30:28,544 [INFO]   - drift_alert: raw=0.00 score=0.00
2026-08-02 00:30:28,812 [WARNING] point_baseline_shadow_fallback entity_id=user_engineer_8 as_of=2026-01-02 12:11:00 active_shadow_count=0
2026-08-02 00:30:28,825 [WARNING] point_baseline_shadow_fallback entity_id=user_finance_8 as_of=2026-01-02 12:11:00 active_shadow_count=0
2026-08-02 00:30:29,110 [WARNING] point_baseline_shadow_fallback entity_id=user_hr_7 as_of=2026-01-02 12:12:00 active_shadow_count=0
2026-08-02 00:30:29,138 [WARNING] point_baseline_shadow_fallback entity_id=user_hr_13 as_of=2026-01-02 12:12:00 active_shadow_count=0
2026-08-02 00:30:29,152 [WARNING] point_baseline_shadow_fallback entity_id=user_finance_6 as_of=2026-01-02 12:12:00 active_shadow_count=0
2026-08-02 00:30:29,156 [INFO] ANOMALY DETECTED: entity=user_finance_6 score=50.01 conf=0.78
2026-08-02 00:30:29,157 [INFO]   - login_hour_rarity: raw=0.00 score=0.00
2026-08-02 00:30:29,157 [INFO]   - geolocation_rarity: raw=0.00 score=0.00
2026-08-02 00:30:29,157 [INFO]   - endpoint_set_rarity: raw=0.00 score=0.00
2026-08-02 00:30:29,157 [INFO]   - process_name_rarity: raw=0.01 score=0.01
2026-08-02 00:30:29,157 [INFO]   - command_line_embedding_similarity: raw=1.00 score=50.00
2026-08-02 00:30:29,157 [INFO]   - total_volume_delta: raw=2.65 score=0.00
2026-08-02 00:30:29,157 [INFO]   - drift_alert: raw=0.00 score=0.00
2026-08-02 00:30:29,174 [INFO] ANOMALY DETECTED: entity=user_finance_13 score=50.00 conf=0.75
2026-08-02 00:30:29,174 [INFO]   - login_hour_rarity: raw=0.00 score=0.00
2026-08-02 00:30:29,174 [INFO]   - geolocation_rarity: raw=0.00 score=0.00
2026-08-02 00:30:29,175 [INFO]   - endpoint_set_rarity: raw=0.00 score=0.00
2026-08-02 00:30:29,175 [INFO]   - process_name_rarity: raw=0.00 score=0.00
2026-08-02 00:30:29,175 [INFO]   - command_line_embedding_similarity: raw=1.00 score=50.00
2026-08-02 00:30:29,175 [INFO]   - total_volume_delta: raw=2.96 score=0.00
2026-08-02 00:30:29,175 [INFO]   - drift_alert: raw=0.00 score=0.00
2026-08-02 00:30:29,192 [WARNING] point_baseline_shadow_fallback entity_id=user_finance_14 as_of=2026-01-02 12:12:00 active_shadow_count=0
2026-08-02 00:30:29,193 [INFO] ANOMALY DETECTED: entity=user_finance_14 score=50.59 conf=0.72
2026-08-02 00:30:29,193 [INFO]   - login_hour_rarity: raw=0.00 score=0.00
2026-08-02 00:30:29,193 [INFO]   - geolocation_rarity: raw=0.00 score=0.00
2026-08-02 00:30:29,193 [INFO]   - endpoint_set_rarity: raw=0.00 score=0.00
2026-08-02 00:30:29,193 [INFO]   - process_name_rarity: raw=0.39 score=0.59
2026-08-02 00:30:29,193 [INFO]   - command_line_embedding_similarity: raw=1.00 score=50.00
2026-08-02 00:30:29,193 [INFO]   - total_volume_delta: raw=3.54 score=0.00
2026-08-02 00:30:29,194 [INFO]   - drift_alert: raw=0.00 score=0.00
2026-08-02 00:30:29,887 [WARNING] point_baseline_shadow_fallback entity_id=user_engineer_0 as_of=2026-01-02 12:14:00 active_shadow_count=0
2026-08-02 00:30:29,979 [WARNING] point_baseline_shadow_fallback entity_id=user_engineer_1 as_of=2026-01-02 12:14:00 active_shadow_count=0
2026-08-02 00:30:29,995 [WARNING] point_baseline_shadow_fallback entity_id=user_engineer_12 as_of=2026-01-02 12:14:00 active_shadow_count=0
2026-08-02 00:30:30,310 [WARNING] point_baseline_shadow_fallback entity_id=user_engineer_1 as_of=2026-01-02 12:15:00 active_shadow_count=0
2026-08-02 00:30:30,631 [WARNING] point_baseline_shadow_fallback entity_id=user_hr_13 as_of=2026-01-02 12:16:00 active_shadow_count=0
2026-08-02 00:30:30,931 [WARNING] point_baseline_shadow_fallback entity_id=user_hr_2 as_of=2026-01-02 12:17:00 active_shadow_count=0
2026-08-02 00:30:30,946 [WARNING] point_baseline_shadow_fallback entity_id=user_finance_2 as_of=2026-01-02 12:17:00 active_shadow_count=0
2026-08-02 00:30:31,250 [WARNING] point_baseline_shadow_fallback entity_id=user_finance_6 as_of=2026-01-02 12:18:00 active_shadow_count=0
2026-08-02 00:30:31,251 [INFO] ANOMALY DETECTED: entity=user_finance_6 score=50.01 conf=0.78
2026-08-02 00:30:31,251 [INFO]   - login_hour_rarity: raw=0.00 score=0.00
2026-08-02 00:30:31,251 [INFO]   - geolocation_rarity: raw=0.00 score=0.00
2026-08-02 00:30:31,251 [INFO]   - endpoint_set_rarity: raw=0.00 score=0.00
2026-08-02 00:30:31,251 [INFO]   - process_name_rarity: raw=0.01 score=0.01
2026-08-02 00:30:31,251 [INFO]   - command_line_embedding_similarity: raw=1.00 score=50.00
2026-08-02 00:30:31,251 [INFO]   - total_volume_delta: raw=2.65 score=0.00
2026-08-02 00:30:31,251 [INFO]   - drift_alert: raw=0.00 score=0.00
2026-08-02 00:30:31,567 [WARNING] point_baseline_shadow_fallback entity_id=user_engineer_8 as_of=2026-01-02 12:19:00 active_shadow_count=0
2026-08-02 00:30:31,582 [WARNING] point_baseline_shadow_fallback entity_id=user_hr_8 as_of=2026-01-02 12:19:00 active_shadow_count=0
2026-08-02 00:30:31,597 [WARNING] point_baseline_shadow_fallback entity_id=user_finance_12 as_of=2026-01-02 12:19:00 active_shadow_count=0
2026-08-02 00:30:31,598 [INFO] ANOMALY DETECTED: entity=user_finance_12 score=50.00 conf=0.71
2026-08-02 00:30:31,598 [INFO]   - login_hour_rarity: raw=0.00 score=0.00
2026-08-02 00:30:31,598 [INFO]   - geolocation_rarity: raw=0.00 score=0.00
2026-08-02 00:30:31,598 [INFO]   - endpoint_set_rarity: raw=0.00 score=0.00
2026-08-02 00:30:31,598 [INFO]   - process_name_rarity: raw=0.00 score=0.00
2026-08-02 00:30:31,598 [INFO]   - command_line_embedding_similarity: raw=1.00 score=50.00
2026-08-02 00:30:31,598 [INFO]   - total_volume_delta: raw=2.24 score=0.00
2026-08-02 00:30:31,598 [INFO]   - drift_alert: raw=0.00 score=0.00
2026-08-02 00:30:31,951 [WARNING] point_baseline_shadow_fallback entity_id=user_engineer_1 as_of=2026-01-02 12:20:00 active_shadow_count=0
2026-08-02 00:30:32,290 [WARNING] point_baseline_shadow_fallback entity_id=user_hr_8 as_of=2026-01-02 12:21:00 active_shadow_count=0
2026-08-02 00:30:32,306 [WARNING] point_baseline_shadow_fallback entity_id=user_finance_1 as_of=2026-01-02 12:21:00 active_shadow_count=0
2026-08-02 00:30:32,321 [WARNING] point_baseline_shadow_fallback entity_id=user_finance_2 as_of=2026-01-02 12:21:00 active_shadow_count=0
2026-08-02 00:30:32,623 [WARNING] point_baseline_shadow_fallback entity_id=user_engineer_4 as_of=2026-01-02 12:22:00 active_shadow_count=0
2026-08-02 00:30:32,624 [INFO] ANOMALY DETECTED: entity=user_engineer_4 score=50.00 conf=0.71
2026-08-02 00:30:32,624 [INFO]   - login_hour_rarity: raw=0.00 score=0.00
2026-08-02 00:30:32,624 [INFO]   - geolocation_rarity: raw=0.00 score=0.00
2026-08-02 00:30:32,624 [INFO]   - endpoint_set_rarity: raw=0.00 score=0.00
2026-08-02 00:30:32,624 [INFO]   - process_name_rarity: raw=0.00 score=0.00
2026-08-02 00:30:32,625 [INFO]   - command_line_embedding_similarity: raw=1.00 score=50.00
2026-08-02 00:30:32,625 [INFO]   - total_volume_delta: raw=2.15 score=0.00
2026-08-02 00:30:32,625 [INFO]   - drift_alert: raw=0.00 score=0.00
2026-08-02 00:30:32,640 [WARNING] point_baseline_shadow_fallback entity_id=user_finance_2 as_of=2026-01-02 12:22:00 active_shadow_count=0
2026-08-02 00:30:33,504 [WARNING] point_baseline_shadow_fallback entity_id=user_hr_4 as_of=2026-01-02 12:25:00 active_shadow_count=0
2026-08-02 00:30:33,521 [WARNING] point_baseline_shadow_fallback entity_id=user_finance_10 as_of=2026-01-02 12:25:00 active_shadow_count=0
2026-08-02 00:30:33,538 [WARNING] point_baseline_shadow_fallback entity_id=user_finance_11 as_of=2026-01-02 12:25:00 active_shadow_count=0
2026-08-02 00:30:33,806 [WARNING] point_baseline_shadow_fallback entity_id=user_finance_12 as_of=2026-01-02 12:26:00 active_shadow_count=0
2026-08-02 00:30:33,807 [INFO] ANOMALY DETECTED: entity=user_finance_12 score=50.00 conf=0.71
2026-08-02 00:30:33,807 [INFO]   - login_hour_rarity: raw=0.00 score=0.00
2026-08-02 00:30:33,807 [INFO]   - geolocation_rarity: raw=0.00 score=0.00
2026-08-02 00:30:33,807 [INFO]   - endpoint_set_rarity: raw=0.00 score=0.00
2026-08-02 00:30:33,807 [INFO]   - process_name_rarity: raw=0.00 score=0.00
2026-08-02 00:30:33,807 [INFO]   - command_line_embedding_similarity: raw=1.00 score=50.00
2026-08-02 00:30:33,807 [INFO]   - total_volume_delta: raw=2.24 score=0.00
2026-08-02 00:30:33,807 [INFO]   - drift_alert: raw=0.00 score=0.00
2026-08-02 00:30:34,082 [WARNING] point_baseline_shadow_fallback entity_id=user_engineer_2 as_of=2026-01-02 12:27:00 active_shadow_count=0
2026-08-02 00:30:34,349 [WARNING] point_baseline_shadow_fallback entity_id=user_engineer_0 as_of=2026-01-02 12:28:00 active_shadow_count=0
2026-08-02 00:30:34,355 [INFO] ANOMALY DETECTED: entity=user_engineer_0 score=50.55 conf=0.67
2026-08-02 00:30:34,355 [INFO]   - login_hour_rarity: raw=0.00 score=0.00
2026-08-02 00:30:34,355 [INFO]   - geolocation_rarity: raw=0.00 score=0.00
2026-08-02 00:30:34,355 [INFO]   - endpoint_set_rarity: raw=0.00 score=0.00
2026-08-02 00:30:34,355 [INFO]   - process_name_rarity: raw=0.36 score=0.55
2026-08-02 00:30:34,355 [INFO]   - command_line_embedding_similarity: raw=1.00 score=50.00
2026-08-02 00:30:34,355 [INFO]   - total_volume_delta: raw=3.86 score=0.00
2026-08-02 00:30:34,355 [INFO]   - drift_alert: raw=0.00 score=0.00
2026-08-02 00:30:34,368 [WARNING] point_baseline_shadow_fallback entity_id=user_engineer_11 as_of=2026-01-02 12:28:00 active_shadow_count=0
2026-08-02 00:30:34,633 [WARNING] point_baseline_shadow_fallback entity_id=user_engineer_9 as_of=2026-01-02 12:29:00 active_shadow_count=0
2026-08-02 00:30:34,645 [WARNING] point_baseline_shadow_fallback entity_id=user_hr_0 as_of=2026-01-02 12:29:00 active_shadow_count=0
2026-08-02 00:30:34,657 [WARNING] point_baseline_shadow_fallback entity_id=user_hr_4 as_of=2026-01-02 12:29:00 active_shadow_count=0
2026-08-02 00:30:34,669 [WARNING] point_baseline_shadow_fallback entity_id=user_finance_10 as_of=2026-01-02 12:29:00 active_shadow_count=0
2026-08-02 00:30:34,960 [WARNING] point_baseline_shadow_fallback entity_id=user_engineer_1 as_of=2026-01-02 12:30:00 active_shadow_count=0
2026-08-02 00:30:35,275 [WARNING] point_baseline_shadow_fallback entity_id=user_hr_0 as_of=2026-01-02 12:31:00 active_shadow_count=0
2026-08-02 00:30:35,290 [WARNING] point_baseline_shadow_fallback entity_id=user_hr_5 as_of=2026-01-02 12:31:00 active_shadow_count=0
2026-08-02 00:30:35,306 [WARNING] point_baseline_shadow_fallback entity_id=user_hr_7 as_of=2026-01-02 12:31:00 active_shadow_count=0
2026-08-02 00:30:35,319 [WARNING] point_baseline_shadow_fallback entity_id=user_finance_10 as_of=2026-01-02 12:31:00 active_shadow_count=0
2026-08-02 00:30:35,335 [WARNING] point_baseline_shadow_fallback entity_id=user_finance_11 as_of=2026-01-02 12:31:00 active_shadow_count=0
2026-08-02 00:30:35,939 [WARNING] point_baseline_shadow_fallback entity_id=user_engineer_0 as_of=2026-01-02 12:32:00 active_shadow_count=0
2026-08-02 00:30:36,218 [WARNING] point_baseline_shadow_fallback entity_id=user_engineer_12 as_of=2026-01-02 12:33:00 active_shadow_count=0
2026-08-02 00:30:36,542 [WARNING] point_baseline_shadow_fallback entity_id=user_engineer_0 as_of=2026-01-02 12:34:00 active_shadow_count=0
2026-08-02 00:30:36,543 [INFO] ANOMALY DETECTED: entity=user_engineer_0 score=50.55 conf=0.67
2026-08-02 00:30:36,543 [INFO]   - login_hour_rarity: raw=0.00 score=0.00
2026-08-02 00:30:36,543 [INFO]   - geolocation_rarity: raw=0.00 score=0.00
2026-08-02 00:30:36,543 [INFO]   - endpoint_set_rarity: raw=0.00 score=0.00
2026-08-02 00:30:36,543 [INFO]   - process_name_rarity: raw=0.36 score=0.55
2026-08-02 00:30:36,543 [INFO]   - command_line_embedding_similarity: raw=1.00 score=50.00
2026-08-02 00:30:36,543 [INFO]   - total_volume_delta: raw=3.86 score=0.00
2026-08-02 00:30:36,543 [INFO]   - drift_alert: raw=0.00 score=0.00
2026-08-02 00:30:36,575 [WARNING] point_baseline_shadow_fallback entity_id=user_engineer_5 as_of=2026-01-02 12:34:00 active_shadow_count=0
2026-08-02 00:30:37,149 [WARNING] point_baseline_shadow_fallback entity_id=user_finance_10 as_of=2026-01-02 12:36:00 active_shadow_count=0
2026-08-02 00:30:37,150 [INFO] ANOMALY DETECTED: entity=user_finance_10 score=50.00 conf=0.74
2026-08-02 00:30:37,150 [INFO]   - login_hour_rarity: raw=0.00 score=0.00
2026-08-02 00:30:37,150 [INFO]   - geolocation_rarity: raw=0.00 score=0.00
2026-08-02 00:30:37,150 [INFO]   - endpoint_set_rarity: raw=0.00 score=0.00
2026-08-02 00:30:37,150 [INFO]   - process_name_rarity: raw=0.00 score=0.00
2026-08-02 00:30:37,150 [INFO]   - command_line_embedding_similarity: raw=1.00 score=50.00
2026-08-02 00:30:37,150 [INFO]   - total_volume_delta: raw=2.85 score=0.00
2026-08-02 00:30:37,151 [INFO]   - drift_alert: raw=0.00 score=0.00
2026-08-02 00:30:38,027 [WARNING] point_baseline_shadow_fallback entity_id=user_finance_4 as_of=2026-01-02 12:39:00 active_shadow_count=0
2026-08-02 00:30:38,042 [WARNING] point_baseline_shadow_fallback entity_id=user_finance_11 as_of=2026-01-02 12:39:00 active_shadow_count=0
2026-08-02 00:30:38,362 [WARNING] point_baseline_shadow_fallback entity_id=user_hr_12 as_of=2026-01-02 12:40:00 active_shadow_count=0
2026-08-02 00:30:38,363 [INFO] ANOMALY DETECTED: entity=user_hr_12 score=50.00 conf=0.74
2026-08-02 00:30:38,363 [INFO]   - login_hour_rarity: raw=0.00 score=0.00
2026-08-02 00:30:38,363 [INFO]   - geolocation_rarity: raw=0.00 score=0.00
2026-08-02 00:30:38,363 [INFO]   - endpoint_set_rarity: raw=0.00 score=0.00
2026-08-02 00:30:38,363 [INFO]   - process_name_rarity: raw=0.00 score=0.00
2026-08-02 00:30:38,363 [INFO]   - command_line_embedding_similarity: raw=1.00 score=50.00
2026-08-02 00:30:38,363 [INFO]   - total_volume_delta: raw=4.21 score=0.00
2026-08-02 00:30:38,363 [INFO]   - drift_alert: raw=0.00 score=0.00
2026-08-02 00:30:38,713 [WARNING] point_baseline_shadow_fallback entity_id=user_finance_12 as_of=2026-01-02 12:41:00 active_shadow_count=0
2026-08-02 00:30:39,024 [WARNING] point_baseline_shadow_fallback entity_id=user_finance_3 as_of=2026-01-02 12:42:00 active_shadow_count=0
2026-08-02 00:30:39,039 [WARNING] point_baseline_shadow_fallback entity_id=user_finance_10 as_of=2026-01-02 12:42:00 active_shadow_count=0
2026-08-02 00:30:39,040 [INFO] ANOMALY DETECTED: entity=user_finance_10 score=50.00 conf=0.74
2026-08-02 00:30:39,040 [INFO]   - login_hour_rarity: raw=0.00 score=0.00
2026-08-02 00:30:39,040 [INFO]   - geolocation_rarity: raw=0.00 score=0.00
2026-08-02 00:30:39,040 [INFO]   - endpoint_set_rarity: raw=0.00 score=0.00
2026-08-02 00:30:39,040 [INFO]   - process_name_rarity: raw=0.00 score=0.00
2026-08-02 00:30:39,041 [INFO]   - command_line_embedding_similarity: raw=1.00 score=50.00
2026-08-02 00:30:39,041 [INFO]   - total_volume_delta: raw=2.85 score=0.00
2026-08-02 00:30:39,041 [INFO]   - drift_alert: raw=0.00 score=0.00
2026-08-02 00:30:39,360 [WARNING] point_baseline_shadow_fallback entity_id=user_engineer_0 as_of=2026-01-02 12:43:00 active_shadow_count=0
2026-08-02 00:30:39,377 [WARNING] point_baseline_shadow_fallback entity_id=user_hr_12 as_of=2026-01-02 12:43:00 active_shadow_count=0
2026-08-02 00:30:39,390 [WARNING] point_baseline_shadow_fallback entity_id=user_finance_1 as_of=2026-01-02 12:43:00 active_shadow_count=0
2026-08-02 00:30:39,391 [INFO] ANOMALY DETECTED: entity=user_finance_1 score=50.00 conf=0.73
2026-08-02 00:30:39,391 [INFO]   - login_hour_rarity: raw=0.00 score=0.00
2026-08-02 00:30:39,391 [INFO]   - geolocation_rarity: raw=0.00 score=0.00
2026-08-02 00:30:39,391 [INFO]   - endpoint_set_rarity: raw=0.00 score=0.00
2026-08-02 00:30:39,391 [INFO]   - process_name_rarity: raw=0.00 score=0.00
2026-08-02 00:30:39,391 [INFO]   - command_line_embedding_similarity: raw=1.00 score=50.00
2026-08-02 00:30:39,391 [INFO]   - total_volume_delta: raw=3.13 score=0.00
2026-08-02 00:30:39,391 [INFO]   - drift_alert: raw=0.00 score=0.00
2026-08-02 00:30:39,672 [WARNING] point_baseline_shadow_fallback entity_id=user_engineer_11 as_of=2026-01-02 12:44:00 active_shadow_count=0
2026-08-02 00:30:39,673 [INFO] ANOMALY DETECTED: entity=user_engineer_11 score=50.00 conf=0.71
2026-08-02 00:30:39,673 [INFO]   - login_hour_rarity: raw=0.00 score=0.00
2026-08-02 00:30:39,673 [INFO]   - geolocation_rarity: raw=0.00 score=0.00
2026-08-02 00:30:39,673 [INFO]   - endpoint_set_rarity: raw=0.00 score=0.00
2026-08-02 00:30:39,673 [INFO]   - process_name_rarity: raw=0.00 score=0.00
2026-08-02 00:30:39,673 [INFO]   - command_line_embedding_similarity: raw=1.00 score=50.00
2026-08-02 00:30:39,673 [INFO]   - total_volume_delta: raw=3.46 score=0.00
2026-08-02 00:30:39,673 [INFO]   - drift_alert: raw=0.00 score=0.00
2026-08-02 00:30:39,685 [WARNING] point_baseline_shadow_fallback entity_id=user_hr_0 as_of=2026-01-02 12:44:00 active_shadow_count=0
2026-08-02 00:30:39,960 [WARNING] point_baseline_shadow_fallback entity_id=user_hr_5 as_of=2026-01-02 12:45:00 active_shadow_count=0
2026-08-02 00:30:40,225 [WARNING] point_baseline_shadow_fallback entity_id=user_hr_2 as_of=2026-01-02 12:46:00 active_shadow_count=0
2026-08-02 00:30:40,238 [WARNING] point_baseline_shadow_fallback entity_id=user_finance_1 as_of=2026-01-02 12:46:00 active_shadow_count=0
2026-08-02 00:30:40,500 [WARNING] point_baseline_shadow_fallback entity_id=user_engineer_2 as_of=2026-01-02 12:47:00 active_shadow_count=0
2026-08-02 00:30:40,513 [WARNING] point_baseline_shadow_fallback entity_id=user_hr_5 as_of=2026-01-02 12:47:00 active_shadow_count=0
2026-08-02 00:30:40,804 [WARNING] point_baseline_shadow_fallback entity_id=user_finance_2 as_of=2026-01-02 12:48:00 active_shadow_count=0
2026-08-02 00:30:40,805 [INFO] ANOMALY DETECTED: entity=user_finance_2 score=50.00 conf=0.76
2026-08-02 00:30:40,805 [INFO]   - login_hour_rarity: raw=0.00 score=0.00
2026-08-02 00:30:40,805 [INFO]   - geolocation_rarity: raw=0.00 score=0.00
2026-08-02 00:30:40,805 [INFO]   - endpoint_set_rarity: raw=0.00 score=0.00
2026-08-02 00:30:40,805 [INFO]   - process_name_rarity: raw=0.00 score=0.00
2026-08-02 00:30:40,805 [INFO]   - command_line_embedding_similarity: raw=1.00 score=50.00
2026-08-02 00:30:40,805 [INFO]   - total_volume_delta: raw=3.77 score=0.00
2026-08-02 00:30:40,805 [INFO]   - drift_alert: raw=0.00 score=0.00
2026-08-02 00:30:41,280 [WARNING] point_baseline_shadow_fallback entity_id=user_engineer_10 as_of=2026-01-02 12:49:00 active_shadow_count=0
2026-08-02 00:30:41,387 [WARNING] point_baseline_shadow_fallback entity_id=user_finance_2 as_of=2026-01-02 12:49:00 active_shadow_count=0
2026-08-02 00:30:41,513 [WARNING] point_baseline_shadow_fallback entity_id=user_finance_10 as_of=2026-01-02 12:49:00 active_shadow_count=0
2026-08-02 00:30:41,513 [INFO] ANOMALY DETECTED: entity=user_finance_10 score=50.00 conf=0.74
2026-08-02 00:30:41,513 [INFO]   - login_hour_rarity: raw=0.00 score=0.00
2026-08-02 00:30:41,513 [INFO]   - geolocation_rarity: raw=0.00 score=0.00
2026-08-02 00:30:41,514 [INFO]   - endpoint_set_rarity: raw=0.00 score=0.00
2026-08-02 00:30:41,514 [INFO]   - process_name_rarity: raw=0.00 score=0.00
2026-08-02 00:30:41,514 [INFO]   - command_line_embedding_similarity: raw=1.00 score=50.00
2026-08-02 00:30:41,514 [INFO]   - total_volume_delta: raw=2.85 score=0.00
2026-08-02 00:30:41,514 [INFO]   - drift_alert: raw=0.00 score=0.00
2026-08-02 00:30:41,981 [WARNING] point_baseline_shadow_fallback entity_id=user_hr_9 as_of=2026-01-02 12:50:00 active_shadow_count=0
2026-08-02 00:30:41,995 [WARNING] point_baseline_shadow_fallback entity_id=user_finance_7 as_of=2026-01-02 12:50:00 active_shadow_count=0
2026-08-02 00:30:41,996 [INFO] ANOMALY DETECTED: entity=user_finance_7 score=50.59 conf=0.77
2026-08-02 00:30:41,997 [INFO]   - login_hour_rarity: raw=0.00 score=0.00
2026-08-02 00:30:41,997 [INFO]   - geolocation_rarity: raw=0.00 score=0.00
2026-08-02 00:30:41,997 [INFO]   - endpoint_set_rarity: raw=0.00 score=0.00
2026-08-02 00:30:41,997 [INFO]   - process_name_rarity: raw=0.39 score=0.59
2026-08-02 00:30:41,997 [INFO]   - command_line_embedding_similarity: raw=1.00 score=50.00
2026-08-02 00:30:41,997 [INFO]   - total_volume_delta: raw=2.62 score=0.00
2026-08-02 00:30:41,997 [INFO]   - drift_alert: raw=0.00 score=0.00
2026-08-02 00:30:42,279 [WARNING] point_baseline_shadow_fallback entity_id=user_engineer_4 as_of=2026-01-02 12:51:00 active_shadow_count=0
2026-08-02 00:30:42,291 [WARNING] point_baseline_shadow_fallback entity_id=user_hr_5 as_of=2026-01-02 12:51:00 active_shadow_count=0
2026-08-02 00:30:42,304 [WARNING] point_baseline_shadow_fallback entity_id=user_finance_0 as_of=2026-01-02 12:51:00 active_shadow_count=0
2026-08-02 00:30:42,865 [WARNING] point_baseline_shadow_fallback entity_id=user_hr_0 as_of=2026-01-02 12:53:00 active_shadow_count=0
2026-08-02 00:30:42,880 [WARNING] point_baseline_shadow_fallback entity_id=user_hr_7 as_of=2026-01-02 12:53:00 active_shadow_count=0
2026-08-02 00:30:42,896 [WARNING] point_baseline_shadow_fallback entity_id=user_finance_12 as_of=2026-01-02 12:53:00 active_shadow_count=0
2026-08-02 00:30:43,197 [INFO] ANOMALY DETECTED: entity=user_engineer_3 score=50.00 conf=0.75
2026-08-02 00:30:43,198 [INFO]   - login_hour_rarity: raw=0.00 score=0.00
2026-08-02 00:30:43,198 [INFO]   - geolocation_rarity: raw=0.00 score=0.00
2026-08-02 00:30:43,198 [INFO]   - endpoint_set_rarity: raw=0.00 score=0.00
2026-08-02 00:30:43,198 [INFO]   - process_name_rarity: raw=0.00 score=0.00
2026-08-02 00:30:43,198 [INFO]   - command_line_embedding_similarity: raw=1.00 score=50.00
2026-08-02 00:30:43,198 [INFO]   - total_volume_delta: raw=3.29 score=0.00
2026-08-02 00:30:43,198 [INFO]   - drift_alert: raw=0.00 score=0.00
2026-08-02 00:30:43,212 [WARNING] point_baseline_shadow_fallback entity_id=user_hr_1 as_of=2026-01-02 12:54:00 active_shadow_count=0
2026-08-02 00:30:43,213 [INFO] ANOMALY DETECTED: entity=user_hr_1 score=50.00 conf=0.77
2026-08-02 00:30:43,213 [INFO]   - login_hour_rarity: raw=0.00 score=0.00
2026-08-02 00:30:43,213 [INFO]   - geolocation_rarity: raw=0.00 score=0.00
2026-08-02 00:30:43,213 [INFO]   - endpoint_set_rarity: raw=0.00 score=0.00
2026-08-02 00:30:43,213 [INFO]   - process_name_rarity: raw=0.00 score=0.00
2026-08-02 00:30:43,213 [INFO]   - command_line_embedding_similarity: raw=1.00 score=50.00
2026-08-02 00:30:43,213 [INFO]   - total_volume_delta: raw=3.04 score=0.00
2026-08-02 00:30:43,213 [INFO]   - drift_alert: raw=0.00 score=0.00
2026-08-02 00:30:43,230 [WARNING] point_baseline_shadow_fallback entity_id=user_hr_2 as_of=2026-01-02 12:54:00 active_shadow_count=0
2026-08-02 00:30:43,546 [WARNING] point_baseline_shadow_fallback entity_id=user_engineer_10 as_of=2026-01-02 12:55:00 active_shadow_count=0
2026-08-02 00:30:43,577 [WARNING] point_baseline_shadow_fallback entity_id=user_finance_1 as_of=2026-01-02 12:55:00 active_shadow_count=0
2026-08-02 00:30:43,884 [WARNING] point_baseline_shadow_fallback entity_id=user_engineer_3 as_of=2026-01-02 12:56:00 active_shadow_count=0
2026-08-02 00:30:44,182 [WARNING] point_baseline_shadow_fallback entity_id=user_finance_7 as_of=2026-01-02 12:57:00 active_shadow_count=0
2026-08-02 00:30:44,183 [INFO] ANOMALY DETECTED: entity=user_finance_7 score=50.59 conf=0.77
2026-08-02 00:30:44,183 [INFO]   - login_hour_rarity: raw=0.00 score=0.00
2026-08-02 00:30:44,183 [INFO]   - geolocation_rarity: raw=0.00 score=0.00
2026-08-02 00:30:44,183 [INFO]   - endpoint_set_rarity: raw=0.00 score=0.00
2026-08-02 00:30:44,183 [INFO]   - process_name_rarity: raw=0.39 score=0.59
2026-08-02 00:30:44,183 [INFO]   - command_line_embedding_similarity: raw=1.00 score=50.00
2026-08-02 00:30:44,183 [INFO]   - total_volume_delta: raw=2.62 score=0.00
2026-08-02 00:30:44,183 [INFO]   - drift_alert: raw=0.00 score=0.00
2026-08-02 00:30:44,200 [WARNING] point_baseline_shadow_fallback entity_id=user_finance_11 as_of=2026-01-02 12:57:00 active_shadow_count=0
2026-08-02 00:30:44,215 [WARNING] point_baseline_shadow_fallback entity_id=user_finance_13 as_of=2026-01-02 12:57:00 active_shadow_count=0
2026-08-02 00:30:44,513 [WARNING] point_baseline_shadow_fallback entity_id=user_engineer_10 as_of=2026-01-02 12:58:00 active_shadow_count=0
2026-08-02 00:30:44,526 [WARNING] point_baseline_shadow_fallback entity_id=user_engineer_11 as_of=2026-01-02 12:58:00 active_shadow_count=0
2026-08-02 00:30:44,527 [INFO] ANOMALY DETECTED: entity=user_engineer_11 score=50.00 conf=0.71
2026-08-02 00:30:44,527 [INFO]   - login_hour_rarity: raw=0.00 score=0.00
2026-08-02 00:30:44,527 [INFO]   - geolocation_rarity: raw=0.00 score=0.00
2026-08-02 00:30:44,527 [INFO]   - endpoint_set_rarity: raw=0.00 score=0.00
2026-08-02 00:30:44,527 [INFO]   - process_name_rarity: raw=0.00 score=0.00
2026-08-02 00:30:44,527 [INFO]   - command_line_embedding_similarity: raw=1.00 score=50.00
2026-08-02 00:30:44,527 [INFO]   - total_volume_delta: raw=3.46 score=0.00
2026-08-02 00:30:44,527 [INFO]   - drift_alert: raw=0.00 score=0.00
2026-08-02 00:30:44,540 [WARNING] point_baseline_shadow_fallback entity_id=user_finance_4 as_of=2026-01-02 12:58:00 active_shadow_count=0
2026-08-02 00:30:44,859 [WARNING] point_baseline_shadow_fallback entity_id=user_hr_7 as_of=2026-01-02 12:59:00 active_shadow_count=0
2026-08-02 00:30:44,874 [WARNING] point_baseline_shadow_fallback entity_id=user_finance_0 as_of=2026-01-02 12:59:00 active_shadow_count=0
2026-08-02 00:30:44,875 [INFO] ANOMALY DETECTED: entity=user_finance_0 score=50.59 conf=0.70
2026-08-02 00:30:44,875 [INFO]   - login_hour_rarity: raw=0.00 score=0.00
2026-08-02 00:30:44,875 [INFO]   - geolocation_rarity: raw=0.00 score=0.00
2026-08-02 00:30:44,875 [INFO]   - endpoint_set_rarity: raw=0.00 score=0.00
2026-08-02 00:30:44,875 [INFO]   - process_name_rarity: raw=0.39 score=0.59
2026-08-02 00:30:44,875 [INFO]   - command_line_embedding_similarity: raw=1.00 score=50.00
2026-08-02 00:30:44,875 [INFO]   - total_volume_delta: raw=2.63 score=0.00
2026-08-02 00:30:44,875 [INFO]   - drift_alert: raw=0.00 score=0.00
2026-08-02 00:30:45,183 [WARNING] point_baseline_shadow_fallback entity_id=user_finance_12 as_of=2026-01-02 13:00:00 active_shadow_count=0
2026-08-02 00:30:45,819 [WARNING] point_baseline_shadow_fallback entity_id=user_finance_2 as_of=2026-01-02 13:02:00 active_shadow_count=0
2026-08-02 00:30:46,134 [WARNING] point_baseline_shadow_fallback entity_id=user_engineer_1 as_of=2026-01-02 13:03:00 active_shadow_count=0
2026-08-02 00:30:46,138 [INFO] ANOMALY DETECTED: entity=user_engineer_1 score=50.55 conf=0.66
2026-08-02 00:30:46,139 [INFO]   - login_hour_rarity: raw=0.00 score=0.00
2026-08-02 00:30:46,139 [INFO]   - geolocation_rarity: raw=0.00 score=0.00
2026-08-02 00:30:46,139 [INFO]   - endpoint_set_rarity: raw=0.00 score=0.00
2026-08-02 00:30:46,139 [INFO]   - process_name_rarity: raw=0.36 score=0.55
2026-08-02 00:30:46,139 [INFO]   - command_line_embedding_similarity: raw=1.00 score=50.00
2026-08-02 00:30:46,139 [INFO]   - total_volume_delta: raw=3.75 score=0.00
2026-08-02 00:30:46,139 [INFO]   - drift_alert: raw=0.00 score=0.00
2026-08-02 00:30:46,154 [WARNING] point_baseline_shadow_fallback entity_id=user_hr_0 as_of=2026-01-02 13:03:00 active_shadow_count=0
2026-08-02 00:30:47,010 [WARNING] point_baseline_shadow_fallback entity_id=user_finance_8 as_of=2026-01-02 13:05:00 active_shadow_count=0
2026-08-02 00:30:47,330 [WARNING] point_baseline_shadow_fallback entity_id=user_engineer_1 as_of=2026-01-02 13:06:00 active_shadow_count=0
2026-08-02 00:30:47,346 [WARNING] point_baseline_shadow_fallback entity_id=user_engineer_7 as_of=2026-01-02 13:06:00 active_shadow_count=0
2026-08-02 00:30:47,363 [WARNING] point_baseline_shadow_fallback entity_id=user_engineer_8 as_of=2026-01-02 13:06:00 active_shadow_count=0
2026-08-02 00:30:47,691 [WARNING] point_baseline_shadow_fallback entity_id=user_hr_2 as_of=2026-01-02 13:07:00 active_shadow_count=0
2026-08-02 00:30:47,708 [WARNING] point_baseline_shadow_fallback entity_id=user_hr_12 as_of=2026-01-02 13:07:00 active_shadow_count=0
2026-08-02 00:30:47,723 [WARNING] point_baseline_shadow_fallback entity_id=user_finance_7 as_of=2026-01-02 13:07:00 active_shadow_count=0
2026-08-02 00:30:48,026 [WARNING] point_baseline_shadow_fallback entity_id=user_hr_9 as_of=2026-01-02 13:08:00 active_shadow_count=0
2026-08-02 00:30:48,320 [WARNING] point_baseline_shadow_fallback entity_id=user_engineer_1 as_of=2026-01-02 13:09:00 active_shadow_count=0
2026-08-02 00:30:48,338 [WARNING] point_baseline_shadow_fallback entity_id=user_finance_8 as_of=2026-01-02 13:09:00 active_shadow_count=0
2026-08-02 00:30:48,654 [WARNING] point_baseline_shadow_fallback entity_id=user_finance_4 as_of=2026-01-02 13:10:00 active_shadow_count=0
2026-08-02 00:30:48,972 [WARNING] point_baseline_shadow_fallback entity_id=user_hr_7 as_of=2026-01-02 13:11:00 active_shadow_count=0
2026-08-02 00:30:48,989 [WARNING] point_baseline_shadow_fallback entity_id=user_finance_2 as_of=2026-01-02 13:11:00 active_shadow_count=0
2026-08-02 00:30:49,005 [WARNING] point_baseline_shadow_fallback entity_id=user_finance_7 as_of=2026-01-02 13:11:00 active_shadow_count=0
2026-08-02 00:30:49,303 [INFO] ANOMALY DETECTED: entity=user_engineer_6 score=50.00 conf=0.74
2026-08-02 00:30:49,303 [INFO]   - login_hour_rarity: raw=0.00 score=0.00
2026-08-02 00:30:49,303 [INFO]   - geolocation_rarity: raw=0.00 score=0.00
2026-08-02 00:30:49,303 [INFO]   - endpoint_set_rarity: raw=0.00 score=0.00
2026-08-02 00:30:49,303 [INFO]   - process_name_rarity: raw=0.00 score=0.00
2026-08-02 00:30:49,303 [INFO]   - command_line_embedding_similarity: raw=1.00 score=50.00
2026-08-02 00:30:49,303 [INFO]   - total_volume_delta: raw=3.25 score=0.00
2026-08-02 00:30:49,303 [INFO]   - drift_alert: raw=0.00 score=0.00
2026-08-02 00:30:49,318 [WARNING] point_baseline_shadow_fallback entity_id=user_hr_8 as_of=2026-01-02 13:12:00 active_shadow_count=0
2026-08-02 00:30:49,333 [WARNING] point_baseline_shadow_fallback entity_id=user_hr_13 as_of=2026-01-02 13:12:00 active_shadow_count=0
2026-08-02 00:30:49,641 [WARNING] point_baseline_shadow_fallback entity_id=user_engineer_3 as_of=2026-01-02 13:13:00 active_shadow_count=0
2026-08-02 00:30:49,656 [WARNING] point_baseline_shadow_fallback entity_id=user_hr_4 as_of=2026-01-02 13:13:00 active_shadow_count=0
2026-08-02 00:30:49,943 [WARNING] point_baseline_shadow_fallback entity_id=user_engineer_10 as_of=2026-01-02 13:14:00 active_shadow_count=0
2026-08-02 00:30:49,956 [WARNING] point_baseline_shadow_fallback entity_id=user_hr_4 as_of=2026-01-02 13:14:00 active_shadow_count=0
2026-08-02 00:30:49,960 [INFO] ANOMALY DETECTED: entity=user_hr_4 score=50.00 conf=0.74
2026-08-02 00:30:49,960 [INFO]   - login_hour_rarity: raw=0.00 score=0.00
2026-08-02 00:30:49,960 [INFO]   - geolocation_rarity: raw=0.00 score=0.00
2026-08-02 00:30:49,960 [INFO]   - endpoint_set_rarity: raw=0.00 score=0.00
2026-08-02 00:30:49,960 [INFO]   - process_name_rarity: raw=0.00 score=0.00
2026-08-02 00:30:49,960 [INFO]   - command_line_embedding_similarity: raw=1.00 score=50.00
2026-08-02 00:30:49,960 [INFO]   - total_volume_delta: raw=2.44 score=0.00
2026-08-02 00:30:49,960 [INFO]   - drift_alert: raw=0.00 score=0.00
2026-08-02 00:30:49,973 [WARNING] point_baseline_shadow_fallback entity_id=user_finance_8 as_of=2026-01-02 13:14:00 active_shadow_count=0
2026-08-02 00:30:50,299 [WARNING] point_baseline_shadow_fallback entity_id=user_finance_2 as_of=2026-01-02 13:15:00 active_shadow_count=0
2026-08-02 00:30:50,600 [WARNING] point_baseline_shadow_fallback entity_id=user_engineer_4 as_of=2026-01-02 13:16:00 active_shadow_count=0
2026-08-02 00:30:50,600 [INFO] ANOMALY DETECTED: entity=user_engineer_4 score=50.00 conf=0.71
2026-08-02 00:30:50,600 [INFO]   - login_hour_rarity: raw=0.00 score=0.00
2026-08-02 00:30:50,601 [INFO]   - geolocation_rarity: raw=0.00 score=0.00
2026-08-02 00:30:50,601 [INFO]   - endpoint_set_rarity: raw=0.00 score=0.00
2026-08-02 00:30:50,601 [INFO]   - process_name_rarity: raw=0.00 score=0.00
2026-08-02 00:30:50,601 [INFO]   - command_line_embedding_similarity: raw=1.00 score=50.00
2026-08-02 00:30:50,601 [INFO]   - total_volume_delta: raw=2.15 score=0.00
2026-08-02 00:30:50,601 [INFO]   - drift_alert: raw=0.00 score=0.00
2026-08-02 00:30:50,617 [WARNING] point_baseline_shadow_fallback entity_id=user_hr_7 as_of=2026-01-02 13:16:00 active_shadow_count=0
2026-08-02 00:30:50,634 [WARNING] point_baseline_shadow_fallback entity_id=user_finance_8 as_of=2026-01-02 13:16:00 active_shadow_count=0
2026-08-02 00:30:50,928 [WARNING] point_baseline_shadow_fallback entity_id=user_finance_2 as_of=2026-01-02 13:17:00 active_shadow_count=0
2026-08-02 00:30:50,945 [WARNING] point_baseline_shadow_fallback entity_id=user_finance_11 as_of=2026-01-02 13:17:00 active_shadow_count=0
2026-08-02 00:30:50,949 [INFO] ANOMALY DETECTED: entity=user_finance_11 score=50.02 conf=0.79
2026-08-02 00:30:50,949 [INFO]   - login_hour_rarity: raw=0.00 score=0.00
2026-08-02 00:30:50,949 [INFO]   - geolocation_rarity: raw=0.00 score=0.00
2026-08-02 00:30:50,949 [INFO]   - endpoint_set_rarity: raw=0.00 score=0.00
2026-08-02 00:30:50,949 [INFO]   - process_name_rarity: raw=0.01 score=0.02
2026-08-02 00:30:50,949 [INFO]   - command_line_embedding_similarity: raw=1.00 score=50.00
2026-08-02 00:30:50,949 [INFO]   - total_volume_delta: raw=2.97 score=0.00
2026-08-02 00:30:50,949 [INFO]   - drift_alert: raw=0.00 score=0.00
2026-08-02 00:30:51,262 [WARNING] point_baseline_shadow_fallback entity_id=user_engineer_4 as_of=2026-01-02 13:18:00 active_shadow_count=0
2026-08-02 00:30:51,278 [WARNING] point_baseline_shadow_fallback entity_id=user_finance_8 as_of=2026-01-02 13:18:00 active_shadow_count=0
2026-08-02 00:30:51,294 [WARNING] point_baseline_shadow_fallback entity_id=user_finance_9 as_of=2026-01-02 13:18:00 active_shadow_count=0
2026-08-02 00:30:51,310 [WARNING] point_baseline_shadow_fallback entity_id=user_finance_12 as_of=2026-01-02 13:18:00 active_shadow_count=0
2026-08-02 00:30:51,310 [INFO] ANOMALY DETECTED: entity=user_finance_12 score=50.00 conf=0.71
2026-08-02 00:30:51,311 [INFO]   - login_hour_rarity: raw=0.00 score=0.00
2026-08-02 00:30:51,311 [INFO]   - geolocation_rarity: raw=0.00 score=0.00
2026-08-02 00:30:51,311 [INFO]   - endpoint_set_rarity: raw=0.00 score=0.00
2026-08-02 00:30:51,311 [INFO]   - process_name_rarity: raw=0.00 score=0.00
2026-08-02 00:30:51,311 [INFO]   - command_line_embedding_similarity: raw=1.00 score=50.00
2026-08-02 00:30:51,311 [INFO]   - total_volume_delta: raw=2.24 score=0.00
2026-08-02 00:30:51,311 [INFO]   - drift_alert: raw=0.00 score=0.00
2026-08-02 00:30:51,914 [WARNING] point_baseline_shadow_fallback entity_id=user_engineer_1 as_of=2026-01-02 13:20:00 active_shadow_count=0
2026-08-02 00:30:51,926 [WARNING] point_baseline_shadow_fallback entity_id=user_hr_14 as_of=2026-01-02 13:20:00 active_shadow_count=0
2026-08-02 00:30:51,940 [WARNING] point_baseline_shadow_fallback entity_id=user_finance_9 as_of=2026-01-02 13:20:00 active_shadow_count=0
2026-08-02 00:30:52,437 [WARNING] point_baseline_shadow_fallback entity_id=user_engineer_10 as_of=2026-01-02 13:21:00 active_shadow_count=0
2026-08-02 00:30:52,866 [WARNING] point_baseline_shadow_fallback entity_id=user_engineer_6 as_of=2026-01-02 13:22:00 active_shadow_count=0
2026-08-02 00:30:52,883 [WARNING] point_baseline_shadow_fallback entity_id=user_hr_7 as_of=2026-01-02 13:22:00 active_shadow_count=0
2026-08-02 00:30:52,900 [WARNING] point_baseline_shadow_fallback entity_id=user_finance_11 as_of=2026-01-02 13:22:00 active_shadow_count=0
2026-08-02 00:30:53,210 [WARNING] point_baseline_shadow_fallback entity_id=user_hr_4 as_of=2026-01-02 13:23:00 active_shadow_count=0
2026-08-02 00:30:53,211 [INFO] ANOMALY DETECTED: entity=user_hr_4 score=50.00 conf=0.74
2026-08-02 00:30:53,211 [INFO]   - login_hour_rarity: raw=0.00 score=0.00
2026-08-02 00:30:53,211 [INFO]   - geolocation_rarity: raw=0.00 score=0.00
2026-08-02 00:30:53,211 [INFO]   - endpoint_set_rarity: raw=0.00 score=0.00
2026-08-02 00:30:53,211 [INFO]   - process_name_rarity: raw=0.00 score=0.00
2026-08-02 00:30:53,211 [INFO]   - command_line_embedding_similarity: raw=1.00 score=50.00
2026-08-02 00:30:53,211 [INFO]   - total_volume_delta: raw=2.44 score=0.00
2026-08-02 00:30:53,211 [INFO]   - drift_alert: raw=0.00 score=0.00
2026-08-02 00:30:53,228 [WARNING] point_baseline_shadow_fallback entity_id=user_hr_5 as_of=2026-01-02 13:23:00 active_shadow_count=0
2026-08-02 00:30:53,529 [WARNING] point_baseline_shadow_fallback entity_id=user_hr_0 as_of=2026-01-02 13:24:00 active_shadow_count=0
2026-08-02 00:30:53,832 [WARNING] point_baseline_shadow_fallback entity_id=user_hr_8 as_of=2026-01-02 13:25:00 active_shadow_count=0
2026-08-02 00:30:53,848 [WARNING] point_baseline_shadow_fallback entity_id=user_finance_0 as_of=2026-01-02 13:25:00 active_shadow_count=0
2026-08-02 00:30:53,849 [INFO] ANOMALY DETECTED: entity=user_finance_0 score=50.59 conf=0.70
2026-08-02 00:30:53,849 [INFO]   - login_hour_rarity: raw=0.00 score=0.00
2026-08-02 00:30:53,849 [INFO]   - geolocation_rarity: raw=0.00 score=0.00
2026-08-02 00:30:53,849 [INFO]   - endpoint_set_rarity: raw=0.00 score=0.00
2026-08-02 00:30:53,849 [INFO]   - process_name_rarity: raw=0.39 score=0.59
2026-08-02 00:30:53,849 [INFO]   - command_line_embedding_similarity: raw=1.00 score=50.00
2026-08-02 00:30:53,849 [INFO]   - total_volume_delta: raw=2.63 score=0.00
2026-08-02 00:30:53,850 [INFO]   - drift_alert: raw=0.00 score=0.00
2026-08-02 00:30:53,867 [WARNING] point_baseline_shadow_fallback entity_id=user_finance_3 as_of=2026-01-02 13:25:00 active_shadow_count=0
2026-08-02 00:30:53,868 [INFO] ANOMALY DETECTED: entity=user_finance_3 score=50.59 conf=0.72
2026-08-02 00:30:53,868 [INFO]   - login_hour_rarity: raw=0.00 score=0.00
2026-08-02 00:30:53,868 [INFO]   - geolocation_rarity: raw=0.00 score=0.00
2026-08-02 00:30:53,868 [INFO]   - endpoint_set_rarity: raw=0.00 score=0.00
2026-08-02 00:30:53,868 [INFO]   - process_name_rarity: raw=0.39 score=0.59
2026-08-02 00:30:53,868 [INFO]   - command_line_embedding_similarity: raw=1.00 score=50.00
2026-08-02 00:30:53,868 [INFO]   - total_volume_delta: raw=3.13 score=0.00
2026-08-02 00:30:53,868 [INFO]   - drift_alert: raw=0.00 score=0.00
2026-08-02 00:30:53,892 [WARNING] point_baseline_shadow_fallback entity_id=user_finance_10 as_of=2026-01-02 13:25:00 active_shadow_count=0
2026-08-02 00:30:53,893 [INFO] ANOMALY DETECTED: entity=user_finance_10 score=50.00 conf=0.74
2026-08-02 00:30:53,893 [INFO]   - login_hour_rarity: raw=0.00 score=0.00
2026-08-02 00:30:53,893 [INFO]   - geolocation_rarity: raw=0.00 score=0.00
2026-08-02 00:30:53,893 [INFO]   - endpoint_set_rarity: raw=0.00 score=0.00
2026-08-02 00:30:53,893 [INFO]   - process_name_rarity: raw=0.00 score=0.00
2026-08-02 00:30:53,893 [INFO]   - command_line_embedding_similarity: raw=1.00 score=50.00
2026-08-02 00:30:53,893 [INFO]   - total_volume_delta: raw=2.85 score=0.00
2026-08-02 00:30:53,893 [INFO]   - drift_alert: raw=0.00 score=0.00
2026-08-02 00:30:54,182 [WARNING] point_baseline_shadow_fallback entity_id=user_hr_9 as_of=2026-01-02 13:26:00 active_shadow_count=0
2026-08-02 00:30:54,444 [WARNING] point_baseline_shadow_fallback entity_id=user_engineer_11 as_of=2026-01-02 13:27:00 active_shadow_count=0
2026-08-02 00:30:54,455 [WARNING] point_baseline_shadow_fallback entity_id=user_hr_13 as_of=2026-01-02 13:27:00 active_shadow_count=0
2026-08-02 00:30:54,737 [WARNING] point_baseline_shadow_fallback entity_id=user_finance_7 as_of=2026-01-02 13:28:00 active_shadow_count=0
2026-08-02 00:30:55,039 [WARNING] point_baseline_shadow_fallback entity_id=user_engineer_6 as_of=2026-01-02 13:29:00 active_shadow_count=0
2026-08-02 00:30:55,040 [INFO] ANOMALY DETECTED: entity=user_engineer_6 score=50.00 conf=0.74
2026-08-02 00:30:55,040 [INFO]   - login_hour_rarity: raw=0.00 score=0.00
2026-08-02 00:30:55,040 [INFO]   - geolocation_rarity: raw=0.00 score=0.00
2026-08-02 00:30:55,040 [INFO]   - endpoint_set_rarity: raw=0.00 score=0.00
2026-08-02 00:30:55,040 [INFO]   - process_name_rarity: raw=0.00 score=0.00
2026-08-02 00:30:55,040 [INFO]   - command_line_embedding_similarity: raw=1.00 score=50.00
2026-08-02 00:30:55,040 [INFO]   - total_volume_delta: raw=3.25 score=0.00
2026-08-02 00:30:55,040 [INFO]   - drift_alert: raw=0.00 score=0.00
2026-08-02 00:30:55,056 [WARNING] point_baseline_shadow_fallback entity_id=user_engineer_9 as_of=2026-01-02 13:29:00 active_shadow_count=0
2026-08-02 00:30:55,070 [WARNING] point_baseline_shadow_fallback entity_id=user_engineer_10 as_of=2026-01-02 13:29:00 active_shadow_count=0
2026-08-02 00:30:55,102 [WARNING] point_baseline_shadow_fallback entity_id=user_finance_4 as_of=2026-01-02 13:29:00 active_shadow_count=0
2026-08-02 00:30:55,103 [INFO] ANOMALY DETECTED: entity=user_finance_4 score=50.00 conf=0.73
2026-08-02 00:30:55,103 [INFO]   - login_hour_rarity: raw=0.00 score=0.00
2026-08-02 00:30:55,103 [INFO]   - geolocation_rarity: raw=0.00 score=0.00
2026-08-02 00:30:55,103 [INFO]   - endpoint_set_rarity: raw=0.00 score=0.00
2026-08-02 00:30:55,103 [INFO]   - process_name_rarity: raw=0.00 score=0.00
2026-08-02 00:30:55,103 [INFO]   - command_line_embedding_similarity: raw=1.00 score=50.00
2026-08-02 00:30:55,103 [INFO]   - total_volume_delta: raw=2.85 score=0.00
2026-08-02 00:30:55,103 [INFO]   - drift_alert: raw=0.00 score=0.00
2026-08-02 00:30:55,405 [WARNING] point_baseline_shadow_fallback entity_id=user_engineer_1 as_of=2026-01-02 13:30:00 active_shadow_count=0
2026-08-02 00:30:55,422 [WARNING] point_baseline_shadow_fallback entity_id=user_engineer_6 as_of=2026-01-02 13:30:00 active_shadow_count=0
2026-08-02 00:30:55,423 [INFO] ANOMALY DETECTED: entity=user_engineer_6 score=50.00 conf=0.74
2026-08-02 00:30:55,423 [INFO]   - login_hour_rarity: raw=0.00 score=0.00
2026-08-02 00:30:55,423 [INFO]   - geolocation_rarity: raw=0.00 score=0.00
2026-08-02 00:30:55,423 [INFO]   - endpoint_set_rarity: raw=0.00 score=0.00
2026-08-02 00:30:55,423 [INFO]   - process_name_rarity: raw=0.00 score=0.00
2026-08-02 00:30:55,423 [INFO]   - command_line_embedding_similarity: raw=1.00 score=50.00
2026-08-02 00:30:55,423 [INFO]   - total_volume_delta: raw=3.25 score=0.00
2026-08-02 00:30:55,423 [INFO]   - drift_alert: raw=0.00 score=0.00
2026-08-02 00:30:55,439 [WARNING] point_baseline_shadow_fallback entity_id=user_finance_5 as_of=2026-01-02 13:30:00 active_shadow_count=0
2026-08-02 00:30:56,021 [WARNING] point_baseline_shadow_fallback entity_id=user_hr_0 as_of=2026-01-02 13:32:00 active_shadow_count=0
2026-08-02 00:30:56,022 [INFO] ANOMALY DETECTED: entity=user_hr_0 score=50.00 conf=0.74
2026-08-02 00:30:56,022 [INFO]   - login_hour_rarity: raw=0.00 score=0.00
2026-08-02 00:30:56,022 [INFO]   - geolocation_rarity: raw=0.00 score=0.00
2026-08-02 00:30:56,022 [INFO]   - endpoint_set_rarity: raw=0.00 score=0.00
2026-08-02 00:30:56,022 [INFO]   - process_name_rarity: raw=0.00 score=0.00
2026-08-02 00:30:56,022 [INFO]   - command_line_embedding_similarity: raw=1.00 score=50.00
2026-08-02 00:30:56,022 [INFO]   - total_volume_delta: raw=3.17 score=0.00
2026-08-02 00:30:56,022 [INFO]   - drift_alert: raw=0.00 score=0.00
2026-08-02 00:30:56,039 [WARNING] point_baseline_shadow_fallback entity_id=user_finance_1 as_of=2026-01-02 13:32:00 active_shadow_count=0
2026-08-02 00:30:56,052 [WARNING] point_baseline_shadow_fallback entity_id=user_finance_12 as_of=2026-01-02 13:32:00 active_shadow_count=0
2026-08-02 00:30:56,666 [WARNING] point_baseline_shadow_fallback entity_id=user_engineer_3 as_of=2026-01-02 13:34:00 active_shadow_count=0
2026-08-02 00:30:57,004 [WARNING] point_baseline_shadow_fallback entity_id=user_finance_1 as_of=2026-01-02 13:35:00 active_shadow_count=0
2026-08-02 00:30:57,313 [WARNING] point_baseline_shadow_fallback entity_id=user_engineer_0 as_of=2026-01-02 13:36:00 active_shadow_count=0
2026-08-02 00:30:57,329 [WARNING] point_baseline_shadow_fallback entity_id=user_engineer_1 as_of=2026-01-02 13:36:00 active_shadow_count=0
2026-08-02 00:30:57,343 [WARNING] point_baseline_shadow_fallback entity_id=user_hr_8 as_of=2026-01-02 13:36:00 active_shadow_count=0
2026-08-02 00:30:57,629 [WARNING] point_baseline_shadow_fallback entity_id=user_finance_10 as_of=2026-01-02 13:37:00 active_shadow_count=0
2026-08-02 00:30:57,646 [WARNING] point_baseline_shadow_fallback entity_id=user_finance_11 as_of=2026-01-02 13:37:00 active_shadow_count=0
2026-08-02 00:30:58,464 [WARNING] point_baseline_shadow_fallback entity_id=user_hr_7 as_of=2026-01-02 13:39:00 active_shadow_count=0
2026-08-02 00:30:58,464 [INFO] ANOMALY DETECTED: entity=user_hr_7 score=50.00 conf=0.76
2026-08-02 00:30:58,464 [INFO]   - login_hour_rarity: raw=0.00 score=0.00
2026-08-02 00:30:58,464 [INFO]   - geolocation_rarity: raw=0.00 score=0.00
2026-08-02 00:30:58,465 [INFO]   - endpoint_set_rarity: raw=0.00 score=0.00
2026-08-02 00:30:58,465 [INFO]   - process_name_rarity: raw=0.00 score=0.00
2026-08-02 00:30:58,465 [INFO]   - command_line_embedding_similarity: raw=1.00 score=50.00
2026-08-02 00:30:58,465 [INFO]   - total_volume_delta: raw=3.04 score=0.00
2026-08-02 00:30:58,465 [INFO]   - drift_alert: raw=0.00 score=0.00
2026-08-02 00:30:58,773 [WARNING] point_baseline_shadow_fallback entity_id=user_finance_10 as_of=2026-01-02 13:40:00 active_shadow_count=0
2026-08-02 00:30:59,082 [WARNING] point_baseline_shadow_fallback entity_id=user_hr_0 as_of=2026-01-02 13:41:00 active_shadow_count=0
2026-08-02 00:30:59,100 [WARNING] point_baseline_shadow_fallback entity_id=user_finance_0 as_of=2026-01-02 13:41:00 active_shadow_count=0
2026-08-02 00:30:59,115 [WARNING] point_baseline_shadow_fallback entity_id=user_finance_5 as_of=2026-01-02 13:41:00 active_shadow_count=0
2026-08-02 00:30:59,426 [INFO] ANOMALY DETECTED: entity=user_hr_10 score=50.00 conf=0.74
2026-08-02 00:30:59,426 [INFO]   - login_hour_rarity: raw=0.00 score=0.00
2026-08-02 00:30:59,426 [INFO]   - geolocation_rarity: raw=0.00 score=0.00
2026-08-02 00:30:59,426 [INFO]   - endpoint_set_rarity: raw=0.00 score=0.00
2026-08-02 00:30:59,426 [INFO]   - process_name_rarity: raw=0.00 score=0.00
2026-08-02 00:30:59,426 [INFO]   - command_line_embedding_similarity: raw=1.00 score=50.00
2026-08-02 00:30:59,427 [INFO]   - total_volume_delta: raw=2.93 score=0.00
2026-08-02 00:30:59,427 [INFO]   - drift_alert: raw=0.00 score=0.00
2026-08-02 00:30:59,755 [WARNING] point_baseline_shadow_fallback entity_id=user_hr_0 as_of=2026-01-02 13:43:00 active_shadow_count=0
2026-08-02 00:31:00,045 [WARNING] point_baseline_shadow_fallback entity_id=user_hr_6 as_of=2026-01-02 13:44:00 active_shadow_count=0
2026-08-02 00:31:00,316 [WARNING] point_baseline_shadow_fallback entity_id=user_engineer_2 as_of=2026-01-02 13:45:00 active_shadow_count=0
2026-08-02 00:31:00,333 [WARNING] point_baseline_shadow_fallback entity_id=user_engineer_5 as_of=2026-01-02 13:45:00 active_shadow_count=0
2026-08-02 00:31:00,334 [INFO] ANOMALY DETECTED: entity=user_engineer_5 score=50.00 conf=0.78
2026-08-02 00:31:00,334 [INFO]   - login_hour_rarity: raw=0.00 score=0.00
2026-08-02 00:31:00,334 [INFO]   - geolocation_rarity: raw=0.00 score=0.00
2026-08-02 00:31:00,334 [INFO]   - endpoint_set_rarity: raw=0.00 score=0.00
2026-08-02 00:31:00,334 [INFO]   - process_name_rarity: raw=0.00 score=0.00
2026-08-02 00:31:00,334 [INFO]   - command_line_embedding_similarity: raw=1.00 score=50.00
2026-08-02 00:31:00,334 [INFO]   - total_volume_delta: raw=2.87 score=0.00
2026-08-02 00:31:00,334 [INFO]   - drift_alert: raw=0.00 score=0.00
2026-08-02 00:31:00,348 [WARNING] point_baseline_shadow_fallback entity_id=user_engineer_7 as_of=2026-01-02 13:45:00 active_shadow_count=0
2026-08-02 00:31:00,349 [INFO] ANOMALY DETECTED: entity=user_engineer_7 score=50.00 conf=0.74
2026-08-02 00:31:00,349 [INFO]   - login_hour_rarity: raw=0.00 score=0.00
2026-08-02 00:31:00,349 [INFO]   - geolocation_rarity: raw=0.00 score=0.00
2026-08-02 00:31:00,349 [INFO]   - endpoint_set_rarity: raw=0.00 score=0.00
2026-08-02 00:31:00,350 [INFO]   - process_name_rarity: raw=0.00 score=0.00
2026-08-02 00:31:00,350 [INFO]   - command_line_embedding_similarity: raw=1.00 score=50.00
2026-08-02 00:31:00,350 [INFO]   - total_volume_delta: raw=2.85 score=0.00
2026-08-02 00:31:00,350 [INFO]   - drift_alert: raw=0.00 score=0.00
2026-08-02 00:31:00,367 [WARNING] point_baseline_shadow_fallback entity_id=user_hr_0 as_of=2026-01-02 13:45:00 active_shadow_count=0
2026-08-02 00:31:00,367 [INFO] ANOMALY DETECTED: entity=user_hr_0 score=50.00 conf=0.74
2026-08-02 00:31:00,368 [INFO]   - login_hour_rarity: raw=0.00 score=0.00
2026-08-02 00:31:00,368 [INFO]   - geolocation_rarity: raw=0.00 score=0.00
2026-08-02 00:31:00,368 [INFO]   - endpoint_set_rarity: raw=0.00 score=0.00
2026-08-02 00:31:00,368 [INFO]   - process_name_rarity: raw=0.00 score=0.00
2026-08-02 00:31:00,368 [INFO]   - command_line_embedding_similarity: raw=1.00 score=50.00
2026-08-02 00:31:00,368 [INFO]   - total_volume_delta: raw=3.17 score=0.00
2026-08-02 00:31:00,368 [INFO]   - drift_alert: raw=0.00 score=0.00
2026-08-02 00:31:00,381 [WARNING] point_baseline_shadow_fallback entity_id=user_hr_10 as_of=2026-01-02 13:45:00 active_shadow_count=0
2026-08-02 00:31:00,396 [WARNING] point_baseline_shadow_fallback entity_id=user_finance_8 as_of=2026-01-02 13:45:00 active_shadow_count=0
2026-08-02 00:31:01,220 [WARNING] point_baseline_shadow_fallback entity_id=user_hr_9 as_of=2026-01-02 13:47:00 active_shadow_count=0
2026-08-02 00:31:01,235 [WARNING] point_baseline_shadow_fallback entity_id=user_finance_10 as_of=2026-01-02 13:47:00 active_shadow_count=0
2026-08-02 00:31:01,560 [WARNING] point_baseline_shadow_fallback entity_id=user_engineer_7 as_of=2026-01-02 13:48:00 active_shadow_count=0
2026-08-02 00:31:01,581 [WARNING] point_baseline_shadow_fallback entity_id=user_engineer_8 as_of=2026-01-02 13:48:00 active_shadow_count=0
2026-08-02 00:31:01,613 [WARNING] point_baseline_shadow_fallback entity_id=user_finance_9 as_of=2026-01-02 13:48:00 active_shadow_count=0
2026-08-02 00:31:01,929 [WARNING] point_baseline_shadow_fallback entity_id=user_engineer_6 as_of=2026-01-02 13:49:00 active_shadow_count=0
2026-08-02 00:31:01,944 [WARNING] point_baseline_shadow_fallback entity_id=user_engineer_8 as_of=2026-01-02 13:49:00 active_shadow_count=0
2026-08-02 00:31:01,945 [INFO] ANOMALY DETECTED: entity=user_engineer_8 score=50.01 conf=0.78
2026-08-02 00:31:01,945 [INFO]   - login_hour_rarity: raw=0.00 score=0.00
2026-08-02 00:31:01,945 [INFO]   - geolocation_rarity: raw=0.00 score=0.00
2026-08-02 00:31:01,945 [INFO]   - endpoint_set_rarity: raw=0.00 score=0.00
2026-08-02 00:31:01,945 [INFO]   - process_name_rarity: raw=0.00 score=0.01
2026-08-02 00:31:01,945 [INFO]   - command_line_embedding_similarity: raw=1.00 score=50.00
2026-08-02 00:31:01,945 [INFO]   - total_volume_delta: raw=3.49 score=0.00
2026-08-02 00:31:01,945 [INFO]   - drift_alert: raw=0.00 score=0.00
2026-08-02 00:31:01,961 [WARNING] point_baseline_shadow_fallback entity_id=user_engineer_9 as_of=2026-01-02 13:49:00 active_shadow_count=0
2026-08-02 00:31:02,273 [WARNING] point_baseline_shadow_fallback entity_id=user_engineer_6 as_of=2026-01-02 13:50:00 active_shadow_count=0
2026-08-02 00:31:02,274 [INFO] ANOMALY DETECTED: entity=user_engineer_6 score=50.00 conf=0.74
2026-08-02 00:31:02,274 [INFO]   - login_hour_rarity: raw=0.00 score=0.00
2026-08-02 00:31:02,274 [INFO]   - geolocation_rarity: raw=0.00 score=0.00
2026-08-02 00:31:02,274 [INFO]   - endpoint_set_rarity: raw=0.00 score=0.00
2026-08-02 00:31:02,275 [INFO]   - process_name_rarity: raw=0.00 score=0.00
2026-08-02 00:31:02,275 [INFO]   - command_line_embedding_similarity: raw=1.00 score=50.00
2026-08-02 00:31:02,275 [INFO]   - total_volume_delta: raw=3.25 score=0.00
2026-08-02 00:31:02,275 [INFO]   - drift_alert: raw=0.00 score=0.00
2026-08-02 00:31:02,290 [WARNING] point_baseline_shadow_fallback entity_id=user_hr_6 as_of=2026-01-02 13:50:00 active_shadow_count=0
2026-08-02 00:31:02,307 [WARNING] point_baseline_shadow_fallback entity_id=user_finance_0 as_of=2026-01-02 13:50:00 active_shadow_count=0
2026-08-02 00:31:02,307 [INFO] ANOMALY DETECTED: entity=user_finance_0 score=50.59 conf=0.70
2026-08-02 00:31:02,308 [INFO]   - login_hour_rarity: raw=0.00 score=0.00
2026-08-02 00:31:02,308 [INFO]   - geolocation_rarity: raw=0.00 score=0.00
2026-08-02 00:31:02,308 [INFO]   - endpoint_set_rarity: raw=0.00 score=0.00
2026-08-02 00:31:02,308 [INFO]   - process_name_rarity: raw=0.39 score=0.59
2026-08-02 00:31:02,308 [INFO]   - command_line_embedding_similarity: raw=1.00 score=50.00
2026-08-02 00:31:02,308 [INFO]   - total_volume_delta: raw=2.63 score=0.00
2026-08-02 00:31:02,308 [INFO]   - drift_alert: raw=0.00 score=0.00
2026-08-02 00:31:02,882 [WARNING] point_baseline_shadow_fallback entity_id=user_engineer_1 as_of=2026-01-02 13:52:00 active_shadow_count=0
2026-08-02 00:31:02,883 [INFO] ANOMALY DETECTED: entity=user_engineer_1 score=50.55 conf=0.66
2026-08-02 00:31:02,883 [INFO]   - login_hour_rarity: raw=0.00 score=0.00
2026-08-02 00:31:02,883 [INFO]   - geolocation_rarity: raw=0.00 score=0.00
2026-08-02 00:31:02,883 [INFO]   - endpoint_set_rarity: raw=0.00 score=0.00
2026-08-02 00:31:02,883 [INFO]   - process_name_rarity: raw=0.36 score=0.55
2026-08-02 00:31:02,883 [INFO]   - command_line_embedding_similarity: raw=1.00 score=50.00
2026-08-02 00:31:02,883 [INFO]   - total_volume_delta: raw=3.75 score=0.00
2026-08-02 00:31:02,883 [INFO]   - drift_alert: raw=0.00 score=0.00
2026-08-02 00:31:02,897 [WARNING] point_baseline_shadow_fallback entity_id=user_finance_9 as_of=2026-01-02 13:52:00 active_shadow_count=0
2026-08-02 00:31:02,911 [WARNING] point_baseline_shadow_fallback entity_id=user_finance_14 as_of=2026-01-02 13:52:00 active_shadow_count=0
2026-08-02 00:31:03,217 [WARNING] point_baseline_shadow_fallback entity_id=user_engineer_4 as_of=2026-01-02 13:53:00 active_shadow_count=0
2026-08-02 00:31:03,233 [WARNING] point_baseline_shadow_fallback entity_id=user_hr_13 as_of=2026-01-02 13:53:00 active_shadow_count=0
2026-08-02 00:31:03,249 [WARNING] point_baseline_shadow_fallback entity_id=user_finance_4 as_of=2026-01-02 13:53:00 active_shadow_count=0
2026-08-02 00:31:03,263 [WARNING] point_baseline_shadow_fallback entity_id=user_finance_9 as_of=2026-01-02 13:53:00 active_shadow_count=0
2026-08-02 00:31:04,482 [WARNING] point_baseline_shadow_fallback entity_id=user_engineer_8 as_of=2026-01-02 13:54:00 active_shadow_count=0
2026-08-02 00:31:04,805 [WARNING] point_baseline_shadow_fallback entity_id=user_engineer_3 as_of=2026-01-02 13:55:00 active_shadow_count=0
2026-08-02 00:31:04,832 [WARNING] point_baseline_shadow_fallback entity_id=user_hr_4 as_of=2026-01-02 13:55:00 active_shadow_count=0
2026-08-02 00:31:05,140 [WARNING] point_baseline_shadow_fallback entity_id=user_engineer_2 as_of=2026-01-02 13:56:00 active_shadow_count=0
2026-08-02 00:31:05,154 [WARNING] point_baseline_shadow_fallback entity_id=user_engineer_11 as_of=2026-01-02 13:56:00 active_shadow_count=0
2026-08-02 00:31:05,453 [WARNING] point_baseline_shadow_fallback entity_id=user_hr_7 as_of=2026-01-02 13:57:00 active_shadow_count=0
2026-08-02 00:31:05,752 [WARNING] point_baseline_shadow_fallback entity_id=user_hr_7 as_of=2026-01-02 13:58:00 active_shadow_count=0
2026-08-02 00:31:05,753 [INFO] ANOMALY DETECTED: entity=user_hr_7 score=50.00 conf=0.76
2026-08-02 00:31:05,753 [INFO]   - login_hour_rarity: raw=0.00 score=0.00
2026-08-02 00:31:05,753 [INFO]   - geolocation_rarity: raw=0.00 score=0.00
2026-08-02 00:31:05,753 [INFO]   - endpoint_set_rarity: raw=0.00 score=0.00
2026-08-02 00:31:05,753 [INFO]   - process_name_rarity: raw=0.00 score=0.00
2026-08-02 00:31:05,753 [INFO]   - command_line_embedding_similarity: raw=1.00 score=50.00
2026-08-02 00:31:05,753 [INFO]   - total_volume_delta: raw=3.04 score=0.00
2026-08-02 00:31:05,753 [INFO]   - drift_alert: raw=0.00 score=0.00
2026-08-02 00:31:05,768 [WARNING] point_baseline_shadow_fallback entity_id=user_finance_9 as_of=2026-01-02 13:58:00 active_shadow_count=0
2026-08-02 00:31:06,066 [WARNING] point_baseline_shadow_fallback entity_id=user_hr_0 as_of=2026-01-02 13:59:00 active_shadow_count=0
2026-08-02 00:31:06,067 [INFO] ANOMALY DETECTED: entity=user_hr_0 score=50.00 conf=0.74
2026-08-02 00:31:06,067 [INFO]   - login_hour_rarity: raw=0.00 score=0.00
2026-08-02 00:31:06,067 [INFO]   - geolocation_rarity: raw=0.00 score=0.00
2026-08-02 00:31:06,067 [INFO]   - endpoint_set_rarity: raw=0.00 score=0.00
2026-08-02 00:31:06,067 [INFO]   - process_name_rarity: raw=0.00 score=0.00
2026-08-02 00:31:06,067 [INFO]   - command_line_embedding_similarity: raw=1.00 score=50.00
2026-08-02 00:31:06,067 [INFO]   - total_volume_delta: raw=3.17 score=0.00
2026-08-02 00:31:06,067 [INFO]   - drift_alert: raw=0.00 score=0.00
2026-08-02 00:31:06,084 [WARNING] point_baseline_shadow_fallback entity_id=user_hr_10 as_of=2026-01-02 13:59:00 active_shadow_count=0
2026-08-02 00:31:06,101 [WARNING] point_baseline_shadow_fallback entity_id=user_hr_12 as_of=2026-01-02 13:59:00 active_shadow_count=0
2026-08-02 00:31:06,117 [WARNING] point_baseline_shadow_fallback entity_id=user_finance_11 as_of=2026-01-02 13:59:00 active_shadow_count=0
2026-08-02 00:31:06,118 [INFO] ANOMALY DETECTED: entity=user_finance_11 score=50.02 conf=0.79
2026-08-02 00:31:06,118 [INFO]   - login_hour_rarity: raw=0.00 score=0.00
2026-08-02 00:31:06,118 [INFO]   - geolocation_rarity: raw=0.00 score=0.00
2026-08-02 00:31:06,118 [INFO]   - endpoint_set_rarity: raw=0.00 score=0.00
2026-08-02 00:31:06,118 [INFO]   - process_name_rarity: raw=0.01 score=0.02
2026-08-02 00:31:06,118 [INFO]   - command_line_embedding_similarity: raw=1.00 score=50.00
2026-08-02 00:31:06,118 [INFO]   - total_volume_delta: raw=2.97 score=0.00
2026-08-02 00:31:06,118 [INFO]   - drift_alert: raw=0.00 score=0.00
2026-08-02 00:31:06,453 [WARNING] point_baseline_shadow_fallback entity_id=user_hr_8 as_of=2026-01-02 14:00:00 active_shadow_count=0
2026-08-02 00:31:06,783 [WARNING] point_baseline_shadow_fallback entity_id=user_hr_5 as_of=2026-01-02 14:01:00 active_shadow_count=0
2026-08-02 00:31:06,801 [WARNING] point_baseline_shadow_fallback entity_id=user_hr_7 as_of=2026-01-02 14:01:00 active_shadow_count=0
2026-08-02 00:31:06,820 [WARNING] point_baseline_shadow_fallback entity_id=user_finance_8 as_of=2026-01-02 14:01:00 active_shadow_count=0
2026-08-02 00:31:07,106 [WARNING] point_baseline_shadow_fallback entity_id=user_finance_7 as_of=2026-01-02 14:02:00 active_shadow_count=0
2026-08-02 00:31:07,110 [INFO] ANOMALY DETECTED: entity=user_finance_7 score=50.59 conf=0.77
2026-08-02 00:31:07,110 [INFO]   - login_hour_rarity: raw=0.00 score=0.00
2026-08-02 00:31:07,110 [INFO]   - geolocation_rarity: raw=0.00 score=0.00
2026-08-02 00:31:07,111 [INFO]   - endpoint_set_rarity: raw=0.00 score=0.00
2026-08-02 00:31:07,111 [INFO]   - process_name_rarity: raw=0.39 score=0.59
2026-08-02 00:31:07,111 [INFO]   - command_line_embedding_similarity: raw=1.00 score=50.00
2026-08-02 00:31:07,111 [INFO]   - total_volume_delta: raw=2.62 score=0.00
2026-08-02 00:31:07,111 [INFO]   - drift_alert: raw=0.00 score=0.00
2026-08-02 00:31:07,125 [WARNING] point_baseline_shadow_fallback entity_id=user_finance_14 as_of=2026-01-02 14:02:00 active_shadow_count=0
2026-08-02 00:31:07,398 [WARNING] point_baseline_shadow_fallback entity_id=user_engineer_4 as_of=2026-01-02 14:03:00 active_shadow_count=0
2026-08-02 00:31:07,410 [WARNING] point_baseline_shadow_fallback entity_id=user_hr_1 as_of=2026-01-02 14:03:00 active_shadow_count=0
2026-08-02 00:31:07,411 [INFO] ANOMALY DETECTED: entity=user_hr_1 score=50.00 conf=0.77
2026-08-02 00:31:07,411 [INFO]   - login_hour_rarity: raw=0.00 score=0.00
2026-08-02 00:31:07,411 [INFO]   - geolocation_rarity: raw=0.00 score=0.00
2026-08-02 00:31:07,411 [INFO]   - endpoint_set_rarity: raw=0.00 score=0.00
2026-08-02 00:31:07,411 [INFO]   - process_name_rarity: raw=0.00 score=0.00
2026-08-02 00:31:07,411 [INFO]   - command_line_embedding_similarity: raw=1.00 score=50.00
2026-08-02 00:31:07,411 [INFO]   - total_volume_delta: raw=3.04 score=0.00
2026-08-02 00:31:07,411 [INFO]   - drift_alert: raw=0.00 score=0.00
2026-08-02 00:31:07,423 [WARNING] point_baseline_shadow_fallback entity_id=user_hr_6 as_of=2026-01-02 14:03:00 active_shadow_count=0
2026-08-02 00:31:07,435 [WARNING] point_baseline_shadow_fallback entity_id=user_hr_8 as_of=2026-01-02 14:03:00 active_shadow_count=0
2026-08-02 00:31:07,447 [WARNING] point_baseline_shadow_fallback entity_id=user_hr_9 as_of=2026-01-02 14:03:00 active_shadow_count=0
2026-08-02 00:31:07,451 [INFO] ANOMALY DETECTED: entity=user_hr_9 score=50.01 conf=0.76
2026-08-02 00:31:07,451 [INFO]   - login_hour_rarity: raw=0.00 score=0.00
2026-08-02 00:31:07,451 [INFO]   - geolocation_rarity: raw=0.00 score=0.00
2026-08-02 00:31:07,451 [INFO]   - endpoint_set_rarity: raw=0.00 score=0.00
2026-08-02 00:31:07,451 [INFO]   - process_name_rarity: raw=0.01 score=0.01
2026-08-02 00:31:07,451 [INFO]   - command_line_embedding_similarity: raw=1.00 score=50.00
2026-08-02 00:31:07,451 [INFO]   - total_volume_delta: raw=3.36 score=0.00
2026-08-02 00:31:07,451 [INFO]   - drift_alert: raw=0.00 score=0.00
2026-08-02 00:31:07,464 [WARNING] point_baseline_shadow_fallback entity_id=user_hr_13 as_of=2026-01-02 14:03:00 active_shadow_count=0
2026-08-02 00:31:07,465 [INFO] ANOMALY DETECTED: entity=user_hr_13 score=50.01 conf=0.76
2026-08-02 00:31:07,465 [INFO]   - login_hour_rarity: raw=0.00 score=0.00
2026-08-02 00:31:07,465 [INFO]   - geolocation_rarity: raw=0.00 score=0.00
2026-08-02 00:31:07,465 [INFO]   - endpoint_set_rarity: raw=0.00 score=0.00
2026-08-02 00:31:07,465 [INFO]   - process_name_rarity: raw=0.01 score=0.01
2026-08-02 00:31:07,465 [INFO]   - command_line_embedding_similarity: raw=1.00 score=50.00
2026-08-02 00:31:07,465 [INFO]   - total_volume_delta: raw=2.32 score=0.00
2026-08-02 00:31:07,465 [INFO]   - drift_alert: raw=0.00 score=0.00
2026-08-02 00:31:07,477 [WARNING] point_baseline_shadow_fallback entity_id=user_finance_3 as_of=2026-01-02 14:03:00 active_shadow_count=0
2026-08-02 00:31:07,744 [WARNING] point_baseline_shadow_fallback entity_id=user_hr_0 as_of=2026-01-02 14:04:00 active_shadow_count=0
2026-08-02 00:31:07,756 [WARNING] point_baseline_shadow_fallback entity_id=user_hr_9 as_of=2026-01-02 14:04:00 active_shadow_count=0
2026-08-02 00:31:07,757 [INFO] ANOMALY DETECTED: entity=user_hr_9 score=50.01 conf=0.76
2026-08-02 00:31:07,757 [INFO]   - login_hour_rarity: raw=0.00 score=0.00
2026-08-02 00:31:07,757 [INFO]   - geolocation_rarity: raw=0.00 score=0.00
2026-08-02 00:31:07,757 [INFO]   - endpoint_set_rarity: raw=0.00 score=0.00
2026-08-02 00:31:07,757 [INFO]   - process_name_rarity: raw=0.01 score=0.01
2026-08-02 00:31:07,757 [INFO]   - command_line_embedding_similarity: raw=1.00 score=50.00
2026-08-02 00:31:07,757 [INFO]   - total_volume_delta: raw=3.36 score=0.00
2026-08-02 00:31:07,757 [INFO]   - drift_alert: raw=0.00 score=0.00
2026-08-02 00:31:08,019 [WARNING] point_baseline_shadow_fallback entity_id=user_hr_7 as_of=2026-01-02 14:05:00 active_shadow_count=0
2026-08-02 00:31:08,315 [WARNING] point_baseline_shadow_fallback entity_id=user_hr_13 as_of=2026-01-02 14:06:00 active_shadow_count=0
2026-08-02 00:31:08,329 [WARNING] point_baseline_shadow_fallback entity_id=user_finance_1 as_of=2026-01-02 14:06:00 active_shadow_count=0
2026-08-02 00:31:08,642 [WARNING] point_baseline_shadow_fallback entity_id=user_engineer_3 as_of=2026-01-02 14:07:00 active_shadow_count=0
2026-08-02 00:31:08,916 [WARNING] point_baseline_shadow_fallback entity_id=user_hr_1 as_of=2026-01-02 14:08:00 active_shadow_count=0
2026-08-02 00:31:08,939 [WARNING] point_baseline_shadow_fallback entity_id=user_hr_14 as_of=2026-01-02 14:08:00 active_shadow_count=0
2026-08-02 00:31:09,521 [WARNING] point_baseline_shadow_fallback entity_id=user_engineer_5 as_of=2026-01-02 14:09:00 active_shadow_count=0
2026-08-02 00:31:09,537 [WARNING] point_baseline_shadow_fallback entity_id=user_hr_7 as_of=2026-01-02 14:09:00 active_shadow_count=0
2026-08-02 00:31:09,842 [WARNING] point_baseline_shadow_fallback entity_id=user_engineer_12 as_of=2026-01-02 14:10:00 active_shadow_count=0
2026-08-02 00:31:09,857 [WARNING] point_baseline_shadow_fallback entity_id=user_finance_2 as_of=2026-01-02 14:10:00 active_shadow_count=0
2026-08-02 00:31:09,858 [INFO] ANOMALY DETECTED: entity=user_finance_2 score=50.00 conf=0.76
2026-08-02 00:31:09,858 [INFO]   - login_hour_rarity: raw=0.00 score=0.00
2026-08-02 00:31:09,858 [INFO]   - geolocation_rarity: raw=0.00 score=0.00
2026-08-02 00:31:09,858 [INFO]   - endpoint_set_rarity: raw=0.00 score=0.00
2026-08-02 00:31:09,858 [INFO]   - process_name_rarity: raw=0.00 score=0.00
2026-08-02 00:31:09,858 [INFO]   - command_line_embedding_similarity: raw=1.00 score=50.00
2026-08-02 00:31:09,858 [INFO]   - total_volume_delta: raw=3.77 score=0.00
2026-08-02 00:31:09,858 [INFO]   - drift_alert: raw=0.00 score=0.00
2026-08-02 00:31:10,164 [WARNING] point_baseline_shadow_fallback entity_id=user_engineer_11 as_of=2026-01-02 14:11:00 active_shadow_count=0
2026-08-02 00:31:10,177 [WARNING] point_baseline_shadow_fallback entity_id=user_hr_12 as_of=2026-01-02 14:11:00 active_shadow_count=0
2026-08-02 00:31:10,190 [WARNING] point_baseline_shadow_fallback entity_id=user_hr_14 as_of=2026-01-02 14:11:00 active_shadow_count=0
2026-08-02 00:31:10,191 [INFO] ANOMALY DETECTED: entity=user_hr_14 score=50.00 conf=0.74
2026-08-02 00:31:10,191 [INFO]   - login_hour_rarity: raw=0.00 score=0.00
2026-08-02 00:31:10,191 [INFO]   - geolocation_rarity: raw=0.00 score=0.00
2026-08-02 00:31:10,191 [INFO]   - endpoint_set_rarity: raw=0.00 score=0.00
2026-08-02 00:31:10,191 [INFO]   - process_name_rarity: raw=0.00 score=0.00
2026-08-02 00:31:10,191 [INFO]   - command_line_embedding_similarity: raw=1.00 score=50.00
2026-08-02 00:31:10,191 [INFO]   - total_volume_delta: raw=4.21 score=0.00
2026-08-02 00:31:10,191 [INFO]   - drift_alert: raw=0.00 score=0.00
2026-08-02 00:31:10,204 [WARNING] point_baseline_shadow_fallback entity_id=user_finance_11 as_of=2026-01-02 14:11:00 active_shadow_count=0
2026-08-02 00:31:10,217 [WARNING] point_baseline_shadow_fallback entity_id=user_finance_14 as_of=2026-01-02 14:11:00 active_shadow_count=0
2026-08-02 00:31:10,488 [WARNING] point_baseline_shadow_fallback entity_id=user_finance_0 as_of=2026-01-02 14:12:00 active_shadow_count=0
2026-08-02 00:31:10,766 [WARNING] point_baseline_shadow_fallback entity_id=user_engineer_6 as_of=2026-01-02 14:13:00 active_shadow_count=0
2026-08-02 00:31:10,771 [INFO] ANOMALY DETECTED: entity=user_engineer_6 score=50.00 conf=0.74
2026-08-02 00:31:10,771 [INFO]   - login_hour_rarity: raw=0.00 score=0.00
2026-08-02 00:31:10,771 [INFO]   - geolocation_rarity: raw=0.00 score=0.00
2026-08-02 00:31:10,771 [INFO]   - endpoint_set_rarity: raw=0.00 score=0.00
2026-08-02 00:31:10,771 [INFO]   - process_name_rarity: raw=0.00 score=0.00
2026-08-02 00:31:10,771 [INFO]   - command_line_embedding_similarity: raw=1.00 score=50.00
2026-08-02 00:31:10,771 [INFO]   - total_volume_delta: raw=3.25 score=0.00
2026-08-02 00:31:10,771 [INFO]   - drift_alert: raw=0.00 score=0.00
2026-08-02 00:31:10,784 [WARNING] point_baseline_shadow_fallback entity_id=user_hr_10 as_of=2026-01-02 14:13:00 active_shadow_count=0
2026-08-02 00:31:10,796 [WARNING] point_baseline_shadow_fallback entity_id=user_finance_0 as_of=2026-01-02 14:13:00 active_shadow_count=0
2026-08-02 00:31:10,797 [INFO] ANOMALY DETECTED: entity=user_finance_0 score=50.59 conf=0.70
2026-08-02 00:31:10,797 [INFO]   - login_hour_rarity: raw=0.00 score=0.00
2026-08-02 00:31:10,797 [INFO]   - geolocation_rarity: raw=0.00 score=0.00
2026-08-02 00:31:10,797 [INFO]   - endpoint_set_rarity: raw=0.00 score=0.00
2026-08-02 00:31:10,797 [INFO]   - process_name_rarity: raw=0.39 score=0.59
2026-08-02 00:31:10,797 [INFO]   - command_line_embedding_similarity: raw=1.00 score=50.00
2026-08-02 00:31:10,797 [INFO]   - total_volume_delta: raw=2.63 score=0.00
2026-08-02 00:31:10,797 [INFO]   - drift_alert: raw=0.00 score=0.00
2026-08-02 00:31:10,809 [WARNING] point_baseline_shadow_fallback entity_id=user_finance_11 as_of=2026-01-02 14:13:00 active_shadow_count=0
2026-08-02 00:31:11,103 [WARNING] point_baseline_shadow_fallback entity_id=user_finance_3 as_of=2026-01-02 14:14:00 active_shadow_count=0
2026-08-02 00:31:11,414 [WARNING] point_baseline_shadow_fallback entity_id=user_hr_1 as_of=2026-01-02 14:15:00 active_shadow_count=0
2026-08-02 00:31:11,713 [WARNING] point_baseline_shadow_fallback entity_id=user_engineer_4 as_of=2026-01-02 14:16:00 active_shadow_count=0
2026-08-02 00:31:11,725 [WARNING] point_baseline_shadow_fallback entity_id=user_hr_9 as_of=2026-01-02 14:16:00 active_shadow_count=0
2026-08-02 00:31:11,738 [WARNING] point_baseline_shadow_fallback entity_id=user_hr_13 as_of=2026-01-02 14:16:00 active_shadow_count=0
2026-08-02 00:31:11,739 [INFO] ANOMALY DETECTED: entity=user_hr_13 score=50.01 conf=0.76
2026-08-02 00:31:11,739 [INFO]   - login_hour_rarity: raw=0.00 score=0.00
2026-08-02 00:31:11,739 [INFO]   - geolocation_rarity: raw=0.00 score=0.00
2026-08-02 00:31:11,739 [INFO]   - endpoint_set_rarity: raw=0.00 score=0.00
2026-08-02 00:31:11,739 [INFO]   - process_name_rarity: raw=0.01 score=0.01
2026-08-02 00:31:11,739 [INFO]   - command_line_embedding_similarity: raw=1.00 score=50.00
2026-08-02 00:31:11,739 [INFO]   - total_volume_delta: raw=2.32 score=0.00
2026-08-02 00:31:11,739 [INFO]   - drift_alert: raw=0.00 score=0.00
2026-08-02 00:31:11,751 [WARNING] point_baseline_shadow_fallback entity_id=user_finance_8 as_of=2026-01-02 14:16:00 active_shadow_count=0
2026-08-02 00:31:12,019 [WARNING] point_baseline_shadow_fallback entity_id=user_engineer_1 as_of=2026-01-02 14:17:00 active_shadow_count=0
2026-08-02 00:31:12,299 [WARNING] point_baseline_shadow_fallback entity_id=user_hr_1 as_of=2026-01-02 14:18:00 active_shadow_count=0
2026-08-02 00:31:12,316 [WARNING] point_baseline_shadow_fallback entity_id=user_finance_1 as_of=2026-01-02 14:18:00 active_shadow_count=0
2026-08-02 00:31:12,637 [WARNING] point_baseline_shadow_fallback entity_id=user_engineer_7 as_of=2026-01-02 14:19:00 active_shadow_count=0
2026-08-02 00:31:12,638 [INFO] ANOMALY DETECTED: entity=user_engineer_7 score=50.00 conf=0.74
2026-08-02 00:31:12,638 [INFO]   - login_hour_rarity: raw=0.00 score=0.00
2026-08-02 00:31:12,638 [INFO]   - geolocation_rarity: raw=0.00 score=0.00
2026-08-02 00:31:12,638 [INFO]   - endpoint_set_rarity: raw=0.00 score=0.00
2026-08-02 00:31:12,638 [INFO]   - process_name_rarity: raw=0.00 score=0.00
2026-08-02 00:31:12,638 [INFO]   - command_line_embedding_similarity: raw=1.00 score=50.00
2026-08-02 00:31:12,638 [INFO]   - total_volume_delta: raw=2.85 score=0.00
2026-08-02 00:31:12,638 [INFO]   - drift_alert: raw=0.00 score=0.00
2026-08-02 00:31:12,654 [WARNING] point_baseline_shadow_fallback entity_id=user_hr_6 as_of=2026-01-02 14:19:00 active_shadow_count=0
2026-08-02 00:31:12,976 [WARNING] point_baseline_shadow_fallback entity_id=user_engineer_3 as_of=2026-01-02 14:20:00 active_shadow_count=0
2026-08-02 00:31:12,991 [WARNING] point_baseline_shadow_fallback entity_id=user_finance_10 as_of=2026-01-02 14:20:00 active_shadow_count=0
2026-08-02 00:31:13,006 [WARNING] point_baseline_shadow_fallback entity_id=user_finance_13 as_of=2026-01-02 14:20:00 active_shadow_count=0
2026-08-02 00:31:13,290 [WARNING] point_baseline_shadow_fallback entity_id=user_engineer_4 as_of=2026-01-02 14:21:00 active_shadow_count=0
2026-08-02 00:31:13,303 [WARNING] point_baseline_shadow_fallback entity_id=user_finance_1 as_of=2026-01-02 14:21:00 active_shadow_count=0
2026-08-02 00:31:13,316 [WARNING] point_baseline_shadow_fallback entity_id=user_finance_11 as_of=2026-01-02 14:21:00 active_shadow_count=0
2026-08-02 00:31:13,317 [INFO] ANOMALY DETECTED: entity=user_finance_11 score=50.02 conf=0.79
2026-08-02 00:31:13,317 [INFO]   - login_hour_rarity: raw=0.00 score=0.00
2026-08-02 00:31:13,317 [INFO]   - geolocation_rarity: raw=0.00 score=0.00
2026-08-02 00:31:13,317 [INFO]   - endpoint_set_rarity: raw=0.00 score=0.00
2026-08-02 00:31:13,317 [INFO]   - process_name_rarity: raw=0.01 score=0.02
2026-08-02 00:31:13,317 [INFO]   - command_line_embedding_similarity: raw=1.00 score=50.00
2026-08-02 00:31:13,317 [INFO]   - total_volume_delta: raw=2.97 score=0.00
2026-08-02 00:31:13,317 [INFO]   - drift_alert: raw=0.00 score=0.00
2026-08-02 00:31:13,607 [WARNING] point_baseline_shadow_fallback entity_id=user_engineer_12 as_of=2026-01-02 14:22:00 active_shadow_count=0
2026-08-02 00:31:13,620 [INFO] ANOMALY DETECTED: entity=user_engineer_13 score=50.00 conf=0.72
2026-08-02 00:31:13,620 [INFO]   - login_hour_rarity: raw=0.00 score=0.00
2026-08-02 00:31:13,620 [INFO]   - geolocation_rarity: raw=0.00 score=0.00
2026-08-02 00:31:13,620 [INFO]   - endpoint_set_rarity: raw=0.00 score=0.00
2026-08-02 00:31:13,620 [INFO]   - process_name_rarity: raw=0.00 score=0.00
2026-08-02 00:31:13,620 [INFO]   - command_line_embedding_similarity: raw=1.00 score=50.00
2026-08-02 00:31:13,620 [INFO]   - total_volume_delta: raw=2.54 score=0.00
2026-08-02 00:31:13,620 [INFO]   - drift_alert: raw=0.00 score=0.00
2026-08-02 00:31:13,634 [WARNING] point_baseline_shadow_fallback entity_id=user_hr_5 as_of=2026-01-02 14:22:00 active_shadow_count=0
2026-08-02 00:31:14,554 [WARNING] point_baseline_shadow_fallback entity_id=user_engineer_5 as_of=2026-01-02 14:25:00 active_shadow_count=0
2026-08-02 00:31:14,571 [WARNING] point_baseline_shadow_fallback entity_id=user_engineer_6 as_of=2026-01-02 14:25:00 active_shadow_count=0
2026-08-02 00:31:14,589 [WARNING] point_baseline_shadow_fallback entity_id=user_hr_7 as_of=2026-01-02 14:25:00 active_shadow_count=0
2026-08-02 00:31:14,603 [WARNING] point_baseline_shadow_fallback entity_id=user_hr_9 as_of=2026-01-02 14:25:00 active_shadow_count=0
2026-08-02 00:31:16,178 [WARNING] point_baseline_shadow_fallback entity_id=user_finance_8 as_of=2026-01-02 14:26:00 active_shadow_count=0
2026-08-02 00:31:16,487 [WARNING] point_baseline_shadow_fallback entity_id=user_hr_10 as_of=2026-01-02 14:27:00 active_shadow_count=0
2026-08-02 00:31:16,488 [INFO] ANOMALY DETECTED: entity=user_hr_10 score=50.00 conf=0.74
2026-08-02 00:31:16,488 [INFO]   - login_hour_rarity: raw=0.00 score=0.00
2026-08-02 00:31:16,488 [INFO]   - geolocation_rarity: raw=0.00 score=0.00
2026-08-02 00:31:16,488 [INFO]   - endpoint_set_rarity: raw=0.00 score=0.00
2026-08-02 00:31:16,489 [INFO]   - process_name_rarity: raw=0.00 score=0.00
2026-08-02 00:31:16,489 [INFO]   - command_line_embedding_similarity: raw=1.00 score=50.00
2026-08-02 00:31:16,489 [INFO]   - total_volume_delta: raw=2.93 score=0.00
2026-08-02 00:31:16,489 [INFO]   - drift_alert: raw=0.00 score=0.00
2026-08-02 00:31:16,507 [WARNING] point_baseline_shadow_fallback entity_id=user_finance_0 as_of=2026-01-02 14:27:00 active_shadow_count=0
2026-08-02 00:31:16,808 [WARNING] point_baseline_shadow_fallback entity_id=user_engineer_4 as_of=2026-01-02 14:28:00 active_shadow_count=0
2026-08-02 00:31:16,821 [WARNING] point_baseline_shadow_fallback entity_id=user_engineer_9 as_of=2026-01-02 14:28:00 active_shadow_count=0
2026-08-02 00:31:16,834 [WARNING] point_baseline_shadow_fallback entity_id=user_finance_4 as_of=2026-01-02 14:28:00 active_shadow_count=0
2026-08-02 00:31:17,124 [WARNING] point_baseline_shadow_fallback entity_id=user_engineer_1 as_of=2026-01-02 14:29:00 active_shadow_count=0
2026-08-02 00:31:17,139 [WARNING] point_baseline_shadow_fallback entity_id=user_engineer_9 as_of=2026-01-02 14:29:00 active_shadow_count=0
2026-08-02 00:31:17,151 [WARNING] point_baseline_shadow_fallback entity_id=user_hr_12 as_of=2026-01-02 14:29:00 active_shadow_count=0
2026-08-02 00:31:17,422 [WARNING] point_baseline_shadow_fallback entity_id=user_finance_1 as_of=2026-01-02 14:30:00 active_shadow_count=0
2026-08-02 00:31:17,690 [INFO] ANOMALY DETECTED: entity=user_hr_11 score=50.00 conf=0.74
2026-08-02 00:31:17,690 [INFO]   - login_hour_rarity: raw=0.00 score=0.00
2026-08-02 00:31:17,690 [INFO]   - geolocation_rarity: raw=0.00 score=0.00
2026-08-02 00:31:17,690 [INFO]   - endpoint_set_rarity: raw=0.00 score=0.00
2026-08-02 00:31:17,690 [INFO]   - process_name_rarity: raw=0.00 score=0.00
2026-08-02 00:31:17,690 [INFO]   - command_line_embedding_similarity: raw=1.00 score=50.00
2026-08-02 00:31:17,690 [INFO]   - total_volume_delta: raw=3.66 score=0.00
2026-08-02 00:31:17,690 [INFO]   - drift_alert: raw=0.00 score=0.00
2026-08-02 00:31:17,702 [WARNING] point_baseline_shadow_fallback entity_id=user_finance_9 as_of=2026-01-02 14:31:00 active_shadow_count=0
2026-08-02 00:31:17,703 [INFO] ANOMALY DETECTED: entity=user_finance_9 score=50.01 conf=0.78
2026-08-02 00:31:17,703 [INFO]   - login_hour_rarity: raw=0.00 score=0.00
2026-08-02 00:31:17,703 [INFO]   - geolocation_rarity: raw=0.00 score=0.00
2026-08-02 00:31:17,703 [INFO]   - endpoint_set_rarity: raw=0.00 score=0.00
2026-08-02 00:31:17,703 [INFO]   - process_name_rarity: raw=0.01 score=0.01
2026-08-02 00:31:17,703 [INFO]   - command_line_embedding_similarity: raw=1.00 score=50.00
2026-08-02 00:31:17,703 [INFO]   - total_volume_delta: raw=3.46 score=0.00
2026-08-02 00:31:17,703 [INFO]   - drift_alert: raw=0.00 score=0.00
2026-08-02 00:31:17,979 [WARNING] point_baseline_shadow_fallback entity_id=user_finance_3 as_of=2026-01-02 14:32:00 active_shadow_count=0
2026-08-02 00:31:18,274 [WARNING] point_baseline_shadow_fallback entity_id=user_hr_0 as_of=2026-01-02 14:33:00 active_shadow_count=0
2026-08-02 00:31:18,288 [WARNING] point_baseline_shadow_fallback entity_id=user_finance_2 as_of=2026-01-02 14:33:00 active_shadow_count=0
2026-08-02 00:31:18,586 [WARNING] point_baseline_shadow_fallback entity_id=user_engineer_5 as_of=2026-01-02 14:34:00 active_shadow_count=0
2026-08-02 00:31:18,868 [WARNING] point_baseline_shadow_fallback entity_id=user_hr_4 as_of=2026-01-02 14:35:00 active_shadow_count=0
2026-08-02 00:31:18,881 [WARNING] point_baseline_shadow_fallback entity_id=user_finance_3 as_of=2026-01-02 14:35:00 active_shadow_count=0
2026-08-02 00:31:18,893 [WARNING] point_baseline_shadow_fallback entity_id=user_finance_6 as_of=2026-01-02 14:35:00 active_shadow_count=0
2026-08-02 00:31:19,168 [WARNING] point_baseline_shadow_fallback entity_id=user_engineer_13 as_of=2026-01-02 14:36:00 active_shadow_count=0
2026-08-02 00:31:19,181 [WARNING] point_baseline_shadow_fallback entity_id=user_hr_7 as_of=2026-01-02 14:36:00 active_shadow_count=0
2026-08-02 00:31:19,182 [INFO] ANOMALY DETECTED: entity=user_hr_7 score=50.00 conf=0.76
2026-08-02 00:31:19,182 [INFO]   - login_hour_rarity: raw=0.00 score=0.00
2026-08-02 00:31:19,182 [INFO]   - geolocation_rarity: raw=0.00 score=0.00
2026-08-02 00:31:19,182 [INFO]   - endpoint_set_rarity: raw=0.00 score=0.00
2026-08-02 00:31:19,182 [INFO]   - process_name_rarity: raw=0.00 score=0.00
2026-08-02 00:31:19,182 [INFO]   - command_line_embedding_similarity: raw=1.00 score=50.00
2026-08-02 00:31:19,182 [INFO]   - total_volume_delta: raw=3.04 score=0.00
2026-08-02 00:31:19,182 [INFO]   - drift_alert: raw=0.00 score=0.00
2026-08-02 00:31:19,194 [WARNING] point_baseline_shadow_fallback entity_id=user_finance_3 as_of=2026-01-02 14:36:00 active_shadow_count=0
2026-08-02 00:31:19,195 [INFO] ANOMALY DETECTED: entity=user_finance_3 score=50.59 conf=0.72
2026-08-02 00:31:19,195 [INFO]   - login_hour_rarity: raw=0.00 score=0.00
2026-08-02 00:31:19,195 [INFO]   - geolocation_rarity: raw=0.00 score=0.00
2026-08-02 00:31:19,195 [INFO]   - endpoint_set_rarity: raw=0.00 score=0.00
2026-08-02 00:31:19,195 [INFO]   - process_name_rarity: raw=0.39 score=0.59
2026-08-02 00:31:19,195 [INFO]   - command_line_embedding_similarity: raw=1.00 score=50.00
2026-08-02 00:31:19,195 [INFO]   - total_volume_delta: raw=3.13 score=0.00
2026-08-02 00:31:19,195 [INFO]   - drift_alert: raw=0.00 score=0.00
2026-08-02 00:31:19,207 [WARNING] point_baseline_shadow_fallback entity_id=user_finance_8 as_of=2026-01-02 14:36:00 active_shadow_count=0
2026-08-02 00:31:19,219 [WARNING] point_baseline_shadow_fallback entity_id=user_finance_12 as_of=2026-01-02 14:36:00 active_shadow_count=0
2026-08-02 00:31:19,232 [WARNING] point_baseline_shadow_fallback entity_id=user_finance_14 as_of=2026-01-02 14:36:00 active_shadow_count=0
2026-08-02 00:31:20,064 [WARNING] point_baseline_shadow_fallback entity_id=user_engineer_9 as_of=2026-01-02 14:38:00 active_shadow_count=0
2026-08-02 00:31:20,065 [INFO] ANOMALY DETECTED: entity=user_engineer_9 score=50.55 conf=0.72
2026-08-02 00:31:20,065 [INFO]   - login_hour_rarity: raw=0.00 score=0.00
2026-08-02 00:31:20,065 [INFO]   - geolocation_rarity: raw=0.00 score=0.00
2026-08-02 00:31:20,065 [INFO]   - endpoint_set_rarity: raw=0.00 score=0.00
2026-08-02 00:31:20,065 [INFO]   - process_name_rarity: raw=0.36 score=0.55
2026-08-02 00:31:20,065 [INFO]   - command_line_embedding_similarity: raw=1.00 score=50.00
2026-08-02 00:31:20,065 [INFO]   - total_volume_delta: raw=3.54 score=0.00
2026-08-02 00:31:20,065 [INFO]   - drift_alert: raw=0.00 score=0.00
2026-08-02 00:31:20,082 [WARNING] point_baseline_shadow_fallback entity_id=user_hr_1 as_of=2026-01-02 14:38:00 active_shadow_count=0
2026-08-02 00:31:20,082 [INFO] ANOMALY DETECTED: entity=user_hr_1 score=50.00 conf=0.77
2026-08-02 00:31:20,082 [INFO]   - login_hour_rarity: raw=0.00 score=0.00
2026-08-02 00:31:20,083 [INFO]   - geolocation_rarity: raw=0.00 score=0.00
2026-08-02 00:31:20,083 [INFO]   - endpoint_set_rarity: raw=0.00 score=0.00
2026-08-02 00:31:20,083 [INFO]   - process_name_rarity: raw=0.00 score=0.00
2026-08-02 00:31:20,083 [INFO]   - command_line_embedding_similarity: raw=1.00 score=50.00
2026-08-02 00:31:20,083 [INFO]   - total_volume_delta: raw=3.04 score=0.00
2026-08-02 00:31:20,083 [INFO]   - drift_alert: raw=0.00 score=0.00
2026-08-02 00:31:20,399 [WARNING] point_baseline_shadow_fallback entity_id=user_engineer_4 as_of=2026-01-02 14:39:00 active_shadow_count=0
2026-08-02 00:31:20,400 [INFO] ANOMALY DETECTED: entity=user_engineer_4 score=50.00 conf=0.71
2026-08-02 00:31:20,400 [INFO]   - login_hour_rarity: raw=0.00 score=0.00
2026-08-02 00:31:20,400 [INFO]   - geolocation_rarity: raw=0.00 score=0.00
2026-08-02 00:31:20,400 [INFO]   - endpoint_set_rarity: raw=0.00 score=0.00
2026-08-02 00:31:20,400 [INFO]   - process_name_rarity: raw=0.00 score=0.00
2026-08-02 00:31:20,400 [INFO]   - command_line_embedding_similarity: raw=1.00 score=50.00
2026-08-02 00:31:20,400 [INFO]   - total_volume_delta: raw=2.95 score=0.00
2026-08-02 00:31:20,400 [INFO]   - drift_alert: raw=0.00 score=0.00
2026-08-02 00:31:20,713 [WARNING] point_baseline_shadow_fallback entity_id=user_engineer_8 as_of=2026-01-02 14:40:00 active_shadow_count=0
2026-08-02 00:31:20,729 [WARNING] point_baseline_shadow_fallback entity_id=user_finance_0 as_of=2026-01-02 14:40:00 active_shadow_count=0
2026-08-02 00:31:21,032 [WARNING] point_baseline_shadow_fallback entity_id=user_hr_6 as_of=2026-01-02 14:41:00 active_shadow_count=0
2026-08-02 00:31:21,047 [WARNING] point_baseline_shadow_fallback entity_id=user_hr_7 as_of=2026-01-02 14:41:00 active_shadow_count=0
2026-08-02 00:31:21,065 [WARNING] point_baseline_shadow_fallback entity_id=user_hr_10 as_of=2026-01-02 14:41:00 active_shadow_count=0
2026-08-02 00:31:21,375 [WARNING] point_baseline_shadow_fallback entity_id=user_engineer_9 as_of=2026-01-02 14:42:00 active_shadow_count=0
2026-08-02 00:31:21,389 [WARNING] point_baseline_shadow_fallback entity_id=user_hr_0 as_of=2026-01-02 14:42:00 active_shadow_count=0
2026-08-02 00:31:21,405 [WARNING] point_baseline_shadow_fallback entity_id=user_hr_2 as_of=2026-01-02 14:42:00 active_shadow_count=0
2026-08-02 00:31:21,422 [WARNING] point_baseline_shadow_fallback entity_id=user_finance_11 as_of=2026-01-02 14:42:00 active_shadow_count=0
2026-08-02 00:31:21,437 [WARNING] point_baseline_shadow_fallback entity_id=user_finance_14 as_of=2026-01-02 14:42:00 active_shadow_count=0
2026-08-02 00:31:21,754 [WARNING] point_baseline_shadow_fallback entity_id=user_hr_13 as_of=2026-01-02 14:43:00 active_shadow_count=0
2026-08-02 00:31:21,766 [WARNING] point_baseline_shadow_fallback entity_id=user_finance_6 as_of=2026-01-02 14:43:00 active_shadow_count=0
2026-08-02 00:31:21,783 [WARNING] point_baseline_shadow_fallback entity_id=user_finance_14 as_of=2026-01-02 14:43:00 active_shadow_count=0
2026-08-02 00:31:22,083 [WARNING] point_baseline_shadow_fallback entity_id=user_engineer_11 as_of=2026-01-02 14:44:00 active_shadow_count=0
2026-08-02 00:31:22,099 [WARNING] point_baseline_shadow_fallback entity_id=user_engineer_12 as_of=2026-01-02 14:44:00 active_shadow_count=0
2026-08-02 00:31:22,116 [WARNING] point_baseline_shadow_fallback entity_id=user_hr_11 as_of=2026-01-02 14:44:00 active_shadow_count=0
2026-08-02 00:31:22,412 [WARNING] point_baseline_shadow_fallback entity_id=user_engineer_1 as_of=2026-01-02 14:45:00 active_shadow_count=0
2026-08-02 00:31:22,428 [WARNING] point_baseline_shadow_fallback entity_id=user_engineer_4 as_of=2026-01-02 14:45:00 active_shadow_count=0
2026-08-02 00:31:22,441 [WARNING] point_baseline_shadow_fallback entity_id=user_engineer_9 as_of=2026-01-02 14:45:00 active_shadow_count=0
2026-08-02 00:31:22,453 [WARNING] point_baseline_shadow_fallback entity_id=user_hr_12 as_of=2026-01-02 14:45:00 active_shadow_count=0
2026-08-02 00:31:22,473 [WARNING] point_baseline_shadow_fallback entity_id=user_finance_13 as_of=2026-01-02 14:45:00 active_shadow_count=0
2026-08-02 00:31:22,797 [WARNING] point_baseline_shadow_fallback entity_id=user_engineer_3 as_of=2026-01-02 14:46:00 active_shadow_count=0
2026-08-02 00:31:22,817 [WARNING] point_baseline_shadow_fallback entity_id=user_engineer_10 as_of=2026-01-02 14:46:00 active_shadow_count=0
2026-08-02 00:31:22,832 [WARNING] point_baseline_shadow_fallback entity_id=user_hr_0 as_of=2026-01-02 14:46:00 active_shadow_count=0
2026-08-02 00:31:22,849 [WARNING] point_baseline_shadow_fallback entity_id=user_hr_14 as_of=2026-01-02 14:46:00 active_shadow_count=0
2026-08-02 00:31:22,850 [INFO] ANOMALY DETECTED: entity=user_hr_14 score=50.00 conf=0.74
2026-08-02 00:31:22,850 [INFO]   - login_hour_rarity: raw=0.00 score=0.00
2026-08-02 00:31:22,850 [INFO]   - geolocation_rarity: raw=0.00 score=0.00
2026-08-02 00:31:22,850 [INFO]   - endpoint_set_rarity: raw=0.00 score=0.00
2026-08-02 00:31:22,850 [INFO]   - process_name_rarity: raw=0.00 score=0.00
2026-08-02 00:31:22,850 [INFO]   - command_line_embedding_similarity: raw=1.00 score=50.00
2026-08-02 00:31:22,850 [INFO]   - total_volume_delta: raw=4.21 score=0.00
2026-08-02 00:31:22,850 [INFO]   - drift_alert: raw=0.00 score=0.00
2026-08-02 00:31:23,149 [WARNING] point_baseline_shadow_fallback entity_id=user_finance_8 as_of=2026-01-02 14:47:00 active_shadow_count=0
2026-08-02 00:31:23,150 [INFO] ANOMALY DETECTED: entity=user_finance_8 score=50.00 conf=0.72
2026-08-02 00:31:23,150 [INFO]   - login_hour_rarity: raw=0.00 score=0.00
2026-08-02 00:31:23,150 [INFO]   - geolocation_rarity: raw=0.00 score=0.00
2026-08-02 00:31:23,150 [INFO]   - endpoint_set_rarity: raw=0.00 score=0.00
2026-08-02 00:31:23,150 [INFO]   - process_name_rarity: raw=0.00 score=0.00
2026-08-02 00:31:23,150 [INFO]   - command_line_embedding_similarity: raw=1.00 score=50.00
2026-08-02 00:31:23,150 [INFO]   - total_volume_delta: raw=3.54 score=0.00
2026-08-02 00:31:23,150 [INFO]   - drift_alert: raw=0.00 score=0.00
2026-08-02 00:31:24,851 [WARNING] point_baseline_shadow_fallback entity_id=user_engineer_4 as_of=2026-01-02 14:51:00 active_shadow_count=0
2026-08-02 00:31:24,868 [WARNING] point_baseline_shadow_fallback entity_id=user_finance_6 as_of=2026-01-02 14:51:00 active_shadow_count=0
2026-08-02 00:31:24,869 [INFO] ANOMALY DETECTED: entity=user_finance_6 score=50.01 conf=0.78
2026-08-02 00:31:24,869 [INFO]   - login_hour_rarity: raw=0.00 score=0.00
2026-08-02 00:31:24,869 [INFO]   - geolocation_rarity: raw=0.00 score=0.00
2026-08-02 00:31:24,869 [INFO]   - endpoint_set_rarity: raw=0.00 score=0.00
2026-08-02 00:31:24,869 [INFO]   - process_name_rarity: raw=0.01 score=0.01
2026-08-02 00:31:24,869 [INFO]   - command_line_embedding_similarity: raw=1.00 score=50.00
2026-08-02 00:31:24,869 [INFO]   - total_volume_delta: raw=2.65 score=0.00
2026-08-02 00:31:24,869 [INFO]   - drift_alert: raw=0.00 score=0.00
2026-08-02 00:31:25,168 [WARNING] point_baseline_shadow_fallback entity_id=user_engineer_4 as_of=2026-01-02 14:52:00 active_shadow_count=0
2026-08-02 00:31:25,169 [INFO] ANOMALY DETECTED: entity=user_engineer_4 score=50.00 conf=0.71
2026-08-02 00:31:25,169 [INFO]   - login_hour_rarity: raw=0.00 score=0.00
2026-08-02 00:31:25,169 [INFO]   - geolocation_rarity: raw=0.00 score=0.00
2026-08-02 00:31:25,169 [INFO]   - endpoint_set_rarity: raw=0.00 score=0.00
2026-08-02 00:31:25,170 [INFO]   - process_name_rarity: raw=0.00 score=0.00
2026-08-02 00:31:25,170 [INFO]   - command_line_embedding_similarity: raw=1.00 score=50.00
2026-08-02 00:31:25,170 [INFO]   - total_volume_delta: raw=2.95 score=0.00
2026-08-02 00:31:25,170 [INFO]   - drift_alert: raw=0.00 score=0.00
2026-08-02 00:31:25,187 [WARNING] point_baseline_shadow_fallback entity_id=user_hr_10 as_of=2026-01-02 14:52:00 active_shadow_count=0
2026-08-02 00:31:25,204 [WARNING] point_baseline_shadow_fallback entity_id=user_hr_14 as_of=2026-01-02 14:52:00 active_shadow_count=0
2026-08-02 00:31:25,682 [WARNING] point_baseline_shadow_fallback entity_id=user_engineer_0 as_of=2026-01-02 14:53:00 active_shadow_count=0
2026-08-02 00:31:25,697 [WARNING] point_baseline_shadow_fallback entity_id=user_finance_13 as_of=2026-01-02 14:53:00 active_shadow_count=0
2026-08-02 00:31:25,996 [WARNING] point_baseline_shadow_fallback entity_id=user_hr_5 as_of=2026-01-02 14:54:00 active_shadow_count=0
2026-08-02 00:31:26,013 [WARNING] point_baseline_shadow_fallback entity_id=user_finance_5 as_of=2026-01-02 14:54:00 active_shadow_count=0
2026-08-02 00:31:26,315 [WARNING] point_baseline_shadow_fallback entity_id=user_engineer_1 as_of=2026-01-02 14:55:00 active_shadow_count=0
2026-08-02 00:31:26,333 [WARNING] point_baseline_shadow_fallback entity_id=user_engineer_12 as_of=2026-01-02 14:55:00 active_shadow_count=0
2026-08-02 00:31:26,347 [WARNING] point_baseline_shadow_fallback entity_id=user_finance_1 as_of=2026-01-02 14:55:00 active_shadow_count=0
2026-08-02 00:31:26,362 [WARNING] point_baseline_shadow_fallback entity_id=user_finance_10 as_of=2026-01-02 14:55:00 active_shadow_count=0
2026-08-02 00:31:26,667 [WARNING] point_baseline_shadow_fallback entity_id=user_hr_0 as_of=2026-01-02 14:56:00 active_shadow_count=0
2026-08-02 00:31:26,682 [WARNING] point_baseline_shadow_fallback entity_id=user_finance_7 as_of=2026-01-02 14:56:00 active_shadow_count=0
2026-08-02 00:31:26,983 [WARNING] point_baseline_shadow_fallback entity_id=user_hr_2 as_of=2026-01-02 14:57:00 active_shadow_count=0
2026-08-02 00:31:26,996 [WARNING] point_baseline_shadow_fallback entity_id=user_finance_8 as_of=2026-01-02 14:57:00 active_shadow_count=0
2026-08-02 00:31:27,302 [WARNING] point_baseline_shadow_fallback entity_id=user_engineer_0 as_of=2026-01-02 14:58:00 active_shadow_count=0
2026-08-02 00:31:27,336 [WARNING] point_baseline_shadow_fallback entity_id=user_hr_4 as_of=2026-01-02 14:58:00 active_shadow_count=0
2026-08-02 00:31:27,352 [WARNING] point_baseline_shadow_fallback entity_id=user_finance_14 as_of=2026-01-02 14:58:00 active_shadow_count=0
2026-08-02 00:31:27,676 [WARNING] point_baseline_shadow_fallback entity_id=user_finance_1 as_of=2026-01-02 14:59:00 active_shadow_count=0
2026-08-02 00:31:27,693 [WARNING] point_baseline_shadow_fallback entity_id=user_finance_10 as_of=2026-01-02 14:59:00 active_shadow_count=0
2026-08-02 00:31:27,992 [WARNING] point_baseline_shadow_fallback entity_id=user_engineer_11 as_of=2026-01-02 15:00:00 active_shadow_count=0
2026-08-02 00:31:27,993 [INFO] ANOMALY DETECTED: entity=user_engineer_11 score=50.00 conf=0.71
2026-08-02 00:31:27,993 [INFO]   - login_hour_rarity: raw=0.00 score=0.00
2026-08-02 00:31:27,993 [INFO]   - geolocation_rarity: raw=0.00 score=0.00
2026-08-02 00:31:27,993 [INFO]   - endpoint_set_rarity: raw=0.00 score=0.00
2026-08-02 00:31:27,994 [INFO]   - process_name_rarity: raw=0.00 score=0.00
2026-08-02 00:31:27,994 [INFO]   - command_line_embedding_similarity: raw=1.00 score=50.00
2026-08-02 00:31:27,994 [INFO]   - total_volume_delta: raw=3.46 score=0.00
2026-08-02 00:31:27,994 [INFO]   - drift_alert: raw=0.00 score=0.00
2026-08-02 00:31:28,009 [WARNING] point_baseline_shadow_fallback entity_id=user_hr_8 as_of=2026-01-02 15:00:00 active_shadow_count=0
2026-08-02 00:31:28,316 [WARNING] point_baseline_shadow_fallback entity_id=user_engineer_2 as_of=2026-01-02 15:01:00 active_shadow_count=0
2026-08-02 00:31:28,332 [WARNING] point_baseline_shadow_fallback entity_id=user_hr_5 as_of=2026-01-02 15:01:00 active_shadow_count=0
2026-08-02 00:31:28,346 [WARNING] point_baseline_shadow_fallback entity_id=user_hr_10 as_of=2026-01-02 15:01:00 active_shadow_count=0
2026-08-02 00:31:28,350 [INFO] ANOMALY DETECTED: entity=user_hr_10 score=50.00 conf=0.74
2026-08-02 00:31:28,350 [INFO]   - login_hour_rarity: raw=0.00 score=0.00
2026-08-02 00:31:28,350 [INFO]   - geolocation_rarity: raw=0.00 score=0.00
2026-08-02 00:31:28,350 [INFO]   - endpoint_set_rarity: raw=0.00 score=0.00
2026-08-02 00:31:28,350 [INFO]   - process_name_rarity: raw=0.00 score=0.00
2026-08-02 00:31:28,350 [INFO]   - command_line_embedding_similarity: raw=1.00 score=50.00
2026-08-02 00:31:28,350 [INFO]   - total_volume_delta: raw=2.93 score=0.00
2026-08-02 00:31:28,350 [INFO]   - drift_alert: raw=0.00 score=0.00
2026-08-02 00:31:28,370 [WARNING] point_baseline_shadow_fallback entity_id=user_finance_3 as_of=2026-01-02 15:01:00 active_shadow_count=0
2026-08-02 00:31:28,684 [WARNING] point_baseline_shadow_fallback entity_id=user_engineer_4 as_of=2026-01-02 15:02:00 active_shadow_count=0
2026-08-02 00:31:28,988 [WARNING] point_baseline_shadow_fallback entity_id=user_finance_12 as_of=2026-01-02 15:03:00 active_shadow_count=0
2026-08-02 00:31:29,287 [WARNING] point_baseline_shadow_fallback entity_id=user_engineer_8 as_of=2026-01-02 15:04:00 active_shadow_count=0
2026-08-02 00:31:29,305 [WARNING] point_baseline_shadow_fallback entity_id=user_hr_4 as_of=2026-01-02 15:04:00 active_shadow_count=0
2026-08-02 00:31:29,325 [WARNING] point_baseline_shadow_fallback entity_id=user_finance_8 as_of=2026-01-02 15:04:00 active_shadow_count=0
2026-08-02 00:31:29,641 [WARNING] point_baseline_shadow_fallback entity_id=user_engineer_6 as_of=2026-01-02 15:05:00 active_shadow_count=0
2026-08-02 00:31:29,659 [WARNING] point_baseline_shadow_fallback entity_id=user_engineer_11 as_of=2026-01-02 15:05:00 active_shadow_count=0
2026-08-02 00:31:29,677 [WARNING] point_baseline_shadow_fallback entity_id=user_hr_2 as_of=2026-01-02 15:05:00 active_shadow_count=0
2026-08-02 00:31:29,694 [WARNING] point_baseline_shadow_fallback entity_id=user_finance_6 as_of=2026-01-02 15:05:00 active_shadow_count=0
2026-08-02 00:31:29,699 [INFO] ANOMALY DETECTED: entity=user_finance_6 score=50.01 conf=0.78
2026-08-02 00:31:29,699 [INFO]   - login_hour_rarity: raw=0.00 score=0.00
2026-08-02 00:31:29,699 [INFO]   - geolocation_rarity: raw=0.00 score=0.00
2026-08-02 00:31:29,699 [INFO]   - endpoint_set_rarity: raw=0.00 score=0.00
2026-08-02 00:31:29,699 [INFO]   - process_name_rarity: raw=0.01 score=0.01
2026-08-02 00:31:29,699 [INFO]   - command_line_embedding_similarity: raw=1.00 score=50.00
2026-08-02 00:31:29,699 [INFO]   - total_volume_delta: raw=2.65 score=0.00
2026-08-02 00:31:29,699 [INFO]   - drift_alert: raw=0.00 score=0.00
2026-08-02 00:31:30,017 [WARNING] point_baseline_shadow_fallback entity_id=user_engineer_0 as_of=2026-01-02 15:06:00 active_shadow_count=0
2026-08-02 00:31:30,313 [WARNING] point_baseline_shadow_fallback entity_id=user_hr_11 as_of=2026-01-02 15:07:00 active_shadow_count=0
2026-08-02 00:31:30,330 [WARNING] point_baseline_shadow_fallback entity_id=user_hr_12 as_of=2026-01-02 15:07:00 active_shadow_count=0
2026-08-02 00:31:30,345 [WARNING] point_baseline_shadow_fallback entity_id=user_finance_1 as_of=2026-01-02 15:07:00 active_shadow_count=0
2026-08-02 00:31:31,102 [WARNING] point_baseline_shadow_fallback entity_id=user_finance_7 as_of=2026-01-02 15:09:00 active_shadow_count=0
2026-08-02 00:31:31,219 [WARNING] point_baseline_shadow_fallback entity_id=user_finance_8 as_of=2026-01-02 15:09:00 active_shadow_count=0
2026-08-02 00:31:31,535 [WARNING] point_baseline_shadow_fallback entity_id=user_engineer_12 as_of=2026-01-02 15:10:00 active_shadow_count=0
2026-08-02 00:31:31,555 [WARNING] point_baseline_shadow_fallback entity_id=user_hr_6 as_of=2026-01-02 15:10:00 active_shadow_count=0
2026-08-02 00:31:31,864 [INFO] ANOMALY DETECTED: entity=user_hr_3 score=50.00 conf=0.72
2026-08-02 00:31:31,864 [INFO]   - login_hour_rarity: raw=0.00 score=0.00
2026-08-02 00:31:31,864 [INFO]   - geolocation_rarity: raw=0.00 score=0.00
2026-08-02 00:31:31,864 [INFO]   - endpoint_set_rarity: raw=0.00 score=0.00
2026-08-02 00:31:31,864 [INFO]   - process_name_rarity: raw=0.00 score=0.00
2026-08-02 00:31:31,864 [INFO]   - command_line_embedding_similarity: raw=1.00 score=50.00
2026-08-02 00:31:31,864 [INFO]   - total_volume_delta: raw=3.54 score=0.00
2026-08-02 00:31:31,864 [INFO]   - drift_alert: raw=0.00 score=0.00
2026-08-02 00:31:31,878 [WARNING] point_baseline_shadow_fallback entity_id=user_hr_6 as_of=2026-01-02 15:11:00 active_shadow_count=0
2026-08-02 00:31:31,879 [INFO] ANOMALY DETECTED: entity=user_hr_6 score=50.58 conf=0.71
2026-08-02 00:31:31,879 [INFO]   - login_hour_rarity: raw=0.00 score=0.00
2026-08-02 00:31:31,879 [INFO]   - geolocation_rarity: raw=0.00 score=0.00
2026-08-02 00:31:31,879 [INFO]   - endpoint_set_rarity: raw=0.00 score=0.00
2026-08-02 00:31:31,880 [INFO]   - process_name_rarity: raw=0.39 score=0.58
2026-08-02 00:31:31,880 [INFO]   - command_line_embedding_similarity: raw=1.00 score=50.00
2026-08-02 00:31:31,880 [INFO]   - total_volume_delta: raw=3.50 score=0.00
2026-08-02 00:31:31,880 [INFO]   - drift_alert: raw=0.00 score=0.00
2026-08-02 00:31:32,202 [WARNING] point_baseline_shadow_fallback entity_id=user_engineer_9 as_of=2026-01-02 15:12:00 active_shadow_count=0
2026-08-02 00:31:32,215 [WARNING] point_baseline_shadow_fallback entity_id=user_hr_5 as_of=2026-01-02 15:12:00 active_shadow_count=0
2026-08-02 00:31:32,230 [WARNING] point_baseline_shadow_fallback entity_id=user_hr_13 as_of=2026-01-02 15:12:00 active_shadow_count=0
2026-08-02 00:31:32,541 [WARNING] point_baseline_shadow_fallback entity_id=user_finance_10 as_of=2026-01-02 15:13:00 active_shadow_count=0
2026-08-02 00:31:32,844 [WARNING] point_baseline_shadow_fallback entity_id=user_engineer_7 as_of=2026-01-02 15:14:00 active_shadow_count=0
2026-08-02 00:31:32,858 [WARNING] point_baseline_shadow_fallback entity_id=user_engineer_10 as_of=2026-01-02 15:14:00 active_shadow_count=0
2026-08-02 00:31:32,872 [WARNING] point_baseline_shadow_fallback entity_id=user_hr_4 as_of=2026-01-02 15:14:00 active_shadow_count=0
2026-08-02 00:31:32,886 [WARNING] point_baseline_shadow_fallback entity_id=user_hr_8 as_of=2026-01-02 15:14:00 active_shadow_count=0
2026-08-02 00:31:32,902 [WARNING] point_baseline_shadow_fallback entity_id=user_hr_10 as_of=2026-01-02 15:14:00 active_shadow_count=0
2026-08-02 00:31:32,918 [WARNING] point_baseline_shadow_fallback entity_id=user_finance_7 as_of=2026-01-02 15:14:00 active_shadow_count=0
2026-08-02 00:31:33,504 [WARNING] point_baseline_shadow_fallback entity_id=user_engineer_5 as_of=2026-01-02 15:16:00 active_shadow_count=0
2026-08-02 00:31:33,519 [WARNING] point_baseline_shadow_fallback entity_id=user_hr_7 as_of=2026-01-02 15:16:00 active_shadow_count=0
2026-08-02 00:31:33,536 [WARNING] point_baseline_shadow_fallback entity_id=user_hr_8 as_of=2026-01-02 15:16:00 active_shadow_count=0
2026-08-02 00:31:33,834 [WARNING] point_baseline_shadow_fallback entity_id=user_hr_9 as_of=2026-01-02 15:17:00 active_shadow_count=0
2026-08-02 00:31:33,834 [INFO] ANOMALY DETECTED: entity=user_hr_9 score=50.01 conf=0.76
2026-08-02 00:31:33,834 [INFO]   - login_hour_rarity: raw=0.00 score=0.00
2026-08-02 00:31:33,834 [INFO]   - geolocation_rarity: raw=0.00 score=0.00
2026-08-02 00:31:33,835 [INFO]   - endpoint_set_rarity: raw=0.00 score=0.00
2026-08-02 00:31:33,835 [INFO]   - process_name_rarity: raw=0.01 score=0.01
2026-08-02 00:31:33,835 [INFO]   - command_line_embedding_similarity: raw=1.00 score=50.00
2026-08-02 00:31:33,835 [INFO]   - total_volume_delta: raw=3.36 score=0.00
2026-08-02 00:31:33,835 [INFO]   - drift_alert: raw=0.00 score=0.00
2026-08-02 00:31:33,853 [WARNING] point_baseline_shadow_fallback entity_id=user_finance_8 as_of=2026-01-02 15:17:00 active_shadow_count=0
2026-08-02 00:31:33,867 [WARNING] point_baseline_shadow_fallback entity_id=user_finance_9 as_of=2026-01-02 15:17:00 active_shadow_count=0
2026-08-02 00:31:34,460 [WARNING] point_baseline_shadow_fallback entity_id=user_engineer_5 as_of=2026-01-02 15:19:00 active_shadow_count=0
2026-08-02 00:31:34,794 [WARNING] point_baseline_shadow_fallback entity_id=user_engineer_13 as_of=2026-01-02 15:20:00 active_shadow_count=0
2026-08-02 00:31:34,811 [WARNING] point_baseline_shadow_fallback entity_id=user_hr_0 as_of=2026-01-02 15:20:00 active_shadow_count=0
2026-08-02 00:31:34,824 [WARNING] point_baseline_shadow_fallback entity_id=user_hr_3 as_of=2026-01-02 15:20:00 active_shadow_count=0
2026-08-02 00:31:34,839 [WARNING] point_baseline_shadow_fallback entity_id=user_hr_6 as_of=2026-01-02 15:20:00 active_shadow_count=0
2026-08-02 00:31:34,856 [WARNING] point_baseline_shadow_fallback entity_id=user_finance_1 as_of=2026-01-02 15:20:00 active_shadow_count=0
2026-08-02 00:31:35,217 [WARNING] point_baseline_shadow_fallback entity_id=user_hr_4 as_of=2026-01-02 15:21:00 active_shadow_count=0
2026-08-02 00:31:35,218 [INFO] ANOMALY DETECTED: entity=user_hr_4 score=50.00 conf=0.74
2026-08-02 00:31:35,218 [INFO]   - login_hour_rarity: raw=0.00 score=0.00
2026-08-02 00:31:35,218 [INFO]   - geolocation_rarity: raw=0.00 score=0.00
2026-08-02 00:31:35,218 [INFO]   - endpoint_set_rarity: raw=0.00 score=0.00
2026-08-02 00:31:35,218 [INFO]   - process_name_rarity: raw=0.00 score=0.00
2026-08-02 00:31:35,218 [INFO]   - command_line_embedding_similarity: raw=1.00 score=50.00
2026-08-02 00:31:35,218 [INFO]   - total_volume_delta: raw=2.44 score=0.00
2026-08-02 00:31:35,218 [INFO]   - drift_alert: raw=0.00 score=0.00
2026-08-02 00:31:35,234 [WARNING] point_baseline_shadow_fallback entity_id=user_finance_14 as_of=2026-01-02 15:21:00 active_shadow_count=0
2026-08-02 00:31:35,527 [WARNING] point_baseline_shadow_fallback entity_id=user_engineer_8 as_of=2026-01-02 15:22:00 active_shadow_count=0
2026-08-02 00:31:35,542 [WARNING] point_baseline_shadow_fallback entity_id=user_finance_4 as_of=2026-01-02 15:22:00 active_shadow_count=0
2026-08-02 00:31:35,557 [WARNING] point_baseline_shadow_fallback entity_id=user_finance_13 as_of=2026-01-02 15:22:00 active_shadow_count=0
2026-08-02 00:31:35,854 [WARNING] point_baseline_shadow_fallback entity_id=user_engineer_1 as_of=2026-01-02 15:23:00 active_shadow_count=0
2026-08-02 00:31:35,872 [WARNING] point_baseline_shadow_fallback entity_id=user_finance_8 as_of=2026-01-02 15:23:00 active_shadow_count=0
2026-08-02 00:31:36,178 [WARNING] point_baseline_shadow_fallback entity_id=user_engineer_3 as_of=2026-01-02 15:24:00 active_shadow_count=0
2026-08-02 00:31:36,192 [WARNING] point_baseline_shadow_fallback entity_id=user_hr_6 as_of=2026-01-02 15:24:00 active_shadow_count=0
2026-08-02 00:31:36,211 [WARNING] point_baseline_shadow_fallback entity_id=user_finance_2 as_of=2026-01-02 15:24:00 active_shadow_count=0
2026-08-02 00:31:36,227 [WARNING] point_baseline_shadow_fallback entity_id=user_finance_4 as_of=2026-01-02 15:24:00 active_shadow_count=0
2026-08-02 00:31:36,522 [WARNING] point_baseline_shadow_fallback entity_id=user_engineer_8 as_of=2026-01-02 15:25:00 active_shadow_count=0
2026-08-02 00:31:36,536 [WARNING] point_baseline_shadow_fallback entity_id=user_hr_11 as_of=2026-01-02 15:25:00 active_shadow_count=0
2026-08-02 00:31:36,537 [INFO] ANOMALY DETECTED: entity=user_hr_11 score=50.00 conf=0.74
2026-08-02 00:31:36,537 [INFO]   - login_hour_rarity: raw=0.00 score=0.00
2026-08-02 00:31:36,537 [INFO]   - geolocation_rarity: raw=0.00 score=0.00
2026-08-02 00:31:36,537 [INFO]   - endpoint_set_rarity: raw=0.00 score=0.00
2026-08-02 00:31:36,537 [INFO]   - process_name_rarity: raw=0.00 score=0.00
2026-08-02 00:31:36,537 [INFO]   - command_line_embedding_similarity: raw=1.00 score=50.00
2026-08-02 00:31:36,537 [INFO]   - total_volume_delta: raw=3.66 score=0.00
2026-08-02 00:31:36,537 [INFO]   - drift_alert: raw=0.00 score=0.00
2026-08-02 00:31:36,552 [WARNING] point_baseline_shadow_fallback entity_id=user_finance_5 as_of=2026-01-02 15:25:00 active_shadow_count=0
2026-08-02 00:31:36,945 [WARNING] point_baseline_shadow_fallback entity_id=user_finance_11 as_of=2026-01-02 15:25:00 active_shadow_count=0
2026-08-02 00:31:37,353 [WARNING] point_baseline_shadow_fallback entity_id=user_hr_3 as_of=2026-01-02 15:26:00 active_shadow_count=0
2026-08-02 00:31:37,371 [WARNING] point_baseline_shadow_fallback entity_id=user_hr_6 as_of=2026-01-02 15:26:00 active_shadow_count=0
2026-08-02 00:31:37,386 [WARNING] point_baseline_shadow_fallback entity_id=user_hr_9 as_of=2026-01-02 15:26:00 active_shadow_count=0
2026-08-02 00:31:37,404 [WARNING] point_baseline_shadow_fallback entity_id=user_finance_6 as_of=2026-01-02 15:26:00 active_shadow_count=0
2026-08-02 00:31:37,707 [WARNING] point_baseline_shadow_fallback entity_id=user_engineer_0 as_of=2026-01-02 15:27:00 active_shadow_count=0
2026-08-02 00:31:37,724 [WARNING] point_baseline_shadow_fallback entity_id=user_hr_6 as_of=2026-01-02 15:27:00 active_shadow_count=0
2026-08-02 00:31:37,741 [WARNING] point_baseline_shadow_fallback entity_id=user_finance_14 as_of=2026-01-02 15:27:00 active_shadow_count=0
2026-08-02 00:31:38,047 [WARNING] point_baseline_shadow_fallback entity_id=user_hr_9 as_of=2026-01-02 15:28:00 active_shadow_count=0
2026-08-02 00:31:38,048 [INFO] ANOMALY DETECTED: entity=user_hr_9 score=50.01 conf=0.76
2026-08-02 00:31:38,048 [INFO]   - login_hour_rarity: raw=0.00 score=0.00
2026-08-02 00:31:38,048 [INFO]   - geolocation_rarity: raw=0.00 score=0.00
2026-08-02 00:31:38,048 [INFO]   - endpoint_set_rarity: raw=0.00 score=0.00
2026-08-02 00:31:38,048 [INFO]   - process_name_rarity: raw=0.01 score=0.01
2026-08-02 00:31:38,048 [INFO]   - command_line_embedding_similarity: raw=1.00 score=50.00
2026-08-02 00:31:38,048 [INFO]   - total_volume_delta: raw=3.36 score=0.00
2026-08-02 00:31:38,048 [INFO]   - drift_alert: raw=0.00 score=0.00
2026-08-02 00:31:38,063 [WARNING] point_baseline_shadow_fallback entity_id=user_finance_3 as_of=2026-01-02 15:28:00 active_shadow_count=0
2026-08-02 00:31:38,365 [WARNING] point_baseline_shadow_fallback entity_id=user_engineer_11 as_of=2026-01-02 15:29:00 active_shadow_count=0
2026-08-02 00:31:38,366 [INFO] ANOMALY DETECTED: entity=user_engineer_11 score=50.00 conf=0.71
2026-08-02 00:31:38,366 [INFO]   - login_hour_rarity: raw=0.00 score=0.00
2026-08-02 00:31:38,366 [INFO]   - geolocation_rarity: raw=0.00 score=0.00
2026-08-02 00:31:38,366 [INFO]   - endpoint_set_rarity: raw=0.00 score=0.00
2026-08-02 00:31:38,366 [INFO]   - process_name_rarity: raw=0.00 score=0.00
2026-08-02 00:31:38,366 [INFO]   - command_line_embedding_similarity: raw=1.00 score=50.00
2026-08-02 00:31:38,366 [INFO]   - total_volume_delta: raw=3.46 score=0.00
2026-08-02 00:31:38,366 [INFO]   - drift_alert: raw=0.00 score=0.00
2026-08-02 00:31:38,379 [WARNING] point_baseline_shadow_fallback entity_id=user_hr_13 as_of=2026-01-02 15:29:00 active_shadow_count=0
2026-08-02 00:31:38,681 [WARNING] point_baseline_shadow_fallback entity_id=user_engineer_9 as_of=2026-01-02 15:30:00 active_shadow_count=0
2026-08-02 00:31:38,694 [WARNING] point_baseline_shadow_fallback entity_id=user_hr_2 as_of=2026-01-02 15:30:00 active_shadow_count=0
2026-08-02 00:31:38,710 [WARNING] point_baseline_shadow_fallback entity_id=user_hr_6 as_of=2026-01-02 15:30:00 active_shadow_count=0
2026-08-02 00:31:38,710 [INFO] ANOMALY DETECTED: entity=user_hr_6 score=50.58 conf=0.71
2026-08-02 00:31:38,710 [INFO]   - login_hour_rarity: raw=0.00 score=0.00
2026-08-02 00:31:38,711 [INFO]   - geolocation_rarity: raw=0.00 score=0.00
2026-08-02 00:31:38,711 [INFO]   - endpoint_set_rarity: raw=0.00 score=0.00
2026-08-02 00:31:38,711 [INFO]   - process_name_rarity: raw=0.39 score=0.58
2026-08-02 00:31:38,711 [INFO]   - command_line_embedding_similarity: raw=1.00 score=50.00
2026-08-02 00:31:38,711 [INFO]   - total_volume_delta: raw=3.50 score=0.00
2026-08-02 00:31:38,711 [INFO]   - drift_alert: raw=0.00 score=0.00
2026-08-02 00:31:38,727 [WARNING] point_baseline_shadow_fallback entity_id=user_finance_5 as_of=2026-01-02 15:30:00 active_shadow_count=0
2026-08-02 00:31:38,728 [INFO] ANOMALY DETECTED: entity=user_finance_5 score=50.00 conf=0.71
2026-08-02 00:31:38,728 [INFO]   - login_hour_rarity: raw=0.00 score=0.00
2026-08-02 00:31:38,728 [INFO]   - geolocation_rarity: raw=0.00 score=0.00
2026-08-02 00:31:38,728 [INFO]   - endpoint_set_rarity: raw=0.00 score=0.00
2026-08-02 00:31:38,728 [INFO]   - process_name_rarity: raw=0.00 score=0.00
2026-08-02 00:31:38,728 [INFO]   - command_line_embedding_similarity: raw=1.00 score=50.00
2026-08-02 00:31:38,728 [INFO]   - total_volume_delta: raw=4.04 score=0.00
2026-08-02 00:31:38,728 [INFO]   - drift_alert: raw=0.00 score=0.00
2026-08-02 00:31:38,744 [WARNING] point_baseline_shadow_fallback entity_id=user_finance_12 as_of=2026-01-02 15:30:00 active_shadow_count=0
2026-08-02 00:31:38,745 [INFO] ANOMALY DETECTED: entity=user_finance_12 score=50.00 conf=0.71
2026-08-02 00:31:38,745 [INFO]   - login_hour_rarity: raw=0.00 score=0.00
2026-08-02 00:31:38,745 [INFO]   - geolocation_rarity: raw=0.00 score=0.00
2026-08-02 00:31:38,745 [INFO]   - endpoint_set_rarity: raw=0.00 score=0.00
2026-08-02 00:31:38,745 [INFO]   - process_name_rarity: raw=0.00 score=0.00
2026-08-02 00:31:38,745 [INFO]   - command_line_embedding_similarity: raw=1.00 score=50.00
2026-08-02 00:31:38,745 [INFO]   - total_volume_delta: raw=2.24 score=0.00
2026-08-02 00:31:38,745 [INFO]   - drift_alert: raw=0.00 score=0.00
2026-08-02 00:31:39,046 [WARNING] point_baseline_shadow_fallback entity_id=user_finance_8 as_of=2026-01-02 15:31:00 active_shadow_count=0
2026-08-02 00:31:39,354 [WARNING] point_baseline_shadow_fallback entity_id=user_engineer_9 as_of=2026-01-02 15:32:00 active_shadow_count=0
2026-08-02 00:31:39,372 [WARNING] point_baseline_shadow_fallback entity_id=user_engineer_13 as_of=2026-01-02 15:32:00 active_shadow_count=0
2026-08-02 00:31:39,387 [WARNING] point_baseline_shadow_fallback entity_id=user_hr_0 as_of=2026-01-02 15:32:00 active_shadow_count=0
2026-08-02 00:31:39,691 [WARNING] point_baseline_shadow_fallback entity_id=user_hr_12 as_of=2026-01-02 15:33:00 active_shadow_count=0
2026-08-02 00:31:40,282 [WARNING] point_baseline_shadow_fallback entity_id=user_hr_8 as_of=2026-01-02 15:35:00 active_shadow_count=0
2026-08-02 00:31:40,299 [WARNING] point_baseline_shadow_fallback entity_id=user_finance_8 as_of=2026-01-02 15:35:00 active_shadow_count=0
2026-08-02 00:31:40,613 [WARNING] point_baseline_shadow_fallback entity_id=user_hr_0 as_of=2026-01-02 15:36:00 active_shadow_count=0
2026-08-02 00:31:40,626 [WARNING] point_baseline_shadow_fallback entity_id=user_finance_11 as_of=2026-01-02 15:36:00 active_shadow_count=0
2026-08-02 00:31:40,627 [INFO] ANOMALY DETECTED: entity=user_finance_11 score=50.02 conf=0.79
2026-08-02 00:31:40,627 [INFO]   - login_hour_rarity: raw=0.00 score=0.00
2026-08-02 00:31:40,627 [INFO]   - geolocation_rarity: raw=0.00 score=0.00
2026-08-02 00:31:40,627 [INFO]   - endpoint_set_rarity: raw=0.00 score=0.00
2026-08-02 00:31:40,627 [INFO]   - process_name_rarity: raw=0.01 score=0.02
2026-08-02 00:31:40,627 [INFO]   - command_line_embedding_similarity: raw=1.00 score=50.00
2026-08-02 00:31:40,627 [INFO]   - total_volume_delta: raw=2.97 score=0.00
2026-08-02 00:31:40,627 [INFO]   - drift_alert: raw=0.00 score=0.00
2026-08-02 00:31:40,918 [WARNING] point_baseline_shadow_fallback entity_id=user_engineer_7 as_of=2026-01-02 15:37:00 active_shadow_count=0
2026-08-02 00:31:40,933 [WARNING] point_baseline_shadow_fallback entity_id=user_engineer_13 as_of=2026-01-02 15:37:00 active_shadow_count=0
2026-08-02 00:31:40,949 [WARNING] point_baseline_shadow_fallback entity_id=user_hr_0 as_of=2026-01-02 15:37:00 active_shadow_count=0
2026-08-02 00:31:40,963 [WARNING] point_baseline_shadow_fallback entity_id=user_hr_5 as_of=2026-01-02 15:37:00 active_shadow_count=0
2026-08-02 00:31:41,268 [WARNING] point_baseline_shadow_fallback entity_id=user_engineer_7 as_of=2026-01-02 15:38:00 active_shadow_count=0
2026-08-02 00:31:41,273 [INFO] ANOMALY DETECTED: entity=user_engineer_7 score=50.00 conf=0.74
2026-08-02 00:31:41,273 [INFO]   - login_hour_rarity: raw=0.00 score=0.00
2026-08-02 00:31:41,273 [INFO]   - geolocation_rarity: raw=0.00 score=0.00
2026-08-02 00:31:41,273 [INFO]   - endpoint_set_rarity: raw=0.00 score=0.00
2026-08-02 00:31:41,273 [INFO]   - process_name_rarity: raw=0.00 score=0.00
2026-08-02 00:31:41,273 [INFO]   - command_line_embedding_similarity: raw=1.00 score=50.00
2026-08-02 00:31:41,273 [INFO]   - total_volume_delta: raw=2.85 score=0.00
2026-08-02 00:31:41,273 [INFO]   - drift_alert: raw=0.00 score=0.00
2026-08-02 00:31:41,288 [WARNING] point_baseline_shadow_fallback entity_id=user_hr_0 as_of=2026-01-02 15:38:00 active_shadow_count=0
2026-08-02 00:31:41,303 [WARNING] point_baseline_shadow_fallback entity_id=user_hr_4 as_of=2026-01-02 15:38:00 active_shadow_count=0
2026-08-02 00:31:41,628 [WARNING] point_baseline_shadow_fallback entity_id=user_engineer_6 as_of=2026-01-02 15:39:00 active_shadow_count=0
2026-08-02 00:31:41,643 [WARNING] point_baseline_shadow_fallback entity_id=user_engineer_12 as_of=2026-01-02 15:39:00 active_shadow_count=0
2026-08-02 00:31:41,662 [WARNING] point_baseline_shadow_fallback entity_id=user_hr_0 as_of=2026-01-02 15:39:00 active_shadow_count=0
2026-08-02 00:31:41,663 [INFO] ANOMALY DETECTED: entity=user_hr_0 score=50.00 conf=0.74
2026-08-02 00:31:41,663 [INFO]   - login_hour_rarity: raw=0.00 score=0.00
2026-08-02 00:31:41,663 [INFO]   - geolocation_rarity: raw=0.00 score=0.00
2026-08-02 00:31:41,664 [INFO]   - endpoint_set_rarity: raw=0.00 score=0.00
2026-08-02 00:31:41,664 [INFO]   - process_name_rarity: raw=0.00 score=0.00
2026-08-02 00:31:41,664 [INFO]   - command_line_embedding_similarity: raw=1.00 score=50.00
2026-08-02 00:31:41,664 [INFO]   - total_volume_delta: raw=3.17 score=0.00
2026-08-02 00:31:41,664 [INFO]   - drift_alert: raw=0.00 score=0.00
2026-08-02 00:31:41,681 [WARNING] point_baseline_shadow_fallback entity_id=user_finance_12 as_of=2026-01-02 15:39:00 active_shadow_count=0
2026-08-02 00:31:41,695 [WARNING] point_baseline_shadow_fallback entity_id=user_finance_14 as_of=2026-01-02 15:39:00 active_shadow_count=0
2026-08-02 00:31:42,019 [WARNING] point_baseline_shadow_fallback entity_id=user_engineer_3 as_of=2026-01-02 15:40:00 active_shadow_count=0
2026-08-02 00:31:42,032 [WARNING] point_baseline_shadow_fallback entity_id=user_finance_8 as_of=2026-01-02 15:40:00 active_shadow_count=0
2026-08-02 00:31:42,033 [INFO] ANOMALY DETECTED: entity=user_finance_8 score=50.00 conf=0.72
2026-08-02 00:31:42,033 [INFO]   - login_hour_rarity: raw=0.00 score=0.00
2026-08-02 00:31:42,033 [INFO]   - geolocation_rarity: raw=0.00 score=0.00
2026-08-02 00:31:42,033 [INFO]   - endpoint_set_rarity: raw=0.00 score=0.00
2026-08-02 00:31:42,034 [INFO]   - process_name_rarity: raw=0.00 score=0.00
2026-08-02 00:31:42,034 [INFO]   - command_line_embedding_similarity: raw=1.00 score=50.00
2026-08-02 00:31:42,034 [INFO]   - total_volume_delta: raw=3.54 score=0.00
2026-08-02 00:31:42,034 [INFO]   - drift_alert: raw=0.00 score=0.00
2026-08-02 00:31:42,608 [WARNING] point_baseline_shadow_fallback entity_id=user_hr_14 as_of=2026-01-02 15:41:00 active_shadow_count=0
2026-08-02 00:31:42,922 [WARNING] point_baseline_shadow_fallback entity_id=user_engineer_2 as_of=2026-01-02 15:42:00 active_shadow_count=0
2026-08-02 00:31:42,939 [WARNING] point_baseline_shadow_fallback entity_id=user_engineer_11 as_of=2026-01-02 15:42:00 active_shadow_count=0
2026-08-02 00:31:42,940 [INFO] ANOMALY DETECTED: entity=user_engineer_11 score=50.00 conf=0.71
2026-08-02 00:31:42,940 [INFO]   - login_hour_rarity: raw=0.00 score=0.00
2026-08-02 00:31:42,940 [INFO]   - geolocation_rarity: raw=0.00 score=0.00
2026-08-02 00:31:42,940 [INFO]   - endpoint_set_rarity: raw=0.00 score=0.00
2026-08-02 00:31:42,940 [INFO]   - process_name_rarity: raw=0.00 score=0.00
2026-08-02 00:31:42,940 [INFO]   - command_line_embedding_similarity: raw=1.00 score=50.00
2026-08-02 00:31:42,940 [INFO]   - total_volume_delta: raw=3.46 score=0.00
2026-08-02 00:31:42,940 [INFO]   - drift_alert: raw=0.00 score=0.00
2026-08-02 00:31:42,957 [WARNING] point_baseline_shadow_fallback entity_id=user_hr_14 as_of=2026-01-02 15:42:00 active_shadow_count=0
2026-08-02 00:31:43,262 [WARNING] point_baseline_shadow_fallback entity_id=user_engineer_0 as_of=2026-01-02 15:43:00 active_shadow_count=0
2026-08-02 00:31:43,277 [WARNING] point_baseline_shadow_fallback entity_id=user_engineer_12 as_of=2026-01-02 15:43:00 active_shadow_count=0
2026-08-02 00:31:43,293 [WARNING] point_baseline_shadow_fallback entity_id=user_finance_3 as_of=2026-01-02 15:43:00 active_shadow_count=0
2026-08-02 00:31:43,310 [WARNING] point_baseline_shadow_fallback entity_id=user_finance_7 as_of=2026-01-02 15:43:00 active_shadow_count=0
2026-08-02 00:31:43,324 [WARNING] point_baseline_shadow_fallback entity_id=user_finance_10 as_of=2026-01-02 15:43:00 active_shadow_count=0
2026-08-02 00:31:43,339 [WARNING] point_baseline_shadow_fallback entity_id=user_finance_11 as_of=2026-01-02 15:43:00 active_shadow_count=0
2026-08-02 00:31:43,638 [WARNING] point_baseline_shadow_fallback entity_id=user_engineer_0 as_of=2026-01-02 15:44:00 active_shadow_count=0
2026-08-02 00:31:43,670 [WARNING] point_baseline_shadow_fallback entity_id=user_finance_7 as_of=2026-01-02 15:44:00 active_shadow_count=0
2026-08-02 00:31:43,671 [INFO] ANOMALY DETECTED: entity=user_finance_7 score=50.59 conf=0.77
2026-08-02 00:31:43,671 [INFO]   - login_hour_rarity: raw=0.00 score=0.00
2026-08-02 00:31:43,671 [INFO]   - geolocation_rarity: raw=0.00 score=0.00
2026-08-02 00:31:43,671 [INFO]   - endpoint_set_rarity: raw=0.00 score=0.00
2026-08-02 00:31:43,671 [INFO]   - process_name_rarity: raw=0.39 score=0.59
2026-08-02 00:31:43,671 [INFO]   - command_line_embedding_similarity: raw=1.00 score=50.00
2026-08-02 00:31:43,671 [INFO]   - total_volume_delta: raw=2.62 score=0.00
2026-08-02 00:31:43,671 [INFO]   - drift_alert: raw=0.00 score=0.00
2026-08-02 00:31:43,687 [WARNING] point_baseline_shadow_fallback entity_id=user_finance_9 as_of=2026-01-02 15:44:00 active_shadow_count=0
2026-08-02 00:31:43,978 [WARNING] point_baseline_shadow_fallback entity_id=user_engineer_8 as_of=2026-01-02 15:45:00 active_shadow_count=0
2026-08-02 00:31:43,994 [WARNING] point_baseline_shadow_fallback entity_id=user_hr_0 as_of=2026-01-02 15:45:00 active_shadow_count=0
2026-08-02 00:31:44,010 [WARNING] point_baseline_shadow_fallback entity_id=user_hr_6 as_of=2026-01-02 15:45:00 active_shadow_count=0
2026-08-02 00:31:44,028 [WARNING] point_baseline_shadow_fallback entity_id=user_hr_8 as_of=2026-01-02 15:45:00 active_shadow_count=0
2026-08-02 00:31:44,029 [INFO] ANOMALY DETECTED: entity=user_hr_8 score=50.00 conf=0.74
2026-08-02 00:31:44,029 [INFO]   - login_hour_rarity: raw=0.00 score=0.00
2026-08-02 00:31:44,029 [INFO]   - geolocation_rarity: raw=0.00 score=0.00
2026-08-02 00:31:44,029 [INFO]   - endpoint_set_rarity: raw=0.00 score=0.00
2026-08-02 00:31:44,029 [INFO]   - process_name_rarity: raw=0.00 score=0.00
2026-08-02 00:31:44,029 [INFO]   - command_line_embedding_similarity: raw=1.00 score=50.00
2026-08-02 00:31:44,029 [INFO]   - total_volume_delta: raw=3.13 score=0.00
2026-08-02 00:31:44,029 [INFO]   - drift_alert: raw=0.00 score=0.00
2026-08-02 00:31:44,622 [WARNING] point_baseline_shadow_fallback entity_id=user_engineer_0 as_of=2026-01-02 15:47:00 active_shadow_count=0
2026-08-02 00:31:44,637 [WARNING] point_baseline_shadow_fallback entity_id=user_engineer_5 as_of=2026-01-02 15:47:00 active_shadow_count=0
2026-08-02 00:31:44,654 [WARNING] point_baseline_shadow_fallback entity_id=user_engineer_9 as_of=2026-01-02 15:47:00 active_shadow_count=0
2026-08-02 00:31:44,669 [WARNING] point_baseline_shadow_fallback entity_id=user_engineer_12 as_of=2026-01-02 15:47:00 active_shadow_count=0
2026-08-02 00:31:44,670 [INFO] ANOMALY DETECTED: entity=user_engineer_12 score=50.00 conf=0.74
2026-08-02 00:31:44,670 [INFO]   - login_hour_rarity: raw=0.00 score=0.00
2026-08-02 00:31:44,670 [INFO]   - geolocation_rarity: raw=0.00 score=0.00
2026-08-02 00:31:44,670 [INFO]   - endpoint_set_rarity: raw=0.00 score=0.00
2026-08-02 00:31:44,670 [INFO]   - process_name_rarity: raw=0.00 score=0.00
2026-08-02 00:31:44,670 [INFO]   - command_line_embedding_similarity: raw=1.00 score=50.00
2026-08-02 00:31:44,670 [INFO]   - total_volume_delta: raw=3.62 score=0.00
2026-08-02 00:31:44,670 [INFO]   - drift_alert: raw=0.00 score=0.00
2026-08-02 00:31:44,695 [WARNING] point_baseline_shadow_fallback entity_id=user_hr_4 as_of=2026-01-02 15:47:00 active_shadow_count=0
2026-08-02 00:31:44,708 [WARNING] point_baseline_shadow_fallback entity_id=user_hr_8 as_of=2026-01-02 15:47:00 active_shadow_count=0
2026-08-02 00:31:45,014 [WARNING] point_baseline_shadow_fallback entity_id=user_engineer_2 as_of=2026-01-02 15:48:00 active_shadow_count=0
2026-08-02 00:31:45,031 [WARNING] point_baseline_shadow_fallback entity_id=user_hr_6 as_of=2026-01-02 15:48:00 active_shadow_count=0
2026-08-02 00:31:45,045 [WARNING] point_baseline_shadow_fallback entity_id=user_finance_4 as_of=2026-01-02 15:48:00 active_shadow_count=0
2026-08-02 00:31:45,348 [WARNING] point_baseline_shadow_fallback entity_id=user_finance_1 as_of=2026-01-02 15:49:00 active_shadow_count=0
2026-08-02 00:31:45,676 [WARNING] point_baseline_shadow_fallback entity_id=user_finance_3 as_of=2026-01-02 15:50:00 active_shadow_count=0
2026-08-02 00:31:46,003 [WARNING] point_baseline_shadow_fallback entity_id=user_hr_1 as_of=2026-01-02 15:51:00 active_shadow_count=0
2026-08-02 00:31:46,019 [WARNING] point_baseline_shadow_fallback entity_id=user_hr_9 as_of=2026-01-02 15:51:00 active_shadow_count=0
2026-08-02 00:31:46,038 [WARNING] point_baseline_shadow_fallback entity_id=user_hr_12 as_of=2026-01-02 15:51:00 active_shadow_count=0
2026-08-02 00:31:46,363 [WARNING] point_baseline_shadow_fallback entity_id=user_engineer_12 as_of=2026-01-02 15:52:00 active_shadow_count=0
2026-08-02 00:31:46,364 [INFO] ANOMALY DETECTED: entity=user_engineer_12 score=50.00 conf=0.74
2026-08-02 00:31:46,364 [INFO]   - login_hour_rarity: raw=0.00 score=0.00
2026-08-02 00:31:46,364 [INFO]   - geolocation_rarity: raw=0.00 score=0.00
2026-08-02 00:31:46,364 [INFO]   - endpoint_set_rarity: raw=0.00 score=0.00
2026-08-02 00:31:46,364 [INFO]   - process_name_rarity: raw=0.00 score=0.00
2026-08-02 00:31:46,364 [INFO]   - command_line_embedding_similarity: raw=1.00 score=50.00
2026-08-02 00:31:46,364 [INFO]   - total_volume_delta: raw=3.62 score=0.00
2026-08-02 00:31:46,364 [INFO]   - drift_alert: raw=0.00 score=0.00
2026-08-02 00:31:46,679 [WARNING] point_baseline_shadow_fallback entity_id=user_engineer_5 as_of=2026-01-02 15:53:00 active_shadow_count=0
2026-08-02 00:31:46,963 [WARNING] point_baseline_shadow_fallback entity_id=user_engineer_11 as_of=2026-01-02 15:54:00 active_shadow_count=0
2026-08-02 00:31:47,436 [WARNING] point_baseline_shadow_fallback entity_id=user_engineer_2 as_of=2026-01-02 15:55:00 active_shadow_count=0
2026-08-02 00:31:47,448 [WARNING] point_baseline_shadow_fallback entity_id=user_hr_9 as_of=2026-01-02 15:55:00 active_shadow_count=0
2026-08-02 00:31:47,461 [WARNING] point_baseline_shadow_fallback entity_id=user_finance_3 as_of=2026-01-02 15:55:00 active_shadow_count=0
2026-08-02 00:31:47,474 [WARNING] point_baseline_shadow_fallback entity_id=user_finance_12 as_of=2026-01-02 15:55:00 active_shadow_count=0
2026-08-02 00:31:47,488 [WARNING] point_baseline_shadow_fallback entity_id=user_finance_13 as_of=2026-01-02 15:55:00 active_shadow_count=0
2026-08-02 00:31:47,763 [WARNING] point_baseline_shadow_fallback entity_id=user_hr_8 as_of=2026-01-02 15:56:00 active_shadow_count=0
2026-08-02 00:31:47,764 [INFO] ANOMALY DETECTED: entity=user_hr_8 score=50.00 conf=0.74
2026-08-02 00:31:47,764 [INFO]   - login_hour_rarity: raw=0.00 score=0.00
2026-08-02 00:31:47,764 [INFO]   - geolocation_rarity: raw=0.00 score=0.00
2026-08-02 00:31:47,764 [INFO]   - endpoint_set_rarity: raw=0.00 score=0.00
2026-08-02 00:31:47,765 [INFO]   - process_name_rarity: raw=0.00 score=0.00
2026-08-02 00:31:47,765 [INFO]   - command_line_embedding_similarity: raw=1.00 score=50.00
2026-08-02 00:31:47,765 [INFO]   - total_volume_delta: raw=3.13 score=0.00
2026-08-02 00:31:47,765 [INFO]   - drift_alert: raw=0.00 score=0.00
2026-08-02 00:31:48,043 [WARNING] point_baseline_shadow_fallback entity_id=user_hr_4 as_of=2026-01-02 15:57:00 active_shadow_count=0
2026-08-02 00:31:48,061 [WARNING] point_baseline_shadow_fallback entity_id=user_finance_2 as_of=2026-01-02 15:57:00 active_shadow_count=0
2026-08-02 00:31:48,393 [WARNING] point_baseline_shadow_fallback entity_id=user_finance_0 as_of=2026-01-02 15:58:00 active_shadow_count=0
2026-08-02 00:31:48,706 [WARNING] point_baseline_shadow_fallback entity_id=user_finance_4 as_of=2026-01-02 15:59:00 active_shadow_count=0
2026-08-02 00:31:49,178 [WARNING] point_baseline_shadow_fallback entity_id=user_hr_13 as_of=2026-01-02 16:00:00 active_shadow_count=0
2026-08-02 00:31:49,190 [WARNING] point_baseline_shadow_fallback entity_id=user_finance_13 as_of=2026-01-02 16:00:00 active_shadow_count=0
2026-08-02 00:31:49,464 [WARNING] point_baseline_shadow_fallback entity_id=user_hr_12 as_of=2026-01-02 16:01:00 active_shadow_count=0
2026-08-02 00:31:49,733 [WARNING] point_baseline_shadow_fallback entity_id=user_hr_6 as_of=2026-01-02 16:02:00 active_shadow_count=0
2026-08-02 00:31:49,737 [INFO] ANOMALY DETECTED: entity=user_hr_6 score=50.58 conf=0.71
2026-08-02 00:31:49,737 [INFO]   - login_hour_rarity: raw=0.00 score=0.00
2026-08-02 00:31:49,737 [INFO]   - geolocation_rarity: raw=0.00 score=0.00
2026-08-02 00:31:49,737 [INFO]   - endpoint_set_rarity: raw=0.00 score=0.00
2026-08-02 00:31:49,738 [INFO]   - process_name_rarity: raw=0.39 score=0.58
2026-08-02 00:31:49,738 [INFO]   - command_line_embedding_similarity: raw=1.00 score=50.00
2026-08-02 00:31:49,738 [INFO]   - total_volume_delta: raw=2.77 score=0.00
2026-08-02 00:31:49,738 [INFO]   - drift_alert: raw=0.00 score=0.00
2026-08-02 00:31:49,751 [WARNING] point_baseline_shadow_fallback entity_id=user_finance_13 as_of=2026-01-02 16:02:00 active_shadow_count=0
2026-08-02 00:31:50,029 [WARNING] point_baseline_shadow_fallback entity_id=user_engineer_3 as_of=2026-01-02 16:03:00 active_shadow_count=0
2026-08-02 00:31:50,307 [WARNING] point_baseline_shadow_fallback entity_id=user_engineer_1 as_of=2026-01-02 16:04:00 active_shadow_count=0
2026-08-02 00:31:50,579 [WARNING] point_baseline_shadow_fallback entity_id=user_engineer_1 as_of=2026-01-02 16:05:00 active_shadow_count=0
2026-08-02 00:31:50,862 [WARNING] point_baseline_shadow_fallback entity_id=user_engineer_3 as_of=2026-01-02 16:06:00 active_shadow_count=0
2026-08-02 00:31:50,880 [WARNING] point_baseline_shadow_fallback entity_id=user_engineer_8 as_of=2026-01-02 16:06:00 active_shadow_count=0
2026-08-02 00:31:50,898 [INFO] ANOMALY DETECTED: entity=user_engineer_14 score=50.55 conf=0.70
2026-08-02 00:31:50,899 [INFO]   - login_hour_rarity: raw=0.00 score=0.00
2026-08-02 00:31:50,899 [INFO]   - geolocation_rarity: raw=0.00 score=0.00
2026-08-02 00:31:50,899 [INFO]   - endpoint_set_rarity: raw=0.00 score=0.00
2026-08-02 00:31:50,899 [INFO]   - process_name_rarity: raw=0.36 score=0.55
2026-08-02 00:31:50,899 [INFO]   - command_line_embedding_similarity: raw=1.00 score=50.00
2026-08-02 00:31:50,899 [INFO]   - total_volume_delta: raw=4.00 score=0.00
2026-08-02 00:31:50,899 [INFO]   - drift_alert: raw=0.00 score=0.00
2026-08-02 00:31:50,915 [WARNING] point_baseline_shadow_fallback entity_id=user_finance_1 as_of=2026-01-02 16:06:00 active_shadow_count=0
2026-08-02 00:31:50,915 [INFO] ANOMALY DETECTED: entity=user_finance_1 score=50.00 conf=0.73
2026-08-02 00:31:50,916 [INFO]   - login_hour_rarity: raw=0.00 score=0.00
2026-08-02 00:31:50,916 [INFO]   - geolocation_rarity: raw=0.00 score=0.00
2026-08-02 00:31:50,916 [INFO]   - endpoint_set_rarity: raw=0.00 score=0.00
2026-08-02 00:31:50,916 [INFO]   - process_name_rarity: raw=0.00 score=0.00
2026-08-02 00:31:50,916 [INFO]   - command_line_embedding_similarity: raw=1.00 score=50.00
2026-08-02 00:31:50,916 [INFO]   - total_volume_delta: raw=3.13 score=0.00
2026-08-02 00:31:50,916 [INFO]   - drift_alert: raw=0.00 score=0.00
2026-08-02 00:31:51,469 [WARNING] point_baseline_shadow_fallback entity_id=user_hr_6 as_of=2026-01-02 16:08:00 active_shadow_count=0
2026-08-02 00:31:51,470 [INFO] ANOMALY DETECTED: entity=user_hr_6 score=50.58 conf=0.71
2026-08-02 00:31:51,470 [INFO]   - login_hour_rarity: raw=0.00 score=0.00
2026-08-02 00:31:51,470 [INFO]   - geolocation_rarity: raw=0.00 score=0.00
2026-08-02 00:31:51,470 [INFO]   - endpoint_set_rarity: raw=0.00 score=0.00
2026-08-02 00:31:51,470 [INFO]   - process_name_rarity: raw=0.39 score=0.58
2026-08-02 00:31:51,470 [INFO]   - command_line_embedding_similarity: raw=1.00 score=50.00
2026-08-02 00:31:51,470 [INFO]   - total_volume_delta: raw=2.77 score=0.00
2026-08-02 00:31:51,470 [INFO]   - drift_alert: raw=0.00 score=0.00
2026-08-02 00:31:51,483 [WARNING] point_baseline_shadow_fallback entity_id=user_finance_1 as_of=2026-01-02 16:08:00 active_shadow_count=0
2026-08-02 00:31:51,498 [WARNING] point_baseline_shadow_fallback entity_id=user_finance_3 as_of=2026-01-02 16:08:00 active_shadow_count=0
2026-08-02 00:31:51,513 [WARNING] point_baseline_shadow_fallback entity_id=user_finance_12 as_of=2026-01-02 16:08:00 active_shadow_count=0
2026-08-02 00:31:51,514 [INFO] ANOMALY DETECTED: entity=user_finance_12 score=50.00 conf=0.71
2026-08-02 00:31:51,514 [INFO]   - login_hour_rarity: raw=0.00 score=0.00
2026-08-02 00:31:51,514 [INFO]   - geolocation_rarity: raw=0.00 score=0.00
2026-08-02 00:31:51,514 [INFO]   - endpoint_set_rarity: raw=0.00 score=0.00
2026-08-02 00:31:51,514 [INFO]   - process_name_rarity: raw=0.00 score=0.00
2026-08-02 00:31:51,514 [INFO]   - command_line_embedding_similarity: raw=1.00 score=50.00
2026-08-02 00:31:51,514 [INFO]   - total_volume_delta: raw=2.24 score=0.00
2026-08-02 00:31:51,514 [INFO]   - drift_alert: raw=0.00 score=0.00
2026-08-02 00:31:51,798 [WARNING] point_baseline_shadow_fallback entity_id=user_engineer_9 as_of=2026-01-02 16:09:00 active_shadow_count=0
2026-08-02 00:31:52,095 [WARNING] point_baseline_shadow_fallback entity_id=user_hr_10 as_of=2026-01-02 16:10:00 active_shadow_count=0
2026-08-02 00:31:54,209 [WARNING] point_baseline_shadow_fallback entity_id=user_hr_10 as_of=2026-01-02 16:11:00 active_shadow_count=0
2026-08-02 00:31:54,820 [WARNING] point_baseline_shadow_fallback entity_id=user_engineer_6 as_of=2026-01-02 16:13:00 active_shadow_count=0
2026-08-02 00:31:55,130 [WARNING] point_baseline_shadow_fallback entity_id=user_engineer_14 as_of=2026-01-02 16:14:00 active_shadow_count=0
2026-08-02 00:31:55,149 [WARNING] point_baseline_shadow_fallback entity_id=user_finance_0 as_of=2026-01-02 16:14:00 active_shadow_count=0
2026-08-02 00:31:55,845 [WARNING] point_baseline_shadow_fallback entity_id=user_engineer_14 as_of=2026-01-02 16:16:00 active_shadow_count=0
2026-08-02 00:31:55,857 [WARNING] point_baseline_shadow_fallback entity_id=user_hr_0 as_of=2026-01-02 16:16:00 active_shadow_count=0
2026-08-02 00:31:55,873 [WARNING] point_baseline_shadow_fallback entity_id=user_hr_10 as_of=2026-01-02 16:16:00 active_shadow_count=0
2026-08-02 00:31:56,194 [WARNING] point_baseline_shadow_fallback entity_id=user_engineer_8 as_of=2026-01-02 16:17:00 active_shadow_count=0
2026-08-02 00:31:56,195 [INFO] ANOMALY DETECTED: entity=user_engineer_8 score=50.01 conf=0.78
2026-08-02 00:31:56,195 [INFO]   - login_hour_rarity: raw=0.00 score=0.00
2026-08-02 00:31:56,195 [INFO]   - geolocation_rarity: raw=0.00 score=0.00
2026-08-02 00:31:56,195 [INFO]   - endpoint_set_rarity: raw=0.00 score=0.00
2026-08-02 00:31:56,195 [INFO]   - process_name_rarity: raw=0.00 score=0.01
2026-08-02 00:31:56,195 [INFO]   - command_line_embedding_similarity: raw=1.00 score=50.00
2026-08-02 00:31:56,195 [INFO]   - total_volume_delta: raw=3.49 score=0.00
2026-08-02 00:31:56,195 [INFO]   - drift_alert: raw=0.00 score=0.00
2026-08-02 00:31:56,210 [WARNING] point_baseline_shadow_fallback entity_id=user_finance_4 as_of=2026-01-02 16:17:00 active_shadow_count=0
2026-08-02 00:31:56,226 [WARNING] point_baseline_shadow_fallback entity_id=user_finance_12 as_of=2026-01-02 16:17:00 active_shadow_count=0
2026-08-02 00:31:56,830 [WARNING] point_baseline_shadow_fallback entity_id=user_engineer_3 as_of=2026-01-02 16:19:00 active_shadow_count=0
2026-08-02 00:31:57,125 [WARNING] point_baseline_shadow_fallback entity_id=user_engineer_13 as_of=2026-01-02 16:20:00 active_shadow_count=0
2026-08-02 00:31:57,428 [WARNING] point_baseline_shadow_fallback entity_id=user_engineer_6 as_of=2026-01-02 16:21:00 active_shadow_count=0
2026-08-02 00:31:57,446 [WARNING] point_baseline_shadow_fallback entity_id=user_engineer_8 as_of=2026-01-02 16:21:00 active_shadow_count=0
2026-08-02 00:31:57,446 [INFO] ANOMALY DETECTED: entity=user_engineer_8 score=50.01 conf=0.78
2026-08-02 00:31:57,447 [INFO]   - login_hour_rarity: raw=0.00 score=0.00
2026-08-02 00:31:57,447 [INFO]   - geolocation_rarity: raw=0.00 score=0.00
2026-08-02 00:31:57,447 [INFO]   - endpoint_set_rarity: raw=0.00 score=0.00
2026-08-02 00:31:57,447 [INFO]   - process_name_rarity: raw=0.00 score=0.01
2026-08-02 00:31:57,447 [INFO]   - command_line_embedding_similarity: raw=1.00 score=50.00
2026-08-02 00:31:57,447 [INFO]   - total_volume_delta: raw=3.49 score=0.00
2026-08-02 00:31:57,447 [INFO]   - drift_alert: raw=0.00 score=0.00
2026-08-02 00:31:57,468 [WARNING] point_baseline_shadow_fallback entity_id=user_hr_3 as_of=2026-01-02 16:21:00 active_shadow_count=0
2026-08-02 00:31:57,760 [WARNING] point_baseline_shadow_fallback entity_id=user_engineer_9 as_of=2026-01-02 16:22:00 active_shadow_count=0
2026-08-02 00:31:57,774 [WARNING] point_baseline_shadow_fallback entity_id=user_hr_10 as_of=2026-01-02 16:22:00 active_shadow_count=0
2026-08-02 00:31:59,041 [WARNING] point_baseline_shadow_fallback entity_id=user_engineer_3 as_of=2026-01-02 16:23:00 active_shadow_count=0
2026-08-02 00:31:59,057 [WARNING] point_baseline_shadow_fallback entity_id=user_finance_5 as_of=2026-01-02 16:23:00 active_shadow_count=0
2026-08-02 00:31:59,058 [INFO] ANOMALY DETECTED: entity=user_finance_5 score=50.00 conf=0.71
2026-08-02 00:31:59,058 [INFO]   - login_hour_rarity: raw=0.00 score=0.00
2026-08-02 00:31:59,058 [INFO]   - geolocation_rarity: raw=0.00 score=0.00
2026-08-02 00:31:59,058 [INFO]   - endpoint_set_rarity: raw=0.00 score=0.00
2026-08-02 00:31:59,058 [INFO]   - process_name_rarity: raw=0.00 score=0.00
2026-08-02 00:31:59,058 [INFO]   - command_line_embedding_similarity: raw=1.00 score=50.00
2026-08-02 00:31:59,058 [INFO]   - total_volume_delta: raw=4.04 score=0.00
2026-08-02 00:31:59,058 [INFO]   - drift_alert: raw=0.00 score=0.00
2026-08-02 00:31:59,369 [WARNING] point_baseline_shadow_fallback entity_id=user_engineer_1 as_of=2026-01-02 16:24:00 active_shadow_count=0
2026-08-02 00:31:59,384 [WARNING] point_baseline_shadow_fallback entity_id=user_hr_1 as_of=2026-01-02 16:24:00 active_shadow_count=0
2026-08-02 00:31:59,692 [WARNING] point_baseline_shadow_fallback entity_id=user_hr_6 as_of=2026-01-02 16:25:00 active_shadow_count=0
2026-08-02 00:31:59,707 [WARNING] point_baseline_shadow_fallback entity_id=user_hr_10 as_of=2026-01-02 16:25:00 active_shadow_count=0
2026-08-02 00:31:59,724 [WARNING] point_baseline_shadow_fallback entity_id=user_finance_2 as_of=2026-01-02 16:25:00 active_shadow_count=0
2026-08-02 00:32:00,346 [WARNING] point_baseline_shadow_fallback entity_id=user_engineer_7 as_of=2026-01-02 16:27:00 active_shadow_count=0
2026-08-02 00:32:00,935 [WARNING] point_baseline_shadow_fallback entity_id=user_hr_5 as_of=2026-01-02 16:29:00 active_shadow_count=0
2026-08-02 00:32:00,948 [WARNING] point_baseline_shadow_fallback entity_id=user_hr_7 as_of=2026-01-02 16:29:00 active_shadow_count=0
2026-08-02 00:32:00,949 [INFO] ANOMALY DETECTED: entity=user_hr_7 score=50.00 conf=0.76
2026-08-02 00:32:00,949 [INFO]   - login_hour_rarity: raw=0.00 score=0.00
2026-08-02 00:32:00,949 [INFO]   - geolocation_rarity: raw=0.00 score=0.00
2026-08-02 00:32:00,949 [INFO]   - endpoint_set_rarity: raw=0.00 score=0.00
2026-08-02 00:32:00,949 [INFO]   - process_name_rarity: raw=0.00 score=0.00
2026-08-02 00:32:00,949 [INFO]   - command_line_embedding_similarity: raw=1.00 score=50.00
2026-08-02 00:32:00,949 [INFO]   - total_volume_delta: raw=3.04 score=0.00
2026-08-02 00:32:00,949 [INFO]   - drift_alert: raw=0.00 score=0.00
2026-08-02 00:32:00,964 [WARNING] point_baseline_shadow_fallback entity_id=user_hr_13 as_of=2026-01-02 16:29:00 active_shadow_count=0
2026-08-02 00:32:00,980 [WARNING] point_baseline_shadow_fallback entity_id=user_finance_1 as_of=2026-01-02 16:29:00 active_shadow_count=0
2026-08-02 00:32:01,280 [WARNING] point_baseline_shadow_fallback entity_id=user_engineer_1 as_of=2026-01-02 16:30:00 active_shadow_count=0
2026-08-02 00:32:01,298 [WARNING] point_baseline_shadow_fallback entity_id=user_engineer_14 as_of=2026-01-02 16:30:00 active_shadow_count=0
2026-08-02 00:32:01,315 [WARNING] point_baseline_shadow_fallback entity_id=user_hr_13 as_of=2026-01-02 16:30:00 active_shadow_count=0
2026-08-02 00:32:01,331 [WARNING] point_baseline_shadow_fallback entity_id=user_finance_6 as_of=2026-01-02 16:30:00 active_shadow_count=0
2026-08-02 00:32:01,645 [WARNING] point_baseline_shadow_fallback entity_id=user_hr_5 as_of=2026-01-02 16:31:00 active_shadow_count=0
2026-08-02 00:32:01,646 [INFO] ANOMALY DETECTED: entity=user_hr_5 score=50.58 conf=0.71
2026-08-02 00:32:01,646 [INFO]   - login_hour_rarity: raw=0.00 score=0.00
2026-08-02 00:32:01,646 [INFO]   - geolocation_rarity: raw=0.00 score=0.00
2026-08-02 00:32:01,646 [INFO]   - endpoint_set_rarity: raw=0.00 score=0.00
2026-08-02 00:32:01,646 [INFO]   - process_name_rarity: raw=0.39 score=0.58
2026-08-02 00:32:01,646 [INFO]   - command_line_embedding_similarity: raw=1.00 score=50.00
2026-08-02 00:32:01,646 [INFO]   - total_volume_delta: raw=3.46 score=0.00
2026-08-02 00:32:01,646 [INFO]   - drift_alert: raw=0.00 score=0.00
2026-08-02 00:32:01,664 [WARNING] point_baseline_shadow_fallback entity_id=user_hr_13 as_of=2026-01-02 16:31:00 active_shadow_count=0
2026-08-02 00:32:01,677 [WARNING] point_baseline_shadow_fallback entity_id=user_finance_5 as_of=2026-01-02 16:31:00 active_shadow_count=0
2026-08-02 00:32:01,984 [WARNING] point_baseline_shadow_fallback entity_id=user_hr_3 as_of=2026-01-02 16:32:00 active_shadow_count=0
2026-08-02 00:32:02,288 [WARNING] point_baseline_shadow_fallback entity_id=user_hr_1 as_of=2026-01-02 16:33:00 active_shadow_count=0
2026-08-02 00:32:02,604 [WARNING] point_baseline_shadow_fallback entity_id=user_engineer_1 as_of=2026-01-02 16:34:00 active_shadow_count=0
2026-08-02 00:32:02,620 [WARNING] point_baseline_shadow_fallback entity_id=user_engineer_10 as_of=2026-01-02 16:34:00 active_shadow_count=0
2026-08-02 00:32:02,621 [INFO] ANOMALY DETECTED: entity=user_engineer_10 score=50.55 conf=0.69
2026-08-02 00:32:02,621 [INFO]   - login_hour_rarity: raw=0.00 score=0.00
2026-08-02 00:32:02,621 [INFO]   - geolocation_rarity: raw=0.00 score=0.00
2026-08-02 00:32:02,621 [INFO]   - endpoint_set_rarity: raw=0.00 score=0.00
2026-08-02 00:32:02,621 [INFO]   - process_name_rarity: raw=0.36 score=0.55
2026-08-02 00:32:02,621 [INFO]   - command_line_embedding_similarity: raw=1.00 score=50.00
2026-08-02 00:32:02,621 [INFO]   - total_volume_delta: raw=2.91 score=0.00
2026-08-02 00:32:02,621 [INFO]   - drift_alert: raw=0.00 score=0.00
2026-08-02 00:32:02,638 [WARNING] point_baseline_shadow_fallback entity_id=user_hr_7 as_of=2026-01-02 16:34:00 active_shadow_count=0
2026-08-02 00:32:02,651 [WARNING] point_baseline_shadow_fallback entity_id=user_finance_4 as_of=2026-01-02 16:34:00 active_shadow_count=0
2026-08-02 00:32:03,264 [WARNING] point_baseline_shadow_fallback entity_id=user_hr_0 as_of=2026-01-02 16:36:00 active_shadow_count=0
2026-08-02 00:32:03,265 [INFO] ANOMALY DETECTED: entity=user_hr_0 score=50.00 conf=0.74
2026-08-02 00:32:03,265 [INFO]   - login_hour_rarity: raw=0.00 score=0.00
2026-08-02 00:32:03,265 [INFO]   - geolocation_rarity: raw=0.00 score=0.00
2026-08-02 00:32:03,265 [INFO]   - endpoint_set_rarity: raw=0.00 score=0.00
2026-08-02 00:32:03,265 [INFO]   - process_name_rarity: raw=0.00 score=0.00
2026-08-02 00:32:03,266 [INFO]   - command_line_embedding_similarity: raw=1.00 score=50.00
2026-08-02 00:32:03,266 [INFO]   - total_volume_delta: raw=3.17 score=0.00
2026-08-02 00:32:03,266 [INFO]   - drift_alert: raw=0.00 score=0.00
2026-08-02 00:32:03,282 [WARNING] point_baseline_shadow_fallback entity_id=user_hr_9 as_of=2026-01-02 16:36:00 active_shadow_count=0
2026-08-02 00:32:04,884 [WARNING] point_baseline_shadow_fallback entity_id=user_finance_1 as_of=2026-01-02 16:37:00 active_shadow_count=0
2026-08-02 00:32:04,885 [INFO] ANOMALY DETECTED: entity=user_finance_1 score=50.00 conf=0.73
2026-08-02 00:32:04,885 [INFO]   - login_hour_rarity: raw=0.00 score=0.00
2026-08-02 00:32:04,885 [INFO]   - geolocation_rarity: raw=0.00 score=0.00
2026-08-02 00:32:04,885 [INFO]   - endpoint_set_rarity: raw=0.00 score=0.00
2026-08-02 00:32:04,885 [INFO]   - process_name_rarity: raw=0.00 score=0.00
2026-08-02 00:32:04,885 [INFO]   - command_line_embedding_similarity: raw=1.00 score=50.00
2026-08-02 00:32:04,885 [INFO]   - total_volume_delta: raw=3.13 score=0.00
2026-08-02 00:32:04,885 [INFO]   - drift_alert: raw=0.00 score=0.00
2026-08-02 00:32:04,898 [WARNING] point_baseline_shadow_fallback entity_id=user_finance_6 as_of=2026-01-02 16:37:00 active_shadow_count=0
2026-08-02 00:32:05,183 [WARNING] point_baseline_shadow_fallback entity_id=user_hr_11 as_of=2026-01-02 16:38:00 active_shadow_count=0
2026-08-02 00:32:05,196 [WARNING] point_baseline_shadow_fallback entity_id=user_hr_12 as_of=2026-01-02 16:38:00 active_shadow_count=0
2026-08-02 00:32:05,209 [WARNING] point_baseline_shadow_fallback entity_id=user_hr_13 as_of=2026-01-02 16:38:00 active_shadow_count=0
2026-08-02 00:32:05,221 [WARNING] point_baseline_shadow_fallback entity_id=user_finance_13 as_of=2026-01-02 16:38:00 active_shadow_count=0
2026-08-02 00:32:05,542 [WARNING] point_baseline_shadow_fallback entity_id=user_hr_13 as_of=2026-01-02 16:39:00 active_shadow_count=0
2026-08-02 00:32:05,543 [INFO] ANOMALY DETECTED: entity=user_hr_13 score=50.01 conf=0.76
2026-08-02 00:32:05,543 [INFO]   - login_hour_rarity: raw=0.00 score=0.00
2026-08-02 00:32:05,543 [INFO]   - geolocation_rarity: raw=0.00 score=0.00
2026-08-02 00:32:05,543 [INFO]   - endpoint_set_rarity: raw=0.00 score=0.00
2026-08-02 00:32:05,543 [INFO]   - process_name_rarity: raw=0.01 score=0.01
2026-08-02 00:32:05,543 [INFO]   - command_line_embedding_similarity: raw=1.00 score=50.00
2026-08-02 00:32:05,543 [INFO]   - total_volume_delta: raw=2.32 score=0.00
2026-08-02 00:32:05,543 [INFO]   - drift_alert: raw=0.00 score=0.00
2026-08-02 00:32:05,858 [WARNING] point_baseline_shadow_fallback entity_id=user_hr_10 as_of=2026-01-02 16:40:00 active_shadow_count=0
2026-08-02 00:32:05,859 [INFO] ANOMALY DETECTED: entity=user_hr_10 score=50.00 conf=0.74
2026-08-02 00:32:05,859 [INFO]   - login_hour_rarity: raw=0.00 score=0.00
2026-08-02 00:32:05,859 [INFO]   - geolocation_rarity: raw=0.00 score=0.00
2026-08-02 00:32:05,859 [INFO]   - endpoint_set_rarity: raw=0.00 score=0.00
2026-08-02 00:32:05,859 [INFO]   - process_name_rarity: raw=0.00 score=0.00
2026-08-02 00:32:05,859 [INFO]   - command_line_embedding_similarity: raw=1.00 score=50.00
2026-08-02 00:32:05,859 [INFO]   - total_volume_delta: raw=2.93 score=0.00
2026-08-02 00:32:05,859 [INFO]   - drift_alert: raw=0.00 score=0.00
2026-08-02 00:32:05,873 [WARNING] point_baseline_shadow_fallback entity_id=user_finance_12 as_of=2026-01-02 16:40:00 active_shadow_count=0
2026-08-02 00:32:06,961 [WARNING] point_baseline_shadow_fallback entity_id=user_engineer_7 as_of=2026-01-02 16:44:00 active_shadow_count=0
2026-08-02 00:32:07,238 [WARNING] point_baseline_shadow_fallback entity_id=user_hr_5 as_of=2026-01-02 16:45:00 active_shadow_count=0
2026-08-02 00:32:07,250 [WARNING] point_baseline_shadow_fallback entity_id=user_hr_9 as_of=2026-01-02 16:45:00 active_shadow_count=0
2026-08-02 00:32:07,263 [WARNING] point_baseline_shadow_fallback entity_id=user_finance_8 as_of=2026-01-02 16:45:00 active_shadow_count=0
2026-08-02 00:32:07,533 [WARNING] point_baseline_shadow_fallback entity_id=user_hr_0 as_of=2026-01-02 16:46:00 active_shadow_count=0
2026-08-02 00:32:07,545 [WARNING] point_baseline_shadow_fallback entity_id=user_hr_5 as_of=2026-01-02 16:46:00 active_shadow_count=0
2026-08-02 00:32:08,062 [WARNING] point_baseline_shadow_fallback entity_id=user_engineer_3 as_of=2026-01-02 16:48:00 active_shadow_count=0
2026-08-02 00:32:08,074 [WARNING] point_baseline_shadow_fallback entity_id=user_hr_13 as_of=2026-01-02 16:48:00 active_shadow_count=0
2026-08-02 00:32:08,086 [WARNING] point_baseline_shadow_fallback entity_id=user_finance_6 as_of=2026-01-02 16:48:00 active_shadow_count=0
2026-08-02 00:32:08,351 [WARNING] point_baseline_shadow_fallback entity_id=user_engineer_10 as_of=2026-01-02 16:49:00 active_shadow_count=0
2026-08-02 00:32:08,362 [WARNING] point_baseline_shadow_fallback entity_id=user_finance_5 as_of=2026-01-02 16:49:00 active_shadow_count=0
2026-08-02 00:32:08,641 [WARNING] point_baseline_shadow_fallback entity_id=user_hr_9 as_of=2026-01-02 16:50:00 active_shadow_count=0
2026-08-02 00:32:08,642 [INFO] ANOMALY DETECTED: entity=user_hr_9 score=50.01 conf=0.76
2026-08-02 00:32:08,642 [INFO]   - login_hour_rarity: raw=0.00 score=0.00
2026-08-02 00:32:08,642 [INFO]   - geolocation_rarity: raw=0.00 score=0.00
2026-08-02 00:32:08,642 [INFO]   - endpoint_set_rarity: raw=0.00 score=0.00
2026-08-02 00:32:08,642 [INFO]   - process_name_rarity: raw=0.01 score=0.01
2026-08-02 00:32:08,642 [INFO]   - command_line_embedding_similarity: raw=1.00 score=50.00
2026-08-02 00:32:08,642 [INFO]   - total_volume_delta: raw=3.36 score=0.00
2026-08-02 00:32:08,642 [INFO]   - drift_alert: raw=0.00 score=0.00
2026-08-02 00:32:08,655 [WARNING] point_baseline_shadow_fallback entity_id=user_finance_0 as_of=2026-01-02 16:50:00 active_shadow_count=0
2026-08-02 00:32:08,668 [WARNING] point_baseline_shadow_fallback entity_id=user_finance_1 as_of=2026-01-02 16:50:00 active_shadow_count=0
2026-08-02 00:32:08,681 [WARNING] point_baseline_shadow_fallback entity_id=user_finance_6 as_of=2026-01-02 16:50:00 active_shadow_count=0
2026-08-02 00:32:10,658 [WARNING] point_baseline_shadow_fallback entity_id=user_engineer_8 as_of=2026-01-02 16:52:00 active_shadow_count=0
2026-08-02 00:32:10,670 [WARNING] point_baseline_shadow_fallback entity_id=user_hr_6 as_of=2026-01-02 16:52:00 active_shadow_count=0
2026-08-02 00:32:10,683 [WARNING] point_baseline_shadow_fallback entity_id=user_finance_12 as_of=2026-01-02 16:52:00 active_shadow_count=0
2026-08-02 00:32:11,213 [WARNING] point_baseline_shadow_fallback entity_id=user_engineer_13 as_of=2026-01-02 16:54:00 active_shadow_count=0
2026-08-02 00:32:11,226 [WARNING] point_baseline_shadow_fallback entity_id=user_hr_7 as_of=2026-01-02 16:54:00 active_shadow_count=0
2026-08-02 00:32:11,227 [INFO] ANOMALY DETECTED: entity=user_hr_7 score=50.00 conf=0.76
2026-08-02 00:32:11,227 [INFO]   - login_hour_rarity: raw=0.00 score=0.00
2026-08-02 00:32:11,227 [INFO]   - geolocation_rarity: raw=0.00 score=0.00
2026-08-02 00:32:11,227 [INFO]   - endpoint_set_rarity: raw=0.00 score=0.00
2026-08-02 00:32:11,227 [INFO]   - process_name_rarity: raw=0.00 score=0.00
2026-08-02 00:32:11,227 [INFO]   - command_line_embedding_similarity: raw=1.00 score=50.00
2026-08-02 00:32:11,227 [INFO]   - total_volume_delta: raw=3.04 score=0.00
2026-08-02 00:32:11,227 [INFO]   - drift_alert: raw=0.00 score=0.00
2026-08-02 00:32:11,239 [WARNING] point_baseline_shadow_fallback entity_id=user_hr_10 as_of=2026-01-02 16:54:00 active_shadow_count=0
2026-08-02 00:32:11,508 [WARNING] point_baseline_shadow_fallback entity_id=user_finance_3 as_of=2026-01-02 16:55:00 active_shadow_count=0
2026-08-02 00:32:12,039 [WARNING] point_baseline_shadow_fallback entity_id=user_hr_9 as_of=2026-01-02 16:57:00 active_shadow_count=0
2026-08-02 00:32:12,051 [WARNING] point_baseline_shadow_fallback entity_id=user_finance_13 as_of=2026-01-02 16:57:00 active_shadow_count=0
2026-08-02 00:32:12,381 [WARNING] point_baseline_shadow_fallback entity_id=user_hr_1 as_of=2026-01-02 16:58:00 active_shadow_count=0
2026-08-02 00:32:12,382 [INFO] ANOMALY DETECTED: entity=user_hr_1 score=50.00 conf=0.77
2026-08-02 00:32:12,382 [INFO]   - login_hour_rarity: raw=0.00 score=0.00
2026-08-02 00:32:12,383 [INFO]   - geolocation_rarity: raw=0.00 score=0.00
2026-08-02 00:32:12,383 [INFO]   - endpoint_set_rarity: raw=0.00 score=0.00
2026-08-02 00:32:12,383 [INFO]   - process_name_rarity: raw=0.00 score=0.00
2026-08-02 00:32:12,383 [INFO]   - command_line_embedding_similarity: raw=1.00 score=50.00
2026-08-02 00:32:12,383 [INFO]   - total_volume_delta: raw=3.04 score=0.00
2026-08-02 00:32:12,383 [INFO]   - drift_alert: raw=0.00 score=0.00
2026-08-02 00:32:12,395 [WARNING] point_baseline_shadow_fallback entity_id=user_hr_3 as_of=2026-01-02 16:58:00 active_shadow_count=0
2026-08-02 00:32:12,668 [WARNING] point_baseline_shadow_fallback entity_id=user_hr_6 as_of=2026-01-02 16:59:00 active_shadow_count=0
2026-08-02 00:32:12,680 [WARNING] point_baseline_shadow_fallback entity_id=user_finance_2 as_of=2026-01-02 16:59:00 active_shadow_count=0
2026-08-02 00:32:12,692 [WARNING] point_baseline_shadow_fallback entity_id=user_finance_6 as_of=2026-01-02 16:59:00 active_shadow_count=0
2026-08-02 00:32:12,959 [WARNING] point_baseline_shadow_fallback entity_id=user_engineer_6 as_of=2026-01-02 17:00:00 active_shadow_count=0
2026-08-02 00:32:13,303 [WARNING] point_baseline_shadow_fallback entity_id=user_engineer_6 as_of=2026-01-02 17:01:00 active_shadow_count=0
2026-08-02 00:32:13,307 [INFO] ANOMALY DETECTED: entity=user_engineer_6 score=50.00 conf=0.74
2026-08-02 00:32:13,307 [INFO]   - login_hour_rarity: raw=0.00 score=0.00
2026-08-02 00:32:13,307 [INFO]   - geolocation_rarity: raw=0.00 score=0.00
2026-08-02 00:32:13,307 [INFO]   - endpoint_set_rarity: raw=0.00 score=0.00
2026-08-02 00:32:13,307 [INFO]   - process_name_rarity: raw=0.00 score=0.00
2026-08-02 00:32:13,307 [INFO]   - command_line_embedding_similarity: raw=1.00 score=50.00
2026-08-02 00:32:13,307 [INFO]   - total_volume_delta: raw=3.25 score=0.00
2026-08-02 00:32:13,307 [INFO]   - drift_alert: raw=0.00 score=0.00
2026-08-02 00:32:13,598 [WARNING] point_baseline_shadow_fallback entity_id=user_engineer_13 as_of=2026-01-02 17:02:00 active_shadow_count=0
2026-08-02 00:32:13,599 [INFO] ANOMALY DETECTED: entity=user_engineer_13 score=50.00 conf=0.72
2026-08-02 00:32:13,599 [INFO]   - login_hour_rarity: raw=0.00 score=0.00
2026-08-02 00:32:13,599 [INFO]   - geolocation_rarity: raw=0.00 score=0.00
2026-08-02 00:32:13,599 [INFO]   - endpoint_set_rarity: raw=0.00 score=0.00
2026-08-02 00:32:13,599 [INFO]   - process_name_rarity: raw=0.00 score=0.00
2026-08-02 00:32:13,599 [INFO]   - command_line_embedding_similarity: raw=1.00 score=50.00
2026-08-02 00:32:13,599 [INFO]   - total_volume_delta: raw=2.54 score=0.00
2026-08-02 00:32:13,599 [INFO]   - drift_alert: raw=0.00 score=0.00
2026-08-02 00:32:13,612 [WARNING] point_baseline_shadow_fallback entity_id=user_engineer_14 as_of=2026-01-02 17:02:00 active_shadow_count=0
2026-08-02 00:32:13,613 [INFO] ANOMALY DETECTED: entity=user_engineer_14 score=50.55 conf=0.70
2026-08-02 00:32:13,613 [INFO]   - login_hour_rarity: raw=0.00 score=0.00
2026-08-02 00:32:13,613 [INFO]   - geolocation_rarity: raw=0.00 score=0.00
2026-08-02 00:32:13,613 [INFO]   - endpoint_set_rarity: raw=0.00 score=0.00
2026-08-02 00:32:13,613 [INFO]   - process_name_rarity: raw=0.36 score=0.55
2026-08-02 00:32:13,613 [INFO]   - command_line_embedding_similarity: raw=1.00 score=50.00
2026-08-02 00:32:13,613 [INFO]   - total_volume_delta: raw=4.00 score=0.00
2026-08-02 00:32:13,613 [INFO]   - drift_alert: raw=0.00 score=0.00
2026-08-02 00:32:13,630 [WARNING] point_baseline_shadow_fallback entity_id=user_finance_13 as_of=2026-01-02 17:02:00 active_shadow_count=0
2026-08-02 00:32:14,148 [WARNING] point_baseline_shadow_fallback entity_id=user_engineer_3 as_of=2026-01-02 17:04:00 active_shadow_count=0
2026-08-02 00:32:14,149 [INFO] ANOMALY DETECTED: entity=user_engineer_3 score=50.00 conf=0.75
2026-08-02 00:32:14,149 [INFO]   - login_hour_rarity: raw=0.00 score=0.00
2026-08-02 00:32:14,149 [INFO]   - geolocation_rarity: raw=0.00 score=0.00
2026-08-02 00:32:14,149 [INFO]   - endpoint_set_rarity: raw=0.00 score=0.00
2026-08-02 00:32:14,149 [INFO]   - process_name_rarity: raw=0.00 score=0.00
2026-08-02 00:32:14,149 [INFO]   - command_line_embedding_similarity: raw=1.00 score=50.00
2026-08-02 00:32:14,149 [INFO]   - total_volume_delta: raw=3.29 score=0.00
2026-08-02 00:32:14,149 [INFO]   - drift_alert: raw=0.00 score=0.00
2026-08-02 00:32:14,162 [WARNING] point_baseline_shadow_fallback entity_id=user_finance_1 as_of=2026-01-02 17:04:00 active_shadow_count=0
2026-08-02 00:32:14,174 [WARNING] point_baseline_shadow_fallback entity_id=user_finance_5 as_of=2026-01-02 17:04:00 active_shadow_count=0
2026-08-02 00:32:14,439 [WARNING] point_baseline_shadow_fallback entity_id=user_engineer_7 as_of=2026-01-02 17:05:00 active_shadow_count=0
2026-08-02 00:32:14,440 [INFO] ANOMALY DETECTED: entity=user_engineer_7 score=50.00 conf=0.74
2026-08-02 00:32:14,440 [INFO]   - login_hour_rarity: raw=0.00 score=0.00
2026-08-02 00:32:14,440 [INFO]   - geolocation_rarity: raw=0.00 score=0.00
2026-08-02 00:32:14,440 [INFO]   - endpoint_set_rarity: raw=0.00 score=0.00
2026-08-02 00:32:14,440 [INFO]   - process_name_rarity: raw=0.00 score=0.00
2026-08-02 00:32:14,440 [INFO]   - command_line_embedding_similarity: raw=1.00 score=50.00
2026-08-02 00:32:14,440 [INFO]   - total_volume_delta: raw=2.85 score=0.00
2026-08-02 00:32:14,440 [INFO]   - drift_alert: raw=0.00 score=0.00
2026-08-02 00:32:16,014 [WARNING] point_baseline_shadow_fallback entity_id=user_finance_5 as_of=2026-01-02 17:06:00 active_shadow_count=0
2026-08-02 00:32:16,027 [WARNING] point_baseline_shadow_fallback entity_id=user_finance_10 as_of=2026-01-02 17:06:00 active_shadow_count=0
2026-08-02 00:32:16,863 [WARNING] point_baseline_shadow_fallback entity_id=user_hr_0 as_of=2026-01-02 17:09:00 active_shadow_count=0
2026-08-02 00:32:17,142 [WARNING] point_baseline_shadow_fallback entity_id=user_engineer_9 as_of=2026-01-02 17:10:00 active_shadow_count=0
2026-08-02 00:32:17,143 [INFO] ANOMALY DETECTED: entity=user_engineer_9 score=50.55 conf=0.72
2026-08-02 00:32:17,143 [INFO]   - login_hour_rarity: raw=0.00 score=0.00
2026-08-02 00:32:17,143 [INFO]   - geolocation_rarity: raw=0.00 score=0.00
2026-08-02 00:32:17,143 [INFO]   - endpoint_set_rarity: raw=0.00 score=0.00
2026-08-02 00:32:17,143 [INFO]   - process_name_rarity: raw=0.36 score=0.55
2026-08-02 00:32:17,143 [INFO]   - command_line_embedding_similarity: raw=1.00 score=50.00
2026-08-02 00:32:17,143 [INFO]   - total_volume_delta: raw=3.54 score=0.00
2026-08-02 00:32:17,143 [INFO]   - drift_alert: raw=0.00 score=0.00
2026-08-02 00:32:17,687 [WARNING] point_baseline_shadow_fallback entity_id=user_engineer_6 as_of=2026-01-02 17:12:00 active_shadow_count=0
2026-08-02 00:32:19,746 [WARNING] point_baseline_shadow_fallback entity_id=user_finance_4 as_of=2026-01-02 17:14:00 active_shadow_count=0
2026-08-02 00:32:19,747 [INFO] ANOMALY DETECTED: entity=user_finance_4 score=50.00 conf=0.73
2026-08-02 00:32:19,747 [INFO]   - login_hour_rarity: raw=0.00 score=0.00
2026-08-02 00:32:19,747 [INFO]   - geolocation_rarity: raw=0.00 score=0.00
2026-08-02 00:32:19,747 [INFO]   - endpoint_set_rarity: raw=0.00 score=0.00
2026-08-02 00:32:19,747 [INFO]   - process_name_rarity: raw=0.00 score=0.00
2026-08-02 00:32:19,747 [INFO]   - command_line_embedding_similarity: raw=1.00 score=50.00
2026-08-02 00:32:19,747 [INFO]   - total_volume_delta: raw=2.85 score=0.00
2026-08-02 00:32:19,747 [INFO]   - drift_alert: raw=0.00 score=0.00
2026-08-02 00:32:20,794 [WARNING] point_baseline_shadow_fallback entity_id=user_finance_1 as_of=2026-01-02 17:17:00 active_shadow_count=0
2026-08-02 00:32:20,807 [WARNING] point_baseline_shadow_fallback entity_id=user_finance_12 as_of=2026-01-02 17:17:00 active_shadow_count=0
2026-08-02 00:32:21,074 [WARNING] point_baseline_shadow_fallback entity_id=user_hr_11 as_of=2026-01-02 17:18:00 active_shadow_count=0
2026-08-02 00:32:21,339 [WARNING] point_baseline_shadow_fallback entity_id=user_hr_10 as_of=2026-01-02 17:19:00 active_shadow_count=0
2026-08-02 00:32:21,352 [WARNING] point_baseline_shadow_fallback entity_id=user_finance_5 as_of=2026-01-02 17:19:00 active_shadow_count=0
2026-08-02 00:32:21,352 [INFO] ANOMALY DETECTED: entity=user_finance_5 score=50.00 conf=0.71
2026-08-02 00:32:21,352 [INFO]   - login_hour_rarity: raw=0.00 score=0.00
2026-08-02 00:32:21,353 [INFO]   - geolocation_rarity: raw=0.00 score=0.00
2026-08-02 00:32:21,353 [INFO]   - endpoint_set_rarity: raw=0.00 score=0.00
2026-08-02 00:32:21,353 [INFO]   - process_name_rarity: raw=0.00 score=0.00
2026-08-02 00:32:21,353 [INFO]   - command_line_embedding_similarity: raw=1.00 score=50.00
2026-08-02 00:32:21,353 [INFO]   - total_volume_delta: raw=4.04 score=0.00
2026-08-02 00:32:21,353 [INFO]   - drift_alert: raw=0.00 score=0.00
2026-08-02 00:32:21,644 [WARNING] point_baseline_shadow_fallback entity_id=user_finance_10 as_of=2026-01-02 17:20:00 active_shadow_count=0
2026-08-02 00:32:22,235 [WARNING] point_baseline_shadow_fallback entity_id=user_finance_8 as_of=2026-01-02 17:22:00 active_shadow_count=0
2026-08-02 00:32:22,616 [WARNING] point_baseline_shadow_fallback entity_id=user_finance_6 as_of=2026-01-02 17:23:00 active_shadow_count=0
2026-08-02 00:32:23,188 [WARNING] point_baseline_shadow_fallback entity_id=user_hr_1 as_of=2026-01-02 17:25:00 active_shadow_count=0
2026-08-02 00:32:23,189 [INFO] ANOMALY DETECTED: entity=user_hr_1 score=50.00 conf=0.77
2026-08-02 00:32:23,189 [INFO]   - login_hour_rarity: raw=0.00 score=0.00
2026-08-02 00:32:23,189 [INFO]   - geolocation_rarity: raw=0.00 score=0.00
2026-08-02 00:32:23,189 [INFO]   - endpoint_set_rarity: raw=0.00 score=0.00
2026-08-02 00:32:23,189 [INFO]   - process_name_rarity: raw=0.00 score=0.00
2026-08-02 00:32:23,189 [INFO]   - command_line_embedding_similarity: raw=1.00 score=50.00
2026-08-02 00:32:23,189 [INFO]   - total_volume_delta: raw=3.04 score=0.00
2026-08-02 00:32:23,189 [INFO]   - drift_alert: raw=0.00 score=0.00
2026-08-02 00:32:23,785 [WARNING] point_baseline_shadow_fallback entity_id=user_finance_6 as_of=2026-01-02 17:27:00 active_shadow_count=0
2026-08-02 00:32:23,791 [INFO] ANOMALY DETECTED: entity=user_finance_6 score=50.01 conf=0.78
2026-08-02 00:32:23,791 [INFO]   - login_hour_rarity: raw=0.00 score=0.00
2026-08-02 00:32:23,791 [INFO]   - geolocation_rarity: raw=0.00 score=0.00
2026-08-02 00:32:23,791 [INFO]   - endpoint_set_rarity: raw=0.00 score=0.00
2026-08-02 00:32:23,791 [INFO]   - process_name_rarity: raw=0.01 score=0.01
2026-08-02 00:32:23,791 [INFO]   - command_line_embedding_similarity: raw=1.00 score=50.00
2026-08-02 00:32:23,791 [INFO]   - total_volume_delta: raw=2.65 score=0.00
2026-08-02 00:32:23,791 [INFO]   - drift_alert: raw=0.00 score=0.00
2026-08-02 00:32:24,584 [WARNING] point_baseline_shadow_fallback entity_id=user_engineer_13 as_of=2026-01-02 17:30:00 active_shadow_count=0
2026-08-02 00:32:24,598 [WARNING] point_baseline_shadow_fallback entity_id=user_hr_5 as_of=2026-01-02 17:30:00 active_shadow_count=0
2026-08-02 00:32:24,611 [WARNING] point_baseline_shadow_fallback entity_id=user_hr_10 as_of=2026-01-02 17:30:00 active_shadow_count=0
2026-08-02 00:32:24,882 [WARNING] point_baseline_shadow_fallback entity_id=user_hr_10 as_of=2026-01-02 17:31:00 active_shadow_count=0
2026-08-02 00:32:24,894 [WARNING] point_baseline_shadow_fallback entity_id=user_finance_12 as_of=2026-01-02 17:31:00 active_shadow_count=0
2026-08-02 00:32:26,939 [WARNING] point_baseline_shadow_fallback entity_id=user_hr_1 as_of=2026-01-02 17:33:00 active_shadow_count=0
2026-08-02 00:32:27,241 [WARNING] point_baseline_shadow_fallback entity_id=user_finance_9 as_of=2026-01-02 17:34:00 active_shadow_count=0
2026-08-02 00:32:27,511 [WARNING] point_baseline_shadow_fallback entity_id=user_hr_11 as_of=2026-01-02 17:35:00 active_shadow_count=0
2026-08-02 00:32:27,523 [WARNING] point_baseline_shadow_fallback entity_id=user_finance_8 as_of=2026-01-02 17:35:00 active_shadow_count=0
2026-08-02 00:32:27,536 [WARNING] point_baseline_shadow_fallback entity_id=user_finance_10 as_of=2026-01-02 17:35:00 active_shadow_count=0
2026-08-02 00:32:27,799 [WARNING] point_baseline_shadow_fallback entity_id=user_hr_3 as_of=2026-01-02 17:36:00 active_shadow_count=0
2026-08-02 00:32:28,078 [WARNING] point_baseline_shadow_fallback entity_id=user_engineer_9 as_of=2026-01-02 17:37:00 active_shadow_count=0
2026-08-02 00:32:28,091 [WARNING] point_baseline_shadow_fallback entity_id=user_finance_9 as_of=2026-01-02 17:37:00 active_shadow_count=0
2026-08-02 00:32:28,358 [WARNING] point_baseline_shadow_fallback entity_id=user_engineer_9 as_of=2026-01-02 17:38:00 active_shadow_count=0
2026-08-02 00:32:28,371 [WARNING] point_baseline_shadow_fallback entity_id=user_hr_1 as_of=2026-01-02 17:38:00 active_shadow_count=0
2026-08-02 00:32:28,904 [WARNING] point_baseline_shadow_fallback entity_id=user_engineer_13 as_of=2026-01-02 17:40:00 active_shadow_count=0
2026-08-02 00:32:28,916 [WARNING] point_baseline_shadow_fallback entity_id=user_finance_6 as_of=2026-01-02 17:40:00 active_shadow_count=0
2026-08-02 00:32:29,440 [WARNING] point_baseline_shadow_fallback entity_id=user_hr_11 as_of=2026-01-02 17:42:00 active_shadow_count=0
2026-08-02 00:32:29,714 [WARNING] point_baseline_shadow_fallback entity_id=user_hr_11 as_of=2026-01-02 17:43:00 active_shadow_count=0
2026-08-02 00:32:29,980 [WARNING] point_baseline_shadow_fallback entity_id=user_hr_0 as_of=2026-01-02 17:44:00 active_shadow_count=0
2026-08-02 00:32:29,992 [WARNING] point_baseline_shadow_fallback entity_id=user_hr_3 as_of=2026-01-02 17:44:00 active_shadow_count=0
2026-08-02 00:32:30,261 [WARNING] point_baseline_shadow_fallback entity_id=user_engineer_14 as_of=2026-01-02 17:45:00 active_shadow_count=0
2026-08-02 00:32:30,262 [INFO] ANOMALY DETECTED: entity=user_engineer_14 score=50.55 conf=0.70
2026-08-02 00:32:30,262 [INFO]   - login_hour_rarity: raw=0.00 score=0.00
2026-08-02 00:32:30,262 [INFO]   - geolocation_rarity: raw=0.00 score=0.00
2026-08-02 00:32:30,262 [INFO]   - endpoint_set_rarity: raw=0.00 score=0.00
2026-08-02 00:32:30,262 [INFO]   - process_name_rarity: raw=0.36 score=0.55
2026-08-02 00:32:30,262 [INFO]   - command_line_embedding_similarity: raw=1.00 score=50.00
2026-08-02 00:32:30,262 [INFO]   - total_volume_delta: raw=4.00 score=0.00
2026-08-02 00:32:30,262 [INFO]   - drift_alert: raw=0.00 score=0.00
2026-08-02 00:32:30,553 [WARNING] point_baseline_shadow_fallback entity_id=user_engineer_3 as_of=2026-01-02 17:46:00 active_shadow_count=0
2026-08-02 00:32:30,567 [WARNING] point_baseline_shadow_fallback entity_id=user_finance_1 as_of=2026-01-02 17:46:00 active_shadow_count=0
2026-08-02 00:32:32,957 [WARNING] point_baseline_shadow_fallback entity_id=user_engineer_14 as_of=2026-01-02 17:48:00 active_shadow_count=0
2026-08-02 00:32:32,970 [WARNING] point_baseline_shadow_fallback entity_id=user_finance_6 as_of=2026-01-02 17:48:00 active_shadow_count=0
2026-08-02 00:32:32,983 [WARNING] point_baseline_shadow_fallback entity_id=user_finance_13 as_of=2026-01-02 17:48:00 active_shadow_count=0
2026-08-02 00:32:33,531 [WARNING] point_baseline_shadow_fallback entity_id=user_engineer_3 as_of=2026-01-02 17:50:00 active_shadow_count=0
2026-08-02 00:32:33,532 [INFO] ANOMALY DETECTED: entity=user_engineer_3 score=50.00 conf=0.75
2026-08-02 00:32:33,532 [INFO]   - login_hour_rarity: raw=0.00 score=0.00
2026-08-02 00:32:33,532 [INFO]   - geolocation_rarity: raw=0.00 score=0.00
2026-08-02 00:32:33,532 [INFO]   - endpoint_set_rarity: raw=0.00 score=0.00
2026-08-02 00:32:33,532 [INFO]   - process_name_rarity: raw=0.00 score=0.00
2026-08-02 00:32:33,532 [INFO]   - command_line_embedding_similarity: raw=1.00 score=50.00
2026-08-02 00:32:33,532 [INFO]   - total_volume_delta: raw=3.29 score=0.00
2026-08-02 00:32:33,532 [INFO]   - drift_alert: raw=0.00 score=0.00
2026-08-02 00:32:33,826 [WARNING] point_baseline_shadow_fallback entity_id=user_finance_1 as_of=2026-01-02 17:51:00 active_shadow_count=0
2026-08-02 00:32:34,103 [WARNING] point_baseline_shadow_fallback entity_id=user_hr_1 as_of=2026-01-02 17:52:00 active_shadow_count=0
2026-08-02 00:32:34,367 [WARNING] point_baseline_shadow_fallback entity_id=user_engineer_7 as_of=2026-01-02 17:53:00 active_shadow_count=0
2026-08-02 00:32:34,637 [WARNING] point_baseline_shadow_fallback entity_id=user_engineer_9 as_of=2026-01-02 17:54:00 active_shadow_count=0
2026-08-02 00:32:34,638 [INFO] ANOMALY DETECTED: entity=user_engineer_9 score=50.55 conf=0.72
2026-08-02 00:32:34,638 [INFO]   - login_hour_rarity: raw=0.00 score=0.00
2026-08-02 00:32:34,638 [INFO]   - geolocation_rarity: raw=0.00 score=0.00
2026-08-02 00:32:34,638 [INFO]   - endpoint_set_rarity: raw=0.00 score=0.00
2026-08-02 00:32:34,639 [INFO]   - process_name_rarity: raw=0.36 score=0.55
2026-08-02 00:32:34,639 [INFO]   - command_line_embedding_similarity: raw=1.00 score=50.00
2026-08-02 00:32:34,639 [INFO]   - total_volume_delta: raw=3.54 score=0.00
2026-08-02 00:32:34,639 [INFO]   - drift_alert: raw=0.00 score=0.00
2026-08-02 00:32:34,653 [WARNING] point_baseline_shadow_fallback entity_id=user_finance_9 as_of=2026-01-02 17:54:00 active_shadow_count=0
2026-08-02 00:32:34,667 [WARNING] point_baseline_shadow_fallback entity_id=user_finance_10 as_of=2026-01-02 17:54:00 active_shadow_count=0
2026-08-02 00:32:34,668 [INFO] ANOMALY DETECTED: entity=user_finance_10 score=50.00 conf=0.74
2026-08-02 00:32:34,668 [INFO]   - login_hour_rarity: raw=0.00 score=0.00
2026-08-02 00:32:34,668 [INFO]   - geolocation_rarity: raw=0.00 score=0.00
2026-08-02 00:32:34,668 [INFO]   - endpoint_set_rarity: raw=0.00 score=0.00
2026-08-02 00:32:34,669 [INFO]   - process_name_rarity: raw=0.00 score=0.00
2026-08-02 00:32:34,669 [INFO]   - command_line_embedding_similarity: raw=1.00 score=50.00
2026-08-02 00:32:34,669 [INFO]   - total_volume_delta: raw=2.85 score=0.00
2026-08-02 00:32:34,669 [INFO]   - drift_alert: raw=0.00 score=0.00
2026-08-02 00:32:35,731 [WARNING] point_baseline_shadow_fallback entity_id=user_hr_13 as_of=2026-01-02 17:58:00 active_shadow_count=0
2026-08-02 00:32:35,743 [WARNING] point_baseline_shadow_fallback entity_id=user_finance_9 as_of=2026-01-02 17:58:00 active_shadow_count=0
2026-08-02 00:32:35,744 [INFO] ANOMALY DETECTED: entity=user_finance_9 score=50.01 conf=0.78
2026-08-02 00:32:35,744 [INFO]   - login_hour_rarity: raw=0.00 score=0.00
2026-08-02 00:32:35,744 [INFO]   - geolocation_rarity: raw=0.00 score=0.00
2026-08-02 00:32:35,744 [INFO]   - endpoint_set_rarity: raw=0.00 score=0.00
2026-08-02 00:32:35,744 [INFO]   - process_name_rarity: raw=0.01 score=0.01
2026-08-02 00:32:35,744 [INFO]   - command_line_embedding_similarity: raw=1.00 score=50.00
2026-08-02 00:32:35,744 [INFO]   - total_volume_delta: raw=3.46 score=0.00
2026-08-02 00:32:35,744 [INFO]   - drift_alert: raw=0.00 score=0.00
2026-08-02 00:32:36,361 [WARNING] point_baseline_shadow_fallback entity_id=user_finance_6 as_of=2026-01-02 18:00:00 active_shadow_count=0
2026-08-02 00:32:36,669 [WARNING] point_baseline_shadow_fallback entity_id=user_finance_9 as_of=2026-01-02 18:01:00 active_shadow_count=0
2026-08-02 00:32:37,921 [WARNING] point_baseline_shadow_fallback entity_id=user_finance_4 as_of=2026-01-02 18:05:00 active_shadow_count=0
2026-08-02 00:32:39,122 [WARNING] point_baseline_shadow_fallback entity_id=user_engineer_3 as_of=2026-01-02 18:09:00 active_shadow_count=0
2026-08-02 00:32:39,139 [WARNING] point_baseline_shadow_fallback entity_id=user_finance_9 as_of=2026-01-02 18:09:00 active_shadow_count=0
2026-08-02 00:32:40,070 [WARNING] point_baseline_shadow_fallback entity_id=user_finance_13 as_of=2026-01-02 18:12:00 active_shadow_count=0
2026-08-02 00:32:40,602 [WARNING] point_baseline_shadow_fallback entity_id=user_engineer_6 as_of=2026-01-02 18:14:00 active_shadow_count=0
2026-08-02 00:32:40,872 [WARNING] point_baseline_shadow_fallback entity_id=user_engineer_14 as_of=2026-01-02 18:15:00 active_shadow_count=0
2026-08-02 00:32:44,111 [WARNING] point_baseline_shadow_fallback entity_id=user_finance_6 as_of=2026-01-02 18:20:00 active_shadow_count=0
2026-08-02 00:32:44,717 [WARNING] point_baseline_shadow_fallback entity_id=user_finance_8 as_of=2026-01-02 18:22:00 active_shadow_count=0
2026-08-02 00:32:45,036 [WARNING] point_baseline_shadow_fallback entity_id=user_finance_6 as_of=2026-01-02 18:23:00 active_shadow_count=0
2026-08-02 00:32:45,041 [INFO] ANOMALY DETECTED: entity=user_finance_6 score=50.01 conf=0.78
2026-08-02 00:32:45,041 [INFO]   - login_hour_rarity: raw=0.00 score=0.00
2026-08-02 00:32:45,041 [INFO]   - geolocation_rarity: raw=0.00 score=0.00
2026-08-02 00:32:45,041 [INFO]   - endpoint_set_rarity: raw=0.00 score=0.00
2026-08-02 00:32:45,041 [INFO]   - process_name_rarity: raw=0.01 score=0.01
2026-08-02 00:32:45,041 [INFO]   - command_line_embedding_similarity: raw=1.00 score=50.00
2026-08-02 00:32:45,041 [INFO]   - total_volume_delta: raw=2.65 score=0.00
2026-08-02 00:32:45,041 [INFO]   - drift_alert: raw=0.00 score=0.00
2026-08-02 00:32:45,333 [WARNING] point_baseline_shadow_fallback entity_id=user_finance_9 as_of=2026-01-02 18:24:00 active_shadow_count=0
2026-08-02 00:32:45,919 [WARNING] point_baseline_shadow_fallback entity_id=user_engineer_6 as_of=2026-01-02 18:26:00 active_shadow_count=0
2026-08-02 00:32:46,788 [WARNING] point_baseline_shadow_fallback entity_id=user_finance_9 as_of=2026-01-02 18:29:00 active_shadow_count=0
2026-08-02 00:32:49,212 [WARNING] point_baseline_shadow_fallback entity_id=user_hr_5 as_of=2026-01-02 18:35:00 active_shadow_count=0
2026-08-02 00:32:49,225 [WARNING] point_baseline_shadow_fallback entity_id=user_finance_6 as_of=2026-01-02 18:35:00 active_shadow_count=0
2026-08-02 00:32:49,225 [INFO] ANOMALY DETECTED: entity=user_finance_6 score=50.01 conf=0.78
2026-08-02 00:32:49,225 [INFO]   - login_hour_rarity: raw=0.00 score=0.00
2026-08-02 00:32:49,226 [INFO]   - geolocation_rarity: raw=0.00 score=0.00
2026-08-02 00:32:49,226 [INFO]   - endpoint_set_rarity: raw=0.00 score=0.00
2026-08-02 00:32:49,226 [INFO]   - process_name_rarity: raw=0.01 score=0.01
2026-08-02 00:32:49,226 [INFO]   - command_line_embedding_similarity: raw=1.00 score=50.00
2026-08-02 00:32:49,226 [INFO]   - total_volume_delta: raw=2.65 score=0.00
2026-08-02 00:32:49,226 [INFO]   - drift_alert: raw=0.00 score=0.00
2026-08-02 00:32:50,032 [WARNING] point_baseline_shadow_fallback entity_id=user_engineer_3 as_of=2026-01-02 18:38:00 active_shadow_count=0
2026-08-02 00:32:50,050 [WARNING] point_baseline_shadow_fallback entity_id=user_finance_8 as_of=2026-01-02 18:38:00 active_shadow_count=0
2026-08-02 00:32:50,352 [WARNING] point_baseline_shadow_fallback entity_id=user_engineer_3 as_of=2026-01-02 18:39:00 active_shadow_count=0
2026-08-02 00:32:50,368 [WARNING] point_baseline_shadow_fallback entity_id=user_engineer_14 as_of=2026-01-02 18:39:00 active_shadow_count=0
2026-08-02 00:32:50,670 [WARNING] point_baseline_shadow_fallback entity_id=user_finance_9 as_of=2026-01-02 18:40:00 active_shadow_count=0
2026-08-02 00:32:50,968 [WARNING] point_baseline_shadow_fallback entity_id=user_engineer_3 as_of=2026-01-02 18:41:00 active_shadow_count=0
2026-08-02 00:32:51,594 [WARNING] point_baseline_shadow_fallback entity_id=user_engineer_6 as_of=2026-01-02 18:43:00 active_shadow_count=0
2026-08-02 00:32:52,202 [WARNING] point_baseline_shadow_fallback entity_id=user_hr_5 as_of=2026-01-02 18:45:00 active_shadow_count=0
2026-08-02 00:32:52,218 [WARNING] point_baseline_shadow_fallback entity_id=user_finance_9 as_of=2026-01-02 18:45:00 active_shadow_count=0
2026-08-02 00:32:54,418 [WARNING] point_baseline_shadow_fallback entity_id=user_engineer_6 as_of=2026-01-02 18:48:00 active_shadow_count=0
2026-08-02 00:32:54,726 [WARNING] point_baseline_shadow_fallback entity_id=user_finance_8 as_of=2026-01-02 18:49:00 active_shadow_count=0
2026-08-02 00:32:55,321 [WARNING] point_baseline_shadow_fallback entity_id=user_finance_8 as_of=2026-01-02 18:51:00 active_shadow_count=0
2026-08-02 00:32:55,626 [WARNING] point_baseline_shadow_fallback entity_id=user_engineer_6 as_of=2026-01-02 18:52:00 active_shadow_count=0
2026-08-02 00:32:55,641 [WARNING] point_baseline_shadow_fallback entity_id=user_hr_5 as_of=2026-01-02 18:52:00 active_shadow_count=0
2026-08-02 00:32:55,925 [WARNING] point_baseline_shadow_fallback entity_id=user_engineer_3 as_of=2026-01-02 18:53:00 active_shadow_count=0
2026-08-02 00:32:55,929 [INFO] ANOMALY DETECTED: entity=user_engineer_3 score=50.00 conf=0.75
2026-08-02 00:32:55,929 [INFO]   - login_hour_rarity: raw=0.00 score=0.00
2026-08-02 00:32:55,929 [INFO]   - geolocation_rarity: raw=0.00 score=0.00
2026-08-02 00:32:55,929 [INFO]   - endpoint_set_rarity: raw=0.00 score=0.00
2026-08-02 00:32:55,929 [INFO]   - process_name_rarity: raw=0.00 score=0.00
2026-08-02 00:32:55,929 [INFO]   - command_line_embedding_similarity: raw=1.00 score=50.00
2026-08-02 00:32:55,929 [INFO]   - total_volume_delta: raw=3.29 score=0.00
2026-08-02 00:32:55,929 [INFO]   - drift_alert: raw=0.00 score=0.00
2026-08-02 00:32:56,715 [WARNING] point_baseline_shadow_fallback entity_id=user_finance_9 as_of=2026-01-02 18:56:00 active_shadow_count=0
2026-08-02 00:32:56,996 [WARNING] point_baseline_shadow_fallback entity_id=user_hr_10 as_of=2026-01-02 18:57:00 active_shadow_count=0
2026-08-02 00:32:57,009 [WARNING] point_baseline_shadow_fallback entity_id=user_finance_8 as_of=2026-01-02 18:57:00 active_shadow_count=0
2026-08-02 00:32:57,280 [WARNING] point_baseline_shadow_fallback entity_id=user_engineer_6 as_of=2026-01-02 18:58:00 active_shadow_count=0
2026-08-02 00:32:57,292 [WARNING] point_baseline_shadow_fallback entity_id=user_hr_5 as_of=2026-01-02 18:58:00 active_shadow_count=0
2026-08-02 00:32:57,561 [WARNING] point_baseline_shadow_fallback entity_id=user_finance_6 as_of=2026-01-02 18:59:00 active_shadow_count=0
2026-08-02 00:34:36,747 [INFO] Processed window ending 2026-01-03
2026-08-02 00:34:48,942 [INFO] Streamed 46121 hist events to JSONL in 1.09s
2026-08-02 00:34:50,185 [INFO] Streamed 46121 recent events to JSONL in 1.24s
2026-08-02 00:34:54,506 [INFO] Entity user_hr_2 drift: raw=0.42, normalized=-0.11, accum=0.00
2026-08-02 00:34:54,507 [INFO] Entity user_engineer_10 drift: raw=0.62, normalized=0.00, accum=0.00
2026-08-02 00:34:54,508 [INFO] Entity user_hr_0 drift: raw=0.67, normalized=0.14, accum=0.43
2026-08-02 00:34:54,509 [INFO] Entity user_hr_5 drift: raw=0.78, normalized=0.26, accum=0.77
2026-08-02 00:34:54,509 [INFO] Entity user_finance_8 drift: raw=0.21, normalized=-0.44, accum=0.00
2026-08-02 00:34:54,510 [INFO] Entity user_hr_7 drift: raw=1.33, normalized=0.80, accum=2.39
2026-08-02 00:34:54,511 [INFO] Entity user_finance_5 drift: raw=1.57, normalized=0.92, accum=2.77
2026-08-02 00:34:54,512 [INFO] Entity user_engineer_14 drift: raw=0.92, normalized=0.30, accum=0.89
2026-08-02 00:34:54,512 [INFO] Entity user_finance_1 drift: raw=0.65, normalized=0.00, accum=0.00
2026-08-02 00:34:54,513 [INFO] Entity svc_backup_5 drift: raw=2.00, normalized=-0.01, accum=0.00
2026-08-02 00:34:54,514 [INFO] Entity svc_backup_9 drift: raw=2.07, normalized=0.07, accum=0.16
2026-08-02 00:34:54,516 [INFO] Entity user_finance_14 drift: raw=1.73, normalized=1.08, accum=3.23
2026-08-02 00:34:54,517 [INFO] Entity user_engineer_3 drift: raw=0.89, normalized=0.27, accum=0.82
2026-08-02 00:34:54,518 [INFO] Entity user_hr_3 drift: raw=0.33, normalized=-0.20, accum=0.00
2026-08-02 00:34:54,519 [INFO] Entity svc_backup_8 drift: raw=2.21, normalized=0.21, accum=0.21
2026-08-02 00:34:54,520 [INFO] Entity svc_ot_poll_5 drift: raw=2.00, normalized=-0.00, accum=0.00
2026-08-02 00:34:54,521 [INFO] Entity user_engineer_11 drift: raw=0.47, normalized=-0.15, accum=0.00
2026-08-02 00:34:54,522 [INFO] Entity user_finance_12 drift: raw=0.69, normalized=0.04, accum=0.13
2026-08-02 00:34:54,523 [INFO] Entity svc_backup_4 drift: raw=2.15, normalized=0.15, accum=0.32
2026-08-02 00:34:54,524 [INFO] Entity svc_backup_7 drift: raw=2.10, normalized=0.09, accum=0.09
2026-08-02 00:34:54,525 [INFO] Entity user_finance_7 drift: raw=1.20, normalized=0.55, accum=1.66
2026-08-02 00:34:54,526 [INFO] Entity user_finance_3 drift: raw=0.81, normalized=0.16, accum=0.49
2026-08-02 00:34:54,527 [INFO] Entity user_finance_0 drift: raw=0.25, normalized=-0.40, accum=0.00
2026-08-02 00:34:54,527 [INFO] Entity user_finance_13 drift: raw=0.41, normalized=-0.25, accum=0.00
2026-08-02 00:34:54,528 [INFO] Entity user_finance_6 drift: raw=0.20, normalized=-0.45, accum=0.00
2026-08-02 00:34:54,529 [INFO] Entity svc_ot_poll_7 drift: raw=2.00, normalized=-0.00, accum=0.00
2026-08-02 00:34:54,530 [INFO] Entity svc_ot_poll_8 drift: raw=2.01, normalized=0.01, accum=0.01
2026-08-02 00:34:54,531 [INFO] Entity user_engineer_4 drift: raw=0.89, normalized=0.27, accum=0.80
2026-08-02 00:34:54,532 [INFO] Entity user_finance_10 drift: raw=0.30, normalized=-0.35, accum=0.00
2026-08-02 00:34:54,533 [INFO] Entity user_hr_13 drift: raw=0.41, normalized=-0.12, accum=0.00
2026-08-02 00:34:54,534 [INFO] Entity user_engineer_2 drift: raw=1.05, normalized=0.43, accum=1.30
2026-08-02 00:34:54,534 [INFO] Entity user_hr_4 drift: raw=0.36, normalized=-0.16, accum=0.00
2026-08-02 00:34:54,535 [INFO] Entity user_finance_11 drift: raw=0.24, normalized=-0.41, accum=0.00
2026-08-02 00:34:54,536 [INFO] Entity user_hr_12 drift: raw=0.53, normalized=0.00, accum=0.00
2026-08-02 00:34:54,536 [INFO] Entity svc_backup_3 drift: raw=2.31, normalized=0.30, accum=1.42
2026-08-02 00:34:54,537 [INFO] Entity user_engineer_5 drift: raw=0.51, normalized=-0.11, accum=0.00
2026-08-02 00:34:54,538 [INFO] Entity user_engineer_12 drift: raw=0.62, normalized=-0.00, accum=0.00
2026-08-02 00:34:54,539 [INFO] Entity user_engineer_1 drift: raw=1.75, normalized=1.13, accum=3.38
2026-08-02 00:34:54,540 [INFO] Entity user_finance_2 drift: raw=0.68, normalized=0.03, accum=0.08
2026-08-02 00:34:54,540 [INFO] Entity user_engineer_9 drift: raw=1.45, normalized=0.83, accum=2.48
2026-08-02 00:34:54,541 [INFO] Entity user_engineer_6 drift: raw=0.54, normalized=-0.09, accum=0.00
2026-08-02 00:34:54,542 [INFO] Entity svc_backup_2 drift: raw=2.43, normalized=0.42, accum=0.65
2026-08-02 00:34:54,543 [INFO] Entity user_hr_1 drift: raw=0.45, normalized=-0.08, accum=0.00
2026-08-02 00:34:54,543 [INFO] Entity user_hr_10 drift: raw=0.57, normalized=0.04, accum=0.12
2026-08-02 00:34:54,544 [INFO] Entity svc_ot_poll_1 drift: raw=2.00, normalized=-0.00, accum=0.00
2026-08-02 00:34:54,545 [INFO] Entity svc_ot_poll_2 drift: raw=2.00, normalized=-0.00, accum=0.00
2026-08-02 00:34:54,547 [INFO] Entity user_engineer_0 drift: raw=1.00, normalized=0.37, accum=1.12
2026-08-02 00:34:54,547 [INFO] Entity svc_ot_poll_4 drift: raw=2.00, normalized=0.00, accum=0.01
2026-08-02 00:34:54,549 [INFO] Entity user_finance_9 drift: raw=0.27, normalized=-0.38, accum=0.00
2026-08-02 00:34:54,549 [INFO] Entity user_finance_4 drift: raw=0.68, normalized=0.03, accum=0.10
2026-08-02 00:34:54,550 [INFO] Entity svc_backup_1 drift: raw=1.19, normalized=-0.81, accum=0.00
2026-08-02 00:34:54,551 [INFO] Entity svc_backup_6 drift: raw=0.63, normalized=-1.37, accum=0.00
2026-08-02 00:34:54,552 [INFO] Entity user_hr_8 drift: raw=0.59, normalized=0.07, accum=0.20
2026-08-02 00:34:54,553 [INFO] Entity user_hr_14 drift: raw=1.39, normalized=0.86, accum=2.58
2026-08-02 00:34:54,554 [INFO] Entity user_engineer_7 drift: raw=0.62, normalized=-0.00, accum=0.00
2026-08-02 00:34:54,555 [INFO] Entity svc_ot_poll_0 drift: raw=2.00, normalized=-0.00, accum=0.00
2026-08-02 00:34:54,556 [INFO] Entity svc_ot_poll_3 drift: raw=2.00, normalized=-0.00, accum=0.00
2026-08-02 00:34:54,557 [INFO] Entity svc_ot_poll_6 drift: raw=2.00, normalized=0.00, accum=0.01
2026-08-02 00:34:54,558 [INFO] Entity user_engineer_8 drift: raw=0.59, normalized=-0.03, accum=0.00
2026-08-02 00:34:54,559 [INFO] Entity user_hr_11 drift: raw=0.29, normalized=-0.24, accum=0.00
2026-08-02 00:34:54,560 [INFO] Entity svc_ot_poll_9 drift: raw=2.00, normalized=-0.00, accum=0.00
2026-08-02 00:34:54,561 [INFO] Entity user_hr_9 drift: raw=0.36, normalized=-0.17, accum=0.00
2026-08-02 00:34:54,562 [INFO] Entity user_engineer_13 drift: raw=0.37, normalized=-0.25, accum=0.00
2026-08-02 00:34:54,563 [INFO] Entity svc_backup_0 drift: raw=2.14, normalized=0.14, accum=0.30
2026-08-02 00:34:54,564 [INFO] Entity user_hr_6 drift: raw=1.07, normalized=0.54, accum=1.62
2026-08-02 00:44:23,304 [INFO] Processed window ending 2026-01-04
2026-08-02 00:44:37,346 [INFO] Streamed 60687 hist events to JSONL in 1.53s
2026-08-02 00:44:38,487 [INFO] Streamed 44872 recent events to JSONL in 1.14s
2026-08-02 00:44:41,558 [INFO] Entity user_hr_2 drift: raw=1.29, normalized=-1.41, accum=0.00
2026-08-02 00:44:41,559 [INFO] Entity user_engineer_10 drift: raw=3.38, normalized=-0.19, accum=0.00
2026-08-02 00:44:41,560 [INFO] Entity user_hr_0 drift: raw=2.35, normalized=-0.34, accum=0.00
2026-08-02 00:44:41,561 [INFO] Entity user_hr_5 drift: raw=2.80, normalized=0.11, accum=0.62
2026-08-02 00:44:41,562 [INFO] Entity user_finance_8 drift: raw=0.82, normalized=-1.56, accum=0.00
2026-08-02 00:44:41,563 [INFO] Entity user_hr_3 drift: raw=1.87, normalized=-0.82, accum=0.00
2026-08-02 00:44:41,563 [INFO] Entity user_engineer_2 drift: raw=4.45, normalized=0.88, accum=1.75
2026-08-02 00:44:41,564 [INFO] Entity user_hr_4 drift: raw=1.85, normalized=-0.84, accum=0.00
2026-08-02 00:44:41,565 [INFO] Entity user_finance_11 drift: raw=1.97, normalized=-0.41, accum=0.00
2026-08-02 00:44:41,566 [INFO] Entity user_hr_12 drift: raw=2.64, normalized=-0.05, accum=0.00
2026-08-02 00:44:41,567 [INFO] Entity svc_ot_poll_4 drift: raw=2.01, normalized=-0.04, accum=0.00
2026-08-02 00:44:41,568 [INFO] Entity user_finance_9 drift: raw=2.18, normalized=-0.20, accum=0.00
2026-08-02 00:44:41,569 [INFO] Entity user_finance_4 drift: raw=5.17, normalized=2.79, accum=2.85
2026-08-02 00:44:41,570 [INFO] Entity svc_backup_2 drift: raw=3.48, normalized=1.42, accum=2.01
2026-08-02 00:44:41,571 [INFO] Entity user_hr_1 drift: raw=5.02, normalized=2.33, accum=2.33
2026-08-02 00:44:41,571 [INFO] Entity user_hr_10 drift: raw=2.69, normalized=0.00, accum=0.08
2026-08-02 00:44:41,572 [INFO] Entity svc_backup_8 drift: raw=3.23, normalized=1.18, accum=1.37
2026-08-02 00:44:41,573 [INFO] Entity svc_ot_poll_5 drift: raw=2.01, normalized=-0.05, accum=0.00
2026-08-02 00:44:41,574 [INFO] Entity user_engineer_11 drift: raw=3.00, normalized=-0.57, accum=0.00
2026-08-02 00:44:41,575 [INFO] Entity user_finance_12 drift: raw=3.04, normalized=0.66, accum=0.75
2026-08-02 00:44:41,576 [INFO] Entity svc_ot_poll_1 drift: raw=2.00, normalized=-0.05, accum=0.00
2026-08-02 00:44:41,577 [INFO] Entity svc_ot_poll_2 drift: raw=2.00, normalized=-0.05, accum=0.00
2026-08-02 00:44:41,579 [INFO] Entity user_engineer_0 drift: raw=3.35, normalized=-0.22, accum=0.53
2026-08-02 00:44:41,579 [INFO] Entity svc_backup_4 drift: raw=2.32, normalized=0.27, accum=0.56
2026-08-02 00:44:41,581 [INFO] Entity svc_backup_7 drift: raw=2.38, normalized=0.33, accum=0.42
2026-08-02 00:44:41,582 [INFO] Entity user_finance_7 drift: raw=3.61, normalized=1.23, accum=2.33
2026-08-02 00:44:41,583 [INFO] Entity user_finance_3 drift: raw=3.82, normalized=1.44, accum=1.77
2026-08-02 00:44:41,583 [INFO] Entity user_finance_0 drift: raw=1.57, normalized=-0.81, accum=0.00
2026-08-02 00:44:41,584 [INFO] Entity user_finance_13 drift: raw=1.89, normalized=-0.49, accum=0.00
2026-08-02 00:44:41,585 [INFO] Entity user_finance_6 drift: raw=1.28, normalized=-1.10, accum=0.00
2026-08-02 00:44:41,585 [INFO] Entity user_engineer_7 drift: raw=9.10, normalized=5.53, accum=5.53
2026-08-02 00:44:41,589 [INFO] Entity svc_backup_1 drift: raw=2.27, normalized=0.22, accum=0.22
2026-08-02 00:44:41,590 [INFO] Entity svc_backup_6 drift: raw=2.77, normalized=0.72, accum=0.72
2026-08-02 00:44:41,591 [INFO] Entity user_hr_8 drift: raw=3.05, normalized=0.36, accum=0.49
2026-08-02 00:44:41,592 [INFO] Entity user_hr_14 drift: raw=6.49, normalized=3.79, accum=5.51
2026-08-02 00:44:41,595 [INFO] Entity svc_backup_5 drift: raw=2.26, normalized=0.21, accum=0.21
2026-08-02 00:44:41,596 [INFO] Entity svc_backup_9 drift: raw=2.57, normalized=0.52, accum=0.66
2026-08-02 00:44:41,597 [INFO] Entity user_finance_14 drift: raw=4.98, normalized=2.60, accum=4.75
2026-08-02 00:44:41,598 [INFO] Entity user_engineer_3 drift: raw=4.35, normalized=0.78, accum=1.33
2026-08-02 00:44:41,599 [INFO] Entity svc_ot_poll_0 drift: raw=2.00, normalized=-0.05, accum=0.00
2026-08-02 00:44:41,600 [INFO] Entity svc_ot_poll_3 drift: raw=2.00, normalized=-0.05, accum=0.00
2026-08-02 00:44:41,601 [INFO] Entity svc_ot_poll_6 drift: raw=2.01, normalized=-0.04, accum=0.00
2026-08-02 00:44:41,602 [INFO] Entity user_engineer_8 drift: raw=3.57, normalized=0.00, accum=0.00
2026-08-02 00:44:41,603 [INFO] Entity user_hr_11 drift: raw=2.03, normalized=-0.67, accum=0.00
2026-08-02 00:44:41,604 [INFO] Entity svc_ot_poll_7 drift: raw=2.00, normalized=-0.05, accum=0.00
2026-08-02 00:44:41,605 [INFO] Entity svc_ot_poll_8 drift: raw=2.01, normalized=-0.05, accum=0.00
2026-08-02 00:44:41,606 [INFO] Entity user_engineer_4 drift: raw=4.56, normalized=1.00, accum=1.53
2026-08-02 00:44:41,607 [INFO] Entity user_finance_10 drift: raw=1.46, normalized=-0.92, accum=0.00
2026-08-02 00:44:41,608 [INFO] Entity user_hr_13 drift: raw=2.38, normalized=-0.31, accum=0.00
2026-08-02 00:44:41,609 [INFO] Entity user_hr_7 drift: raw=5.88, normalized=3.19, accum=4.79
2026-08-02 00:44:41,609 [INFO] Entity user_finance_5 drift: raw=8.64, normalized=6.26, accum=8.11
2026-08-02 00:44:41,612 [INFO] Entity user_engineer_14 drift: raw=5.41, normalized=1.84, accum=2.43
2026-08-02 00:44:41,613 [INFO] Entity user_finance_1 drift: raw=2.38, normalized=0.00, accum=0.00
2026-08-02 00:44:41,614 [INFO] Entity svc_ot_poll_9 drift: raw=2.00, normalized=-0.05, accum=0.00
2026-08-02 00:44:41,615 [INFO] Entity user_hr_9 drift: raw=2.72, normalized=0.03, accum=0.03
2026-08-02 00:44:41,616 [INFO] Entity user_engineer_13 drift: raw=2.09, normalized=-1.48, accum=0.00
2026-08-02 00:44:41,616 [INFO] Entity svc_backup_0 drift: raw=2.09, normalized=0.04, accum=0.31
2026-08-02 00:44:41,618 [INFO] Entity user_hr_6 drift: raw=3.67, normalized=0.98, accum=2.06
2026-08-02 00:44:41,618 [INFO] Entity svc_backup_3 drift: raw=3.43, normalized=1.37, accum=2.66
2026-08-02 00:44:41,619 [INFO] Entity user_engineer_5 drift: raw=3.24, normalized=-0.33, accum=0.00
2026-08-02 00:44:41,620 [INFO] Entity user_engineer_12 drift: raw=2.87, normalized=-0.70, accum=0.00
2026-08-02 00:44:41,621 [INFO] Entity user_engineer_1 drift: raw=4.47, normalized=0.90, accum=3.15
2026-08-02 00:44:41,622 [INFO] Entity user_finance_2 drift: raw=4.72, normalized=2.34, accum=2.40
2026-08-02 00:44:41,622 [INFO] Entity user_engineer_9 drift: raw=6.52, normalized=2.95, accum=4.61
2026-08-02 00:44:41,623 [INFO] Entity user_engineer_6 drift: raw=3.15, normalized=-0.42, accum=0.00
2026-08-02 00:49:14,277 [INFO] ANOMALY DETECTED: entity=user_engineer_7 score=50.00 conf=0.82
2026-08-02 00:49:14,277 [INFO]   - login_hour_rarity: raw=0.00 score=0.00
2026-08-02 00:49:14,278 [INFO]   - geolocation_rarity: raw=0.00 score=0.00
2026-08-02 00:49:14,278 [INFO]   - endpoint_set_rarity: raw=0.00 score=0.00
2026-08-02 00:49:14,278 [INFO]   - process_name_rarity: raw=0.00 score=0.00
2026-08-02 00:49:14,278 [INFO]   - command_line_embedding_similarity: raw=0.15 score=0.00
2026-08-02 00:49:14,278 [INFO]   - total_volume_delta: raw=2.12 score=0.00
2026-08-02 00:49:14,278 [INFO]   - drift_alert: raw=5.53 score=50.00
2026-08-02 00:56:03,219 [INFO] Processed window ending 2026-01-05
2026-08-02 00:56:19,198 [INFO] Streamed 76514 hist events to JSONL in 2.16s
2026-08-02 00:56:20,368 [INFO] Streamed 44953 recent events to JSONL in 1.17s
2026-08-02 00:56:23,905 [INFO] Entity user_hr_3 drift: raw=9.64, normalized=-1.98, accum=0.00
2026-08-02 00:56:23,906 [INFO] Entity user_engineer_2 drift: raw=12.83, normalized=0.35, accum=1.00
2026-08-02 00:56:23,907 [INFO] Entity user_hr_4 drift: raw=11.62, normalized=0.00, accum=0.00
2026-08-02 00:56:23,907 [INFO] Entity user_finance_11 drift: raw=10.19, normalized=-1.85, accum=0.00
2026-08-02 00:56:23,908 [INFO] Entity user_hr_12 drift: raw=13.86, normalized=2.24, accum=2.24
2026-08-02 00:56:23,909 [INFO] Entity user_hr_2 drift: raw=12.50, normalized=0.87, accum=0.87
2026-08-02 00:56:23,910 [INFO] Entity user_engineer_10 drift: raw=16.15, normalized=3.67, accum=3.67
2026-08-02 00:56:23,910 [INFO] Entity user_hr_0 drift: raw=11.31, normalized=-0.32, accum=0.00
2026-08-02 00:56:23,911 [INFO] Entity user_hr_5 drift: raw=9.22, normalized=-2.41, accum=0.00
2026-08-02 00:56:23,912 [INFO] Entity user_finance_8 drift: raw=10.36, normalized=-1.68, accum=0.00
2026-08-02 00:56:23,913 [INFO] Entity svc_ot_poll_4 drift: raw=2.00, normalized=-0.07, accum=0.00
2026-08-02 00:56:23,915 [INFO] Entity user_finance_9 drift: raw=14.78, normalized=2.74, accum=2.74
2026-08-02 00:56:23,916 [INFO] Entity user_finance_4 drift: raw=12.59, normalized=0.55, accum=0.59
2026-08-02 00:56:23,917 [INFO] Entity svc_backup_4 drift: raw=2.73, normalized=0.66, accum=1.17
2026-08-02 00:56:23,918 [INFO] Entity svc_backup_7 drift: raw=2.79, normalized=0.71, accum=1.09
2026-08-02 00:56:23,919 [INFO] Entity user_finance_7 drift: raw=14.12, normalized=2.08, accum=2.90
2026-08-02 00:56:23,920 [INFO] Entity user_finance_3 drift: raw=12.04, normalized=0.00, accum=0.24
2026-08-02 00:56:23,921 [INFO] Entity user_finance_0 drift: raw=10.10, normalized=-1.94, accum=0.00
2026-08-02 00:56:23,922 [INFO] Entity user_finance_13 drift: raw=12.52, normalized=0.48, accum=0.48
2026-08-02 00:56:23,923 [INFO] Entity user_finance_6 drift: raw=12.64, normalized=0.60, accum=0.60
2026-08-02 00:56:23,924 [INFO] Entity svc_backup_5 drift: raw=2.42, normalized=0.34, accum=0.53
2026-08-02 00:56:23,925 [INFO] Entity svc_backup_9 drift: raw=2.27, normalized=0.19, accum=0.79
2026-08-02 00:56:23,926 [INFO] Entity user_finance_14 drift: raw=14.26, normalized=2.22, accum=3.82
2026-08-02 00:56:23,927 [INFO] Entity user_engineer_3 drift: raw=12.48, normalized=0.00, accum=0.41
2026-08-02 00:56:23,927 [INFO] Entity svc_backup_2 drift: raw=4.51, normalized=2.44, accum=4.26
2026-08-02 00:56:23,929 [INFO] Entity user_hr_1 drift: raw=17.02, normalized=5.40, accum=5.40
2026-08-02 00:56:23,933 [INFO] Entity user_hr_10 drift: raw=10.10, normalized=-1.52, accum=0.00
2026-08-02 00:56:23,934 [INFO] Entity user_engineer_7 drift: raw=16.69, normalized=4.22, accum=9.06
2026-08-02 00:56:23,938 [INFO] Entity svc_backup_1 drift: raw=4.21, normalized=2.14, accum=2.33
2026-08-02 00:56:23,939 [INFO] Entity svc_backup_6 drift: raw=5.66, normalized=3.59, accum=4.24
2026-08-02 00:56:23,940 [INFO] Entity user_hr_8 drift: raw=15.42, normalized=3.79, accum=3.89
2026-08-02 00:56:23,941 [INFO] Entity user_hr_14 drift: raw=12.77, normalized=1.15, accum=2.42
2026-08-02 00:56:23,942 [INFO] Entity svc_backup_8 drift: raw=3.56, normalized=1.48, accum=2.73
2026-08-02 00:56:23,943 [INFO] Entity svc_ot_poll_5 drift: raw=2.00, normalized=-0.07, accum=0.00
2026-08-02 00:56:23,945 [INFO] Entity user_engineer_11 drift: raw=12.21, normalized=-0.27, accum=0.00
2026-08-02 00:56:23,945 [INFO] Entity user_finance_12 drift: raw=9.80, normalized=-2.25, accum=0.00
2026-08-02 00:56:23,946 [INFO] Entity user_hr_7 drift: raw=20.18, normalized=8.56, accum=9.74
2026-08-02 00:56:23,950 [INFO] Entity user_finance_5 drift: raw=11.02, normalized=-1.02, accum=0.36
2026-08-02 00:56:23,951 [INFO] Entity user_engineer_14 drift: raw=12.93, normalized=0.46, accum=0.90
2026-08-02 00:56:23,952 [INFO] Entity user_finance_1 drift: raw=10.35, normalized=-1.69, accum=0.00
2026-08-02 00:56:23,953 [INFO] Entity svc_backup_3 drift: raw=2.60, normalized=0.53, accum=2.94
2026-08-02 00:56:23,954 [INFO] Entity user_engineer_5 drift: raw=13.93, normalized=1.45, accum=1.45
2026-08-02 00:56:23,955 [INFO] Entity user_engineer_12 drift: raw=11.35, normalized=-1.12, accum=0.00
2026-08-02 00:56:23,955 [INFO] Entity user_engineer_1 drift: raw=8.29, normalized=-4.18, accum=0.00
2026-08-02 00:56:23,956 [INFO] Entity user_finance_2 drift: raw=11.64, normalized=-0.41, accum=0.00
2026-08-02 00:56:23,957 [INFO] Entity user_engineer_9 drift: raw=14.81, normalized=2.33, accum=3.57
2026-08-02 00:56:23,958 [INFO] Entity user_engineer_6 drift: raw=15.20, normalized=2.72, accum=2.72
2026-08-02 00:56:23,959 [INFO] Entity svc_ot_poll_1 drift: raw=2.00, normalized=-0.07, accum=0.00
2026-08-02 00:56:23,960 [INFO] Entity svc_ot_poll_2 drift: raw=2.00, normalized=-0.07, accum=0.00
2026-08-02 00:56:23,961 [INFO] Entity user_engineer_0 drift: raw=11.65, normalized=-0.83, accum=0.00
2026-08-02 00:56:23,962 [INFO] Entity svc_ot_poll_7 drift: raw=2.00, normalized=-0.07, accum=0.00
2026-08-02 00:56:23,964 [INFO] Entity svc_ot_poll_8 drift: raw=2.01, normalized=-0.07, accum=0.00
2026-08-02 00:56:23,966 [INFO] Entity user_engineer_4 drift: raw=10.60, normalized=-1.88, accum=0.00
2026-08-02 00:56:23,967 [INFO] Entity user_finance_10 drift: raw=12.63, normalized=0.58, accum=0.58
2026-08-02 00:56:23,967 [INFO] Entity user_hr_13 drift: raw=10.60, normalized=-1.02, accum=0.00
2026-08-02 00:56:23,968 [INFO] Entity svc_backup_0 drift: raw=2.13, normalized=0.06, accum=0.34
2026-08-02 00:56:23,969 [INFO] Entity user_hr_6 drift: raw=15.83, normalized=4.21, accum=5.01
2026-08-02 00:56:23,973 [INFO] Entity svc_ot_poll_9 drift: raw=2.01, normalized=-0.07, accum=0.00
2026-08-02 00:56:23,975 [INFO] Entity user_hr_9 drift: raw=9.52, normalized=-2.10, accum=0.00
2026-08-02 00:56:23,976 [INFO] Entity user_engineer_13 drift: raw=9.89, normalized=-2.59, accum=0.00
2026-08-02 00:56:23,976 [INFO] Entity svc_ot_poll_0 drift: raw=2.00, normalized=-0.07, accum=0.00
2026-08-02 00:56:23,978 [INFO] Entity svc_ot_poll_3 drift: raw=2.00, normalized=-0.07, accum=0.00
2026-08-02 00:56:23,980 [INFO] Entity svc_ot_poll_6 drift: raw=2.02, normalized=-0.06, accum=0.00
2026-08-02 00:56:23,981 [INFO] Entity user_engineer_8 drift: raw=12.03, normalized=-0.45, accum=0.00
2026-08-02 00:56:23,982 [INFO] Entity user_hr_11 drift: raw=8.15, normalized=-3.47, accum=0.00
2026-08-02 00:56:24,003 [INFO] Auto-resolved 4 new alert(s) for entity user_engineer_5 (QUIET∧ATTEST)
2026-08-02 00:56:24,015 [INFO] Auto-resolved 7 new alert(s) for entity user_finance_7 (QUIET∧ATTEST)
2026-08-02 00:56:24,022 [INFO] Auto-resolved 3 new alert(s) for entity user_hr_8 (QUIET∧ATTEST)
2026-08-02 00:56:24,034 [INFO] Auto-resolved 9 new alert(s) for entity user_engineer_11 (QUIET∧ATTEST)
2026-08-02 00:56:24,042 [INFO] Auto-resolved 4 new alert(s) for entity user_finance_2 (QUIET∧ATTEST)
2026-08-02 00:56:24,058 [INFO] Auto-resolved 5 new alert(s) for entity user_finance_3 (QUIET∧ATTEST)
2026-08-02 00:56:24,068 [INFO] Auto-resolved 8 new alert(s) for entity user_hr_6 (QUIET∧ATTEST)
2026-08-02 00:56:24,080 [INFO] Auto-resolved 9 new alert(s) for entity user_engineer_4 (QUIET∧ATTEST)
2026-08-02 00:56:24,090 [INFO] Auto-resolved 6 new alert(s) for entity user_finance_0 (QUIET∧ATTEST)
2026-08-02 00:56:24,104 [INFO] Auto-resolved 3 new alert(s) for entity user_hr_12 (QUIET∧ATTEST)
2026-08-02 00:56:24,120 [INFO] Auto-resolved 5 new alert(s) for entity user_finance_11 (QUIET∧ATTEST)
2026-08-02 00:56:24,127 [INFO] Auto-resolved 4 new alert(s) for entity user_hr_13 (QUIET∧ATTEST)
2026-08-02 00:56:24,135 [INFO] Auto-resolved 3 new alert(s) for entity user_hr_2 (QUIET∧ATTEST)
2026-08-02 00:56:24,144 [INFO] Auto-resolved 6 new alert(s) for entity user_hr_9 (QUIET∧ATTEST)
2026-08-02 00:56:24,161 [INFO] Auto-resolved 6 new alert(s) for entity user_engineer_8 (QUIET∧ATTEST)
2026-08-02 00:56:24,173 [INFO] Auto-resolved 8 new alert(s) for entity user_hr_1 (QUIET∧ATTEST)
2026-08-02 00:56:24,188 [INFO] Auto-resolved 7 new alert(s) for entity user_hr_0 (QUIET∧ATTEST)
2026-08-02 00:56:24,195 [INFO] Auto-resolved 3 new alert(s) for entity user_engineer_2 (QUIET∧ATTEST)
2026-08-02 00:56:24,209 [INFO] Auto-resolved 5 new alert(s) for entity user_finance_1 (QUIET∧ATTEST)
2026-08-02 00:56:24,219 [INFO] Auto-resolved 8 new alert(s) for entity user_finance_6 (QUIET∧ATTEST)
2026-08-02 00:56:24,229 [INFO] Auto-resolved 6 new alert(s) for entity user_finance_8 (QUIET∧ATTEST)
2026-08-02 00:56:24,234 [INFO] Auto-resolved 2 new alert(s) for entity user_hr_5 (QUIET∧ATTEST)
2026-08-02 00:56:24,239 [INFO] Auto-resolved 2 new alert(s) for entity user_finance_14 (QUIET∧ATTEST)
2026-08-02 00:56:24,249 [INFO] Auto-resolved 6 new alert(s) for entity user_finance_10 (QUIET∧ATTEST)
2026-08-02 00:56:24,262 [INFO] Auto-resolved 3 new alert(s) for entity user_finance_9 (QUIET∧ATTEST)
2026-08-02 00:56:24,268 [INFO] Auto-resolved 3 new alert(s) for entity user_finance_4 (QUIET∧ATTEST)
2026-08-02 00:56:24,278 [INFO] Auto-resolved 6 new alert(s) for entity user_finance_12 (QUIET∧ATTEST)
2026-08-02 00:56:24,284 [INFO] Auto-resolved 2 new alert(s) for entity user_engineer_10 (QUIET∧ATTEST)
2026-08-02 00:56:24,291 [INFO] Auto-resolved 4 new alert(s) for entity user_hr_4 (QUIET∧ATTEST)
2026-08-02 00:56:24,296 [INFO] Auto-resolved 1 new alert(s) for entity user_finance_13 (QUIET∧ATTEST)
2026-08-02 00:56:24,311 [INFO] Auto-resolved 6 new alert(s) for entity user_engineer_6 (QUIET∧ATTEST)
2026-08-02 00:56:24,319 [INFO] Auto-resolved 4 new alert(s) for entity user_hr_10 (QUIET∧ATTEST)
2026-08-02 00:56:24,324 [INFO] Auto-resolved 2 new alert(s) for entity user_engineer_13 (QUIET∧ATTEST)
2026-08-02 00:56:24,330 [INFO] Auto-resolved 2 new alert(s) for entity user_hr_11 (QUIET∧ATTEST)
2026-08-02 00:56:24,335 [INFO] Auto-resolved 1 new alert(s) for entity user_hr_3 (QUIET∧ATTEST)
2026-08-02 00:56:24,342 [INFO] Auto-resolved 3 new alert(s) for entity user_engineer_14 (QUIET∧ATTEST)
2026-08-02 00:57:33,724 [INFO] ANOMALY DETECTED: entity=svc_backup_3 score=50.00 conf=0.83
2026-08-02 00:57:33,724 [INFO]   - login_hour_rarity: raw=0.00 score=0.00
2026-08-02 00:57:33,724 [INFO]   - geolocation_rarity: raw=0.00 score=0.00
2026-08-02 00:57:33,724 [INFO]   - endpoint_set_rarity: raw=0.00 score=0.00
2026-08-02 00:57:33,724 [INFO]   - process_name_rarity: raw=0.00 score=0.00
2026-08-02 00:57:33,724 [INFO]   - command_line_embedding_similarity: raw=0.00 score=0.00
2026-08-02 00:57:33,724 [INFO]   - total_volume_delta: raw=3.63 score=0.00
2026-08-02 00:57:33,724 [INFO]   - drift_alert: raw=2.66 score=50.00
2026-08-02 00:57:33,724 [INFO]   - service_account_execution_frequency_deviation: raw=0.00 score=0.00
2026-08-02 00:58:37,657 [WARNING] point_baseline_shadow_fallback entity_id=svc_backup_3 as_of=2026-01-05 03:52:00 active_shadow_count=0
2026-08-02 00:58:37,659 [INFO] ANOMALY DETECTED: entity=svc_backup_3 score=50.00 conf=0.83
2026-08-02 00:58:37,659 [INFO]   - login_hour_rarity: raw=0.00 score=0.00
2026-08-02 00:58:37,659 [INFO]   - geolocation_rarity: raw=0.00 score=0.00
2026-08-02 00:58:37,659 [INFO]   - endpoint_set_rarity: raw=0.00 score=0.00
2026-08-02 00:58:37,659 [INFO]   - process_name_rarity: raw=0.00 score=0.00
2026-08-02 00:58:37,659 [INFO]   - command_line_embedding_similarity: raw=0.00 score=0.00
2026-08-02 00:58:37,660 [INFO]   - total_volume_delta: raw=3.63 score=0.00
2026-08-02 00:58:37,660 [INFO]   - drift_alert: raw=2.66 score=50.00
2026-08-02 00:58:37,660 [INFO]   - service_account_execution_frequency_deviation: raw=0.00 score=0.00
2026-08-02 00:59:44,255 [WARNING] point_baseline_shadow_fallback entity_id=svc_backup_3 as_of=2026-01-05 05:52:00 active_shadow_count=0
2026-08-02 00:59:44,257 [INFO] ANOMALY DETECTED: entity=svc_backup_3 score=50.00 conf=0.83
2026-08-02 00:59:44,257 [INFO]   - login_hour_rarity: raw=0.00 score=0.00
2026-08-02 00:59:44,257 [INFO]   - geolocation_rarity: raw=0.00 score=0.00
2026-08-02 00:59:44,257 [INFO]   - endpoint_set_rarity: raw=0.00 score=0.00
2026-08-02 00:59:44,257 [INFO]   - process_name_rarity: raw=0.00 score=0.00
2026-08-02 00:59:44,257 [INFO]   - command_line_embedding_similarity: raw=0.00 score=0.00
2026-08-02 00:59:44,257 [INFO]   - total_volume_delta: raw=3.63 score=0.00
2026-08-02 00:59:44,257 [INFO]   - drift_alert: raw=2.66 score=50.00
2026-08-02 00:59:44,257 [INFO]   - service_account_execution_frequency_deviation: raw=0.00 score=0.00
2026-08-02 01:00:27,252 [INFO] ANOMALY DETECTED: entity=user_engineer_0 score=60.65 conf=0.84
2026-08-02 01:00:27,252 [INFO]   - login_hour_rarity: raw=0.00 score=0.00
2026-08-02 01:00:27,252 [INFO]   - geolocation_rarity: raw=0.00 score=0.00
2026-08-02 01:00:27,252 [INFO]   - endpoint_set_rarity: raw=0.00 score=0.00
2026-08-02 01:00:27,252 [INFO]   - process_name_rarity: raw=0.02 score=0.03
2026-08-02 01:00:27,252 [INFO]   - command_line_embedding_similarity: raw=1.00 score=50.00
2026-08-02 01:00:27,252 [INFO]   - total_volume_delta: raw=3.37 score=0.00
2026-08-02 01:00:27,252 [INFO]   - drift_alert: raw=0.53 score=10.61
2026-08-02 01:00:28,229 [INFO] ANOMALY DETECTED: entity=user_engineer_0 score=60.65 conf=0.84
2026-08-02 01:00:28,229 [INFO]   - login_hour_rarity: raw=0.00 score=0.00
2026-08-02 01:00:28,229 [INFO]   - geolocation_rarity: raw=0.00 score=0.00
2026-08-02 01:00:28,229 [INFO]   - endpoint_set_rarity: raw=0.00 score=0.00
2026-08-02 01:00:28,229 [INFO]   - process_name_rarity: raw=0.02 score=0.03
2026-08-02 01:00:28,229 [INFO]   - command_line_embedding_similarity: raw=1.00 score=50.00
2026-08-02 01:00:28,229 [INFO]   - total_volume_delta: raw=3.37 score=0.00
2026-08-02 01:00:28,229 [INFO]   - drift_alert: raw=0.53 score=10.61
2026-08-02 01:00:34,264 [INFO] ANOMALY DETECTED: entity=user_hr_14 score=50.00 conf=0.84
2026-08-02 01:00:34,264 [INFO]   - login_hour_rarity: raw=0.00 score=0.00
2026-08-02 01:00:34,264 [INFO]   - geolocation_rarity: raw=0.00 score=0.00
2026-08-02 01:00:34,264 [INFO]   - endpoint_set_rarity: raw=0.00 score=0.00
2026-08-02 01:00:34,264 [INFO]   - process_name_rarity: raw=0.00 score=0.00
2026-08-02 01:00:34,264 [INFO]   - command_line_embedding_similarity: raw=0.33 score=0.00
2026-08-02 01:00:34,264 [INFO]   - total_volume_delta: raw=4.95 score=0.00
2026-08-02 01:00:34,264 [INFO]   - drift_alert: raw=5.51 score=50.00
2026-08-02 01:00:34,784 [INFO] ANOMALY DETECTED: entity=user_hr_4 score=50.05 conf=0.85
2026-08-02 01:00:34,784 [INFO]   - login_hour_rarity: raw=0.00 score=0.00
2026-08-02 01:00:34,784 [INFO]   - geolocation_rarity: raw=0.00 score=0.00
2026-08-02 01:00:34,784 [INFO]   - endpoint_set_rarity: raw=0.00 score=0.00
2026-08-02 01:00:34,784 [INFO]   - process_name_rarity: raw=0.03 score=0.05
2026-08-02 01:00:34,784 [INFO]   - command_line_embedding_similarity: raw=1.00 score=50.00
2026-08-02 01:00:34,784 [INFO]   - total_volume_delta: raw=3.02 score=0.00
2026-08-02 01:00:34,784 [INFO]   - drift_alert: raw=0.00 score=0.00
2026-08-02 01:00:35,307 [INFO] ANOMALY DETECTED: entity=user_hr_14 score=50.00 conf=0.84
2026-08-02 01:00:35,307 [INFO]   - login_hour_rarity: raw=0.00 score=0.00
2026-08-02 01:00:35,307 [INFO]   - geolocation_rarity: raw=0.00 score=0.00
2026-08-02 01:00:35,307 [INFO]   - endpoint_set_rarity: raw=0.00 score=0.00
2026-08-02 01:00:35,307 [INFO]   - process_name_rarity: raw=0.00 score=0.00
2026-08-02 01:00:35,307 [INFO]   - command_line_embedding_similarity: raw=0.23 score=0.00
2026-08-02 01:00:35,307 [INFO]   - total_volume_delta: raw=4.95 score=0.00
2026-08-02 01:00:35,307 [INFO]   - drift_alert: raw=5.51 score=50.00
2026-08-02 01:00:35,799 [INFO] ANOMALY DETECTED: entity=user_engineer_11 score=50.02 conf=0.83
2026-08-02 01:00:35,799 [INFO]   - login_hour_rarity: raw=0.00 score=0.00
2026-08-02 01:00:35,799 [INFO]   - geolocation_rarity: raw=0.00 score=0.00
2026-08-02 01:00:35,799 [INFO]   - endpoint_set_rarity: raw=0.00 score=0.00
2026-08-02 01:00:35,799 [INFO]   - process_name_rarity: raw=0.02 score=0.02
2026-08-02 01:00:35,799 [INFO]   - command_line_embedding_similarity: raw=1.00 score=50.00
2026-08-02 01:00:35,799 [INFO]   - total_volume_delta: raw=3.25 score=0.00
2026-08-02 01:00:35,799 [INFO]   - drift_alert: raw=0.00 score=0.00
2026-08-02 01:00:37,138 [INFO] ANOMALY DETECTED: entity=user_hr_14 score=50.00 conf=0.84
2026-08-02 01:00:37,138 [INFO]   - login_hour_rarity: raw=0.00 score=0.00
2026-08-02 01:00:37,138 [INFO]   - geolocation_rarity: raw=0.00 score=0.00
2026-08-02 01:00:37,138 [INFO]   - endpoint_set_rarity: raw=0.00 score=0.00
2026-08-02 01:00:37,138 [INFO]   - process_name_rarity: raw=0.00 score=0.00
2026-08-02 01:00:37,138 [INFO]   - command_line_embedding_similarity: raw=0.22 score=0.00
2026-08-02 01:00:37,138 [INFO]   - total_volume_delta: raw=4.95 score=0.00
2026-08-02 01:00:37,139 [INFO]   - drift_alert: raw=5.51 score=50.00
2026-08-02 01:00:41,023 [INFO] ANOMALY DETECTED: entity=user_engineer_2 score=67.37 conf=0.81
2026-08-02 01:00:41,023 [INFO]   - login_hour_rarity: raw=0.00 score=0.00
2026-08-02 01:00:41,023 [INFO]   - geolocation_rarity: raw=0.00 score=0.00
2026-08-02 01:00:41,023 [INFO]   - endpoint_set_rarity: raw=0.00 score=0.00
2026-08-02 01:00:41,023 [INFO]   - process_name_rarity: raw=0.02 score=0.03
2026-08-02 01:00:41,023 [INFO]   - command_line_embedding_similarity: raw=1.00 score=50.00
2026-08-02 01:00:41,023 [INFO]   - total_volume_delta: raw=2.89 score=0.00
2026-08-02 01:00:41,023 [INFO]   - drift_alert: raw=0.87 score=17.34
2026-08-02 01:00:43,857 [INFO] ANOMALY DETECTED: entity=user_finance_14 score=93.08 conf=0.85
2026-08-02 01:00:43,857 [INFO]   - login_hour_rarity: raw=0.00 score=0.00
2026-08-02 01:00:43,857 [INFO]   - geolocation_rarity: raw=0.00 score=0.00
2026-08-02 01:00:43,857 [INFO]   - endpoint_set_rarity: raw=0.00 score=0.00
2026-08-02 01:00:43,857 [INFO]   - process_name_rarity: raw=0.03 score=0.04
2026-08-02 01:00:43,857 [INFO]   - command_line_embedding_similarity: raw=1.00 score=50.00
2026-08-02 01:00:43,857 [INFO]   - total_volume_delta: raw=3.42 score=0.00
2026-08-02 01:00:43,857 [INFO]   - drift_alert: raw=2.15 score=43.04
2026-08-02 01:00:47,514 [INFO] ANOMALY DETECTED: entity=user_finance_7 score=72.13 conf=0.88
2026-08-02 01:00:47,515 [INFO]   - login_hour_rarity: raw=0.00 score=0.00
2026-08-02 01:00:47,515 [INFO]   - geolocation_rarity: raw=0.00 score=0.00
2026-08-02 01:00:47,515 [INFO]   - endpoint_set_rarity: raw=0.00 score=0.00
2026-08-02 01:00:47,515 [INFO]   - process_name_rarity: raw=0.03 score=0.05
2026-08-02 01:00:47,515 [INFO]   - command_line_embedding_similarity: raw=1.00 score=50.00
2026-08-02 01:00:47,515 [INFO]   - total_volume_delta: raw=2.32 score=0.00
2026-08-02 01:00:47,515 [INFO]   - drift_alert: raw=1.10 score=22.08
2026-08-02 01:00:50,934 [WARNING] point_baseline_shadow_fallback entity_id=svc_backup_3 as_of=2026-01-05 07:52:00 active_shadow_count=0
2026-08-02 01:00:50,935 [INFO] ANOMALY DETECTED: entity=svc_backup_3 score=50.00 conf=0.83
2026-08-02 01:00:50,935 [INFO]   - login_hour_rarity: raw=0.00 score=0.00
2026-08-02 01:00:50,936 [INFO]   - geolocation_rarity: raw=0.00 score=0.00
2026-08-02 01:00:50,936 [INFO]   - endpoint_set_rarity: raw=0.00 score=0.00
2026-08-02 01:00:50,936 [INFO]   - process_name_rarity: raw=0.00 score=0.00
2026-08-02 01:00:50,936 [INFO]   - command_line_embedding_similarity: raw=0.00 score=0.00
2026-08-02 01:00:50,936 [INFO]   - total_volume_delta: raw=3.63 score=0.00
2026-08-02 01:00:50,936 [INFO]   - drift_alert: raw=2.66 score=50.00
2026-08-02 01:00:50,936 [INFO]   - service_account_execution_frequency_deviation: raw=0.00 score=0.00
2026-08-02 01:00:53,862 [INFO] ANOMALY DETECTED: entity=user_finance_14 score=50.00 conf=0.85
2026-08-02 01:00:53,862 [INFO]   - login_hour_rarity: raw=0.00 score=0.00
2026-08-02 01:00:53,862 [INFO]   - geolocation_rarity: raw=0.00 score=0.00
2026-08-02 01:00:53,862 [INFO]   - endpoint_set_rarity: raw=0.00 score=0.00
2026-08-02 01:00:53,862 [INFO]   - process_name_rarity: raw=0.00 score=0.00
2026-08-02 01:00:53,862 [INFO]   - command_line_embedding_similarity: raw=0.19 score=0.00
2026-08-02 01:00:53,862 [INFO]   - total_volume_delta: raw=3.42 score=0.00
2026-08-02 01:00:53,862 [INFO]   - drift_alert: raw=4.75 score=50.00
2026-08-02 01:00:56,286 [INFO] ANOMALY DETECTED: entity=user_engineer_1 score=50.00 conf=0.86
2026-08-02 01:00:56,286 [INFO]   - login_hour_rarity: raw=0.00 score=0.00
2026-08-02 01:00:56,286 [INFO]   - geolocation_rarity: raw=0.00 score=0.00
2026-08-02 01:00:56,286 [INFO]   - endpoint_set_rarity: raw=0.00 score=0.00
2026-08-02 01:00:56,286 [INFO]   - process_name_rarity: raw=0.00 score=0.00
2026-08-02 01:00:56,286 [INFO]   - command_line_embedding_similarity: raw=0.33 score=0.00
2026-08-02 01:00:56,287 [INFO]   - total_volume_delta: raw=3.50 score=0.00
2026-08-02 01:00:56,287 [INFO]   - drift_alert: raw=3.15 score=50.00
2026-08-02 01:00:56,773 [INFO] ANOMALY DETECTED: entity=user_hr_7 score=50.00 conf=0.87
2026-08-02 01:00:56,773 [INFO]   - login_hour_rarity: raw=0.00 score=0.00
2026-08-02 01:00:56,773 [INFO]   - geolocation_rarity: raw=0.00 score=0.00
2026-08-02 01:00:56,773 [INFO]   - endpoint_set_rarity: raw=0.00 score=0.00
2026-08-02 01:00:56,773 [INFO]   - process_name_rarity: raw=0.00 score=0.00
2026-08-02 01:00:56,773 [INFO]   - command_line_embedding_similarity: raw=0.28 score=0.00
2026-08-02 01:00:56,773 [INFO]   - total_volume_delta: raw=2.89 score=0.00
2026-08-02 01:00:56,773 [INFO]   - drift_alert: raw=4.79 score=50.00
2026-08-02 01:00:57,486 [INFO] ANOMALY DETECTED: entity=user_hr_7 score=50.00 conf=0.87
2026-08-02 01:00:57,486 [INFO]   - login_hour_rarity: raw=0.00 score=0.00
2026-08-02 01:00:57,486 [INFO]   - geolocation_rarity: raw=0.00 score=0.00
2026-08-02 01:00:57,486 [INFO]   - endpoint_set_rarity: raw=0.00 score=0.00
2026-08-02 01:00:57,486 [INFO]   - process_name_rarity: raw=0.00 score=0.00
2026-08-02 01:00:57,486 [INFO]   - command_line_embedding_similarity: raw=0.34 score=0.00
2026-08-02 01:00:57,486 [INFO]   - total_volume_delta: raw=2.89 score=0.00
2026-08-02 01:00:57,486 [INFO]   - drift_alert: raw=4.79 score=50.00
2026-08-02 01:00:57,990 [INFO] ANOMALY DETECTED: entity=user_hr_2 score=50.03 conf=0.82
2026-08-02 01:00:57,990 [INFO]   - login_hour_rarity: raw=0.00 score=0.00
2026-08-02 01:00:57,990 [INFO]   - geolocation_rarity: raw=0.00 score=0.00
2026-08-02 01:00:57,990 [INFO]   - endpoint_set_rarity: raw=0.00 score=0.00
2026-08-02 01:00:57,990 [INFO]   - process_name_rarity: raw=0.02 score=0.03
2026-08-02 01:00:57,990 [INFO]   - command_line_embedding_similarity: raw=1.00 score=50.00
2026-08-02 01:00:57,990 [INFO]   - total_volume_delta: raw=3.20 score=0.00
2026-08-02 01:00:57,990 [INFO]   - drift_alert: raw=0.00 score=0.00
2026-08-02 01:01:00,460 [INFO] ANOMALY DETECTED: entity=user_hr_7 score=50.00 conf=0.87
2026-08-02 01:01:00,460 [INFO]   - login_hour_rarity: raw=0.00 score=0.00
2026-08-02 01:01:00,460 [INFO]   - geolocation_rarity: raw=0.00 score=0.00
2026-08-02 01:01:00,460 [INFO]   - endpoint_set_rarity: raw=0.00 score=0.00
2026-08-02 01:01:00,460 [INFO]   - process_name_rarity: raw=0.00 score=0.00
2026-08-02 01:01:00,460 [INFO]   - command_line_embedding_similarity: raw=0.34 score=0.00
2026-08-02 01:01:00,460 [INFO]   - total_volume_delta: raw=2.89 score=0.00
2026-08-02 01:01:00,460 [INFO]   - drift_alert: raw=4.79 score=50.00
2026-08-02 01:01:00,997 [INFO] ANOMALY DETECTED: entity=user_engineer_5 score=50.04 conf=0.86
2026-08-02 01:01:00,997 [INFO]   - login_hour_rarity: raw=0.00 score=0.00
2026-08-02 01:01:00,997 [INFO]   - geolocation_rarity: raw=0.00 score=0.00
2026-08-02 01:01:00,998 [INFO]   - endpoint_set_rarity: raw=0.00 score=0.00
2026-08-02 01:01:00,998 [INFO]   - process_name_rarity: raw=0.03 score=0.04
2026-08-02 01:01:00,998 [INFO]   - command_line_embedding_similarity: raw=1.00 score=50.00
2026-08-02 01:01:00,998 [INFO]   - total_volume_delta: raw=3.11 score=0.00
2026-08-02 01:01:00,998 [INFO]   - drift_alert: raw=0.00 score=0.00
2026-08-02 01:01:02,938 [INFO] ANOMALY DETECTED: entity=user_engineer_2 score=85.06 conf=0.81
2026-08-02 01:01:02,939 [INFO]   - login_hour_rarity: raw=0.00 score=0.00
2026-08-02 01:01:02,939 [INFO]   - geolocation_rarity: raw=0.00 score=0.00
2026-08-02 01:01:02,939 [INFO]   - endpoint_set_rarity: raw=0.00 score=0.00
2026-08-02 01:01:02,939 [INFO]   - process_name_rarity: raw=0.02 score=0.03
2026-08-02 01:01:02,939 [INFO]   - command_line_embedding_similarity: raw=1.00 score=50.00
2026-08-02 01:01:02,939 [INFO]   - total_volume_delta: raw=2.89 score=0.00
2026-08-02 01:01:02,939 [INFO]   - drift_alert: raw=1.75 score=35.03
2026-08-02 01:01:05,096 [INFO] ANOMALY DETECTED: entity=user_hr_12 score=50.04 conf=0.85
2026-08-02 01:01:05,096 [INFO]   - login_hour_rarity: raw=0.00 score=0.00
2026-08-02 01:01:05,096 [INFO]   - geolocation_rarity: raw=0.00 score=0.00
2026-08-02 01:01:05,096 [INFO]   - endpoint_set_rarity: raw=0.00 score=0.00
2026-08-02 01:01:05,096 [INFO]   - process_name_rarity: raw=0.03 score=0.04
2026-08-02 01:01:05,096 [INFO]   - command_line_embedding_similarity: raw=1.00 score=50.00
2026-08-02 01:01:05,097 [INFO]   - total_volume_delta: raw=3.42 score=0.00
2026-08-02 01:01:05,097 [INFO]   - drift_alert: raw=0.00 score=0.00
2026-08-02 01:01:05,647 [INFO] ANOMALY DETECTED: entity=user_engineer_1 score=50.00 conf=0.86
2026-08-02 01:01:05,647 [INFO]   - login_hour_rarity: raw=0.00 score=0.00
2026-08-02 01:01:05,647 [INFO]   - geolocation_rarity: raw=0.00 score=0.00
2026-08-02 01:01:05,647 [INFO]   - endpoint_set_rarity: raw=0.00 score=0.00
2026-08-02 01:01:05,647 [INFO]   - process_name_rarity: raw=0.00 score=0.00
2026-08-02 01:01:05,647 [INFO]   - command_line_embedding_similarity: raw=0.19 score=0.00
2026-08-02 01:01:05,647 [INFO]   - total_volume_delta: raw=3.50 score=0.00
2026-08-02 01:01:05,647 [INFO]   - drift_alert: raw=3.15 score=50.00
2026-08-02 01:01:06,202 [INFO] ANOMALY DETECTED: entity=user_hr_7 score=100.05 conf=0.87
2026-08-02 01:01:06,202 [INFO]   - login_hour_rarity: raw=0.00 score=0.00
2026-08-02 01:01:06,202 [INFO]   - geolocation_rarity: raw=0.00 score=0.00
2026-08-02 01:01:06,202 [INFO]   - endpoint_set_rarity: raw=0.00 score=0.00
2026-08-02 01:01:06,202 [INFO]   - process_name_rarity: raw=0.03 score=0.05
2026-08-02 01:01:06,203 [INFO]   - command_line_embedding_similarity: raw=1.00 score=50.00
2026-08-02 01:01:06,203 [INFO]   - total_volume_delta: raw=2.89 score=0.00
2026-08-02 01:01:06,203 [INFO]   - drift_alert: raw=4.79 score=50.00
2026-08-02 01:01:06,742 [INFO] ANOMALY DETECTED: entity=user_engineer_12 score=50.04 conf=0.85
2026-08-02 01:01:06,743 [INFO]   - login_hour_rarity: raw=0.00 score=0.00
2026-08-02 01:01:06,743 [INFO]   - geolocation_rarity: raw=0.00 score=0.00
2026-08-02 01:01:06,743 [INFO]   - endpoint_set_rarity: raw=0.00 score=0.00
2026-08-02 01:01:06,743 [INFO]   - process_name_rarity: raw=0.03 score=0.04
2026-08-02 01:01:06,743 [INFO]   - command_line_embedding_similarity: raw=1.00 score=50.00
2026-08-02 01:01:06,743 [INFO]   - total_volume_delta: raw=4.00 score=0.00
2026-08-02 01:01:06,743 [INFO]   - drift_alert: raw=0.00 score=0.00
2026-08-02 01:01:08,874 [INFO] ANOMALY DETECTED: entity=user_engineer_2 score=85.06 conf=0.81
2026-08-02 01:01:08,874 [INFO]   - login_hour_rarity: raw=0.00 score=0.00
2026-08-02 01:01:08,874 [INFO]   - geolocation_rarity: raw=0.00 score=0.00
2026-08-02 01:01:08,874 [INFO]   - endpoint_set_rarity: raw=0.00 score=0.00
2026-08-02 01:01:08,874 [INFO]   - process_name_rarity: raw=0.02 score=0.03
2026-08-02 01:01:08,874 [INFO]   - command_line_embedding_similarity: raw=1.00 score=50.00
2026-08-02 01:01:08,874 [INFO]   - total_volume_delta: raw=2.89 score=0.00
2026-08-02 01:01:08,874 [INFO]   - drift_alert: raw=1.75 score=35.03
2026-08-02 01:01:09,380 [INFO] ANOMALY DETECTED: entity=user_engineer_5 score=50.04 conf=0.86
2026-08-02 01:01:09,380 [INFO]   - login_hour_rarity: raw=0.00 score=0.00
2026-08-02 01:01:09,380 [INFO]   - geolocation_rarity: raw=0.00 score=0.00
2026-08-02 01:01:09,380 [INFO]   - endpoint_set_rarity: raw=0.00 score=0.00
2026-08-02 01:01:09,380 [INFO]   - process_name_rarity: raw=0.03 score=0.04
2026-08-02 01:01:09,380 [INFO]   - command_line_embedding_similarity: raw=1.00 score=50.00
2026-08-02 01:01:09,380 [INFO]   - total_volume_delta: raw=3.11 score=0.00
2026-08-02 01:01:09,380 [INFO]   - drift_alert: raw=0.00 score=0.00
2026-08-02 01:01:09,911 [INFO] ANOMALY DETECTED: entity=user_finance_11 score=50.06 conf=0.87
2026-08-02 01:01:09,911 [INFO]   - login_hour_rarity: raw=0.00 score=0.00
2026-08-02 01:01:09,911 [INFO]   - geolocation_rarity: raw=0.00 score=0.00
2026-08-02 01:01:09,911 [INFO]   - endpoint_set_rarity: raw=0.00 score=0.00
2026-08-02 01:01:09,911 [INFO]   - process_name_rarity: raw=0.04 score=0.06
2026-08-02 01:01:09,911 [INFO]   - command_line_embedding_similarity: raw=1.00 score=50.00
2026-08-02 01:01:09,911 [INFO]   - total_volume_delta: raw=3.04 score=0.00
2026-08-02 01:01:09,911 [INFO]   - drift_alert: raw=0.00 score=0.00
2026-08-02 01:01:12,069 [INFO] ANOMALY DETECTED: entity=user_engineer_10 score=50.03 conf=0.81
2026-08-02 01:01:12,069 [INFO]   - login_hour_rarity: raw=0.00 score=0.00
2026-08-02 01:01:12,069 [INFO]   - geolocation_rarity: raw=0.00 score=0.00
2026-08-02 01:01:12,069 [INFO]   - endpoint_set_rarity: raw=0.00 score=0.00
2026-08-02 01:01:12,069 [INFO]   - process_name_rarity: raw=0.02 score=0.03
2026-08-02 01:01:12,069 [INFO]   - command_line_embedding_similarity: raw=1.00 score=50.00
2026-08-02 01:01:12,069 [INFO]   - total_volume_delta: raw=2.89 score=0.00
2026-08-02 01:01:12,069 [INFO]   - drift_alert: raw=0.00 score=0.00
2026-08-02 01:01:15,291 [INFO] ANOMALY DETECTED: entity=user_finance_0 score=50.02 conf=0.81
2026-08-02 01:01:15,291 [INFO]   - login_hour_rarity: raw=0.00 score=0.00
2026-08-02 01:01:15,291 [INFO]   - geolocation_rarity: raw=0.00 score=0.00
2026-08-02 01:01:15,291 [INFO]   - endpoint_set_rarity: raw=0.00 score=0.00
2026-08-02 01:01:15,291 [INFO]   - process_name_rarity: raw=0.01 score=0.02
2026-08-02 01:01:15,291 [INFO]   - command_line_embedding_similarity: raw=1.00 score=50.00
2026-08-02 01:01:15,291 [INFO]   - total_volume_delta: raw=2.53 score=0.00
2026-08-02 01:01:15,291 [INFO]   - drift_alert: raw=0.00 score=0.00
2026-08-02 01:01:16,254 [INFO] ANOMALY DETECTED: entity=user_hr_12 score=50.04 conf=0.85
2026-08-02 01:01:16,254 [INFO]   - login_hour_rarity: raw=0.00 score=0.00
2026-08-02 01:01:16,254 [INFO]   - geolocation_rarity: raw=0.00 score=0.00
2026-08-02 01:01:16,254 [INFO]   - endpoint_set_rarity: raw=0.00 score=0.00
2026-08-02 01:01:16,254 [INFO]   - process_name_rarity: raw=0.03 score=0.04
2026-08-02 01:01:16,254 [INFO]   - command_line_embedding_similarity: raw=1.00 score=50.00
2026-08-02 01:01:16,254 [INFO]   - total_volume_delta: raw=3.42 score=0.00
2026-08-02 01:01:16,254 [INFO]   - drift_alert: raw=0.00 score=0.00
2026-08-02 01:01:17,287 [INFO] ANOMALY DETECTED: entity=user_hr_7 score=50.00 conf=0.87
2026-08-02 01:01:17,287 [INFO]   - login_hour_rarity: raw=0.00 score=0.00
2026-08-02 01:01:17,287 [INFO]   - geolocation_rarity: raw=0.00 score=0.00
2026-08-02 01:01:17,287 [INFO]   - endpoint_set_rarity: raw=0.00 score=0.00
2026-08-02 01:01:17,287 [INFO]   - process_name_rarity: raw=0.00 score=0.00
2026-08-02 01:01:17,287 [INFO]   - command_line_embedding_similarity: raw=0.43 score=0.00
2026-08-02 01:01:17,287 [INFO]   - total_volume_delta: raw=2.89 score=0.00
2026-08-02 01:01:17,287 [INFO]   - drift_alert: raw=4.79 score=50.00
2026-08-02 01:01:21,970 [INFO] ANOMALY DETECTED: entity=user_hr_2 score=50.03 conf=0.82
2026-08-02 01:01:21,970 [INFO]   - login_hour_rarity: raw=0.00 score=0.00
2026-08-02 01:01:21,970 [INFO]   - geolocation_rarity: raw=0.00 score=0.00
2026-08-02 01:01:21,970 [INFO]   - endpoint_set_rarity: raw=0.00 score=0.00
2026-08-02 01:01:21,970 [INFO]   - process_name_rarity: raw=0.02 score=0.03
2026-08-02 01:01:21,970 [INFO]   - command_line_embedding_similarity: raw=1.00 score=50.00
2026-08-02 01:01:21,970 [INFO]   - total_volume_delta: raw=3.20 score=0.00
2026-08-02 01:01:21,970 [INFO]   - drift_alert: raw=0.00 score=0.00
2026-08-02 01:01:22,492 [INFO] ANOMALY DETECTED: entity=user_finance_7 score=46.60 conf=0.88
2026-08-02 01:01:22,492 [INFO]   - login_hour_rarity: raw=0.00 score=0.00
2026-08-02 01:01:22,492 [INFO]   - geolocation_rarity: raw=0.00 score=0.00
2026-08-02 01:01:22,492 [INFO]   - endpoint_set_rarity: raw=0.00 score=0.00
2026-08-02 01:01:22,492 [INFO]   - process_name_rarity: raw=0.00 score=0.00
2026-08-02 01:01:22,492 [INFO]   - command_line_embedding_similarity: raw=0.18 score=0.00
2026-08-02 01:01:22,492 [INFO]   - total_volume_delta: raw=2.32 score=0.00
2026-08-02 01:01:22,492 [INFO]   - drift_alert: raw=2.33 score=46.60
2026-08-02 01:01:22,981 [INFO] ANOMALY DETECTED: entity=user_engineer_12 score=50.04 conf=0.85
2026-08-02 01:01:22,982 [INFO]   - login_hour_rarity: raw=0.00 score=0.00
2026-08-02 01:01:22,982 [INFO]   - geolocation_rarity: raw=0.00 score=0.00
2026-08-02 01:01:22,982 [INFO]   - endpoint_set_rarity: raw=0.00 score=0.00
2026-08-02 01:01:22,982 [INFO]   - process_name_rarity: raw=0.03 score=0.04
2026-08-02 01:01:22,982 [INFO]   - command_line_embedding_similarity: raw=1.00 score=50.00
2026-08-02 01:01:22,982 [INFO]   - total_volume_delta: raw=4.00 score=0.00
2026-08-02 01:01:22,982 [INFO]   - drift_alert: raw=0.00 score=0.00
2026-08-02 01:01:24,816 [INFO] ANOMALY DETECTED: entity=user_engineer_1 score=50.00 conf=0.86
2026-08-02 01:01:24,817 [INFO]   - login_hour_rarity: raw=0.00 score=0.00
2026-08-02 01:01:24,817 [INFO]   - geolocation_rarity: raw=0.00 score=0.00
2026-08-02 01:01:24,817 [INFO]   - endpoint_set_rarity: raw=0.00 score=0.00
2026-08-02 01:01:24,817 [INFO]   - process_name_rarity: raw=0.00 score=0.00
2026-08-02 01:01:24,817 [INFO]   - command_line_embedding_similarity: raw=0.20 score=0.00
2026-08-02 01:01:24,817 [INFO]   - total_volume_delta: raw=3.50 score=0.00
2026-08-02 01:01:24,817 [INFO]   - drift_alert: raw=3.15 score=50.00
2026-08-02 01:01:25,396 [INFO] ANOMALY DETECTED: entity=user_hr_7 score=50.00 conf=0.87
2026-08-02 01:01:25,396 [INFO]   - login_hour_rarity: raw=0.00 score=0.00
2026-08-02 01:01:25,396 [INFO]   - geolocation_rarity: raw=0.00 score=0.00
2026-08-02 01:01:25,396 [INFO]   - endpoint_set_rarity: raw=0.00 score=0.00
2026-08-02 01:01:25,396 [INFO]   - process_name_rarity: raw=0.00 score=0.00
2026-08-02 01:01:25,396 [INFO]   - command_line_embedding_similarity: raw=0.20 score=0.00
2026-08-02 01:01:25,396 [INFO]   - total_volume_delta: raw=2.89 score=0.00
2026-08-02 01:01:25,396 [INFO]   - drift_alert: raw=4.79 score=50.00
2026-08-02 01:01:25,923 [INFO] ANOMALY DETECTED: entity=user_hr_7 score=50.00 conf=0.87
2026-08-02 01:01:25,923 [INFO]   - login_hour_rarity: raw=0.00 score=0.00
2026-08-02 01:01:25,923 [INFO]   - geolocation_rarity: raw=0.00 score=0.00
2026-08-02 01:01:25,923 [INFO]   - endpoint_set_rarity: raw=0.00 score=0.00
2026-08-02 01:01:25,923 [INFO]   - process_name_rarity: raw=0.00 score=0.00
2026-08-02 01:01:25,923 [INFO]   - command_line_embedding_similarity: raw=0.34 score=0.00
2026-08-02 01:01:25,923 [INFO]   - total_volume_delta: raw=2.89 score=0.00
2026-08-02 01:01:25,923 [INFO]   - drift_alert: raw=4.79 score=50.00
2026-08-02 01:01:25,940 [INFO] ANOMALY DETECTED: entity=user_finance_0 score=50.02 conf=0.81
2026-08-02 01:01:25,940 [INFO]   - login_hour_rarity: raw=0.00 score=0.00
2026-08-02 01:01:25,940 [INFO]   - geolocation_rarity: raw=0.00 score=0.00
2026-08-02 01:01:25,940 [INFO]   - endpoint_set_rarity: raw=0.00 score=0.00
2026-08-02 01:01:25,940 [INFO]   - process_name_rarity: raw=0.01 score=0.02
2026-08-02 01:01:25,940 [INFO]   - command_line_embedding_similarity: raw=1.00 score=50.00
2026-08-02 01:01:25,940 [INFO]   - total_volume_delta: raw=2.53 score=0.00
2026-08-02 01:01:25,940 [INFO]   - drift_alert: raw=0.00 score=0.00
2026-08-02 01:01:26,482 [INFO] ANOMALY DETECTED: entity=user_engineer_4 score=60.69 conf=0.84
2026-08-02 01:01:26,483 [INFO]   - login_hour_rarity: raw=0.00 score=0.00
2026-08-02 01:01:26,483 [INFO]   - geolocation_rarity: raw=0.00 score=0.00
2026-08-02 01:01:26,483 [INFO]   - endpoint_set_rarity: raw=0.00 score=0.00
2026-08-02 01:01:26,483 [INFO]   - process_name_rarity: raw=0.03 score=0.04
2026-08-02 01:01:26,483 [INFO]   - command_line_embedding_similarity: raw=1.00 score=50.00
2026-08-02 01:01:26,483 [INFO]   - total_volume_delta: raw=2.63 score=0.00
2026-08-02 01:01:26,483 [INFO]   - drift_alert: raw=0.53 score=10.65
2026-08-02 01:01:26,501 [INFO] ANOMALY DETECTED: entity=user_hr_7 score=50.00 conf=0.87
2026-08-02 01:01:26,501 [INFO]   - login_hour_rarity: raw=0.00 score=0.00
2026-08-02 01:01:26,501 [INFO]   - geolocation_rarity: raw=0.00 score=0.00
2026-08-02 01:01:26,501 [INFO]   - endpoint_set_rarity: raw=0.00 score=0.00
2026-08-02 01:01:26,501 [INFO]   - process_name_rarity: raw=0.00 score=0.00
2026-08-02 01:01:26,501 [INFO]   - command_line_embedding_similarity: raw=0.22 score=0.00
2026-08-02 01:01:26,501 [INFO]   - total_volume_delta: raw=2.89 score=0.00
2026-08-02 01:01:26,501 [INFO]   - drift_alert: raw=4.79 score=50.00
2026-08-02 01:01:27,552 [INFO] ANOMALY DETECTED: entity=user_finance_0 score=50.02 conf=0.81
2026-08-02 01:01:27,552 [INFO]   - login_hour_rarity: raw=0.00 score=0.00
2026-08-02 01:01:27,552 [INFO]   - geolocation_rarity: raw=0.00 score=0.00
2026-08-02 01:01:27,552 [INFO]   - endpoint_set_rarity: raw=0.00 score=0.00
2026-08-02 01:01:27,552 [INFO]   - process_name_rarity: raw=0.01 score=0.02
2026-08-02 01:01:27,552 [INFO]   - command_line_embedding_similarity: raw=1.00 score=50.00
2026-08-02 01:01:27,552 [INFO]   - total_volume_delta: raw=2.53 score=0.00
2026-08-02 01:01:27,552 [INFO]   - drift_alert: raw=0.00 score=0.00
2026-08-02 01:01:32,028 [INFO] ANOMALY DETECTED: entity=user_hr_13 score=50.06 conf=0.86
2026-08-02 01:01:32,028 [INFO]   - login_hour_rarity: raw=0.00 score=0.00
2026-08-02 01:01:32,028 [INFO]   - geolocation_rarity: raw=0.00 score=0.00
2026-08-02 01:01:32,028 [INFO]   - endpoint_set_rarity: raw=0.00 score=0.00
2026-08-02 01:01:32,028 [INFO]   - process_name_rarity: raw=0.04 score=0.06
2026-08-02 01:01:32,028 [INFO]   - command_line_embedding_similarity: raw=1.00 score=50.00
2026-08-02 01:01:32,028 [INFO]   - total_volume_delta: raw=2.65 score=0.00
2026-08-02 01:01:32,029 [INFO]   - drift_alert: raw=0.00 score=0.00
2026-08-02 01:01:32,604 [INFO] ANOMALY DETECTED: entity=user_hr_7 score=50.00 conf=0.87
2026-08-02 01:01:32,604 [INFO]   - login_hour_rarity: raw=0.00 score=0.00
2026-08-02 01:01:32,604 [INFO]   - geolocation_rarity: raw=0.00 score=0.00
2026-08-02 01:01:32,604 [INFO]   - endpoint_set_rarity: raw=0.00 score=0.00
2026-08-02 01:01:32,604 [INFO]   - process_name_rarity: raw=0.00 score=0.00
2026-08-02 01:01:32,604 [INFO]   - command_line_embedding_similarity: raw=0.43 score=0.00
2026-08-02 01:01:32,604 [INFO]   - total_volume_delta: raw=2.89 score=0.00
2026-08-02 01:01:32,604 [INFO]   - drift_alert: raw=4.79 score=50.00
2026-08-02 01:01:33,122 [INFO] ANOMALY DETECTED: entity=user_hr_3 score=50.04 conf=0.83
2026-08-02 01:01:33,122 [INFO]   - login_hour_rarity: raw=0.00 score=0.00
2026-08-02 01:01:33,122 [INFO]   - geolocation_rarity: raw=0.00 score=0.00
2026-08-02 01:01:33,122 [INFO]   - endpoint_set_rarity: raw=0.00 score=0.00
2026-08-02 01:01:33,122 [INFO]   - process_name_rarity: raw=0.03 score=0.04
2026-08-02 01:01:33,122 [INFO]   - command_line_embedding_similarity: raw=1.00 score=50.00
2026-08-02 01:01:33,122 [INFO]   - total_volume_delta: raw=3.51 score=0.00
2026-08-02 01:01:33,122 [INFO]   - drift_alert: raw=0.00 score=0.00
2026-08-02 01:01:33,726 [INFO] ANOMALY DETECTED: entity=user_finance_0 score=50.02 conf=0.81
2026-08-02 01:01:33,726 [INFO]   - login_hour_rarity: raw=0.00 score=0.00
2026-08-02 01:01:33,726 [INFO]   - geolocation_rarity: raw=0.00 score=0.00
2026-08-02 01:01:33,726 [INFO]   - endpoint_set_rarity: raw=0.00 score=0.00
2026-08-02 01:01:33,726 [INFO]   - process_name_rarity: raw=0.01 score=0.02
2026-08-02 01:01:33,726 [INFO]   - command_line_embedding_similarity: raw=1.00 score=50.00
2026-08-02 01:01:33,726 [INFO]   - total_volume_delta: raw=2.53 score=0.00
2026-08-02 01:01:33,726 [INFO]   - drift_alert: raw=0.00 score=0.00
2026-08-02 01:01:36,010 [INFO] ANOMALY DETECTED: entity=user_engineer_11 score=50.02 conf=0.83
2026-08-02 01:01:36,010 [INFO]   - login_hour_rarity: raw=0.00 score=0.00
2026-08-02 01:01:36,010 [INFO]   - geolocation_rarity: raw=0.00 score=0.00
2026-08-02 01:01:36,010 [INFO]   - endpoint_set_rarity: raw=0.00 score=0.00
2026-08-02 01:01:36,010 [INFO]   - process_name_rarity: raw=0.02 score=0.02
2026-08-02 01:01:36,010 [INFO]   - command_line_embedding_similarity: raw=1.00 score=50.00
2026-08-02 01:01:36,010 [INFO]   - total_volume_delta: raw=3.25 score=0.00
2026-08-02 01:01:36,010 [INFO]   - drift_alert: raw=0.00 score=0.00
2026-08-02 01:01:37,560 [INFO] ANOMALY DETECTED: entity=user_engineer_9 score=50.00 conf=0.84
2026-08-02 01:01:37,560 [INFO]   - login_hour_rarity: raw=0.00 score=0.00
2026-08-02 01:01:37,560 [INFO]   - geolocation_rarity: raw=0.00 score=0.00
2026-08-02 01:01:37,560 [INFO]   - endpoint_set_rarity: raw=0.00 score=0.00
2026-08-02 01:01:37,560 [INFO]   - process_name_rarity: raw=0.00 score=0.00
2026-08-02 01:01:37,560 [INFO]   - command_line_embedding_similarity: raw=0.30 score=0.00
2026-08-02 01:01:37,560 [INFO]   - total_volume_delta: raw=3.58 score=0.00
2026-08-02 01:01:37,560 [INFO]   - drift_alert: raw=4.61 score=50.00
2026-08-02 01:01:37,577 [INFO] ANOMALY DETECTED: entity=user_hr_14 score=100.04 conf=0.84
2026-08-02 01:01:37,577 [INFO]   - login_hour_rarity: raw=0.00 score=0.00
2026-08-02 01:01:37,577 [INFO]   - geolocation_rarity: raw=0.00 score=0.00
2026-08-02 01:01:37,577 [INFO]   - endpoint_set_rarity: raw=0.00 score=0.00
2026-08-02 01:01:37,577 [INFO]   - process_name_rarity: raw=0.02 score=0.04
2026-08-02 01:01:37,577 [INFO]   - command_line_embedding_similarity: raw=1.00 score=50.00
2026-08-02 01:01:37,577 [INFO]   - total_volume_delta: raw=4.95 score=0.00
2026-08-02 01:01:37,577 [INFO]   - drift_alert: raw=5.51 score=50.00
2026-08-02 01:01:38,096 [INFO] ANOMALY DETECTED: entity=user_engineer_1 score=100.06 conf=0.86
2026-08-02 01:01:38,096 [INFO]   - login_hour_rarity: raw=0.00 score=0.00
2026-08-02 01:01:38,096 [INFO]   - geolocation_rarity: raw=0.00 score=0.00
2026-08-02 01:01:38,096 [INFO]   - endpoint_set_rarity: raw=0.00 score=0.00
2026-08-02 01:01:38,096 [INFO]   - process_name_rarity: raw=0.04 score=0.06
2026-08-02 01:01:38,096 [INFO]   - command_line_embedding_similarity: raw=1.00 score=50.00
2026-08-02 01:01:38,096 [INFO]   - total_volume_delta: raw=3.50 score=0.00
2026-08-02 01:01:38,096 [INFO]   - drift_alert: raw=3.15 score=50.00
2026-08-02 01:01:38,703 [INFO] ANOMALY DETECTED: entity=user_hr_3 score=50.04 conf=0.83
2026-08-02 01:01:38,703 [INFO]   - login_hour_rarity: raw=0.00 score=0.00
2026-08-02 01:01:38,703 [INFO]   - geolocation_rarity: raw=0.00 score=0.00
2026-08-02 01:01:38,703 [INFO]   - endpoint_set_rarity: raw=0.00 score=0.00
2026-08-02 01:01:38,703 [INFO]   - process_name_rarity: raw=0.03 score=0.04
2026-08-02 01:01:38,703 [INFO]   - command_line_embedding_similarity: raw=1.00 score=50.00
2026-08-02 01:01:38,703 [INFO]   - total_volume_delta: raw=3.51 score=0.00
2026-08-02 01:01:38,703 [INFO]   - drift_alert: raw=0.00 score=0.00
2026-08-02 01:01:40,733 [INFO] ANOMALY DETECTED: entity=user_engineer_5 score=50.04 conf=0.86
2026-08-02 01:01:40,733 [INFO]   - login_hour_rarity: raw=0.00 score=0.00
2026-08-02 01:01:40,733 [INFO]   - geolocation_rarity: raw=0.00 score=0.00
2026-08-02 01:01:40,733 [INFO]   - endpoint_set_rarity: raw=0.00 score=0.00
2026-08-02 01:01:40,734 [INFO]   - process_name_rarity: raw=0.03 score=0.04
2026-08-02 01:01:40,734 [INFO]   - command_line_embedding_similarity: raw=1.00 score=50.00
2026-08-02 01:01:40,734 [INFO]   - total_volume_delta: raw=3.11 score=0.00
2026-08-02 01:01:40,734 [INFO]   - drift_alert: raw=0.00 score=0.00
2026-08-02 01:01:41,776 [INFO] ANOMALY DETECTED: entity=user_hr_7 score=50.00 conf=0.87
2026-08-02 01:01:41,776 [INFO]   - login_hour_rarity: raw=0.00 score=0.00
2026-08-02 01:01:41,776 [INFO]   - geolocation_rarity: raw=0.00 score=0.00
2026-08-02 01:01:41,776 [INFO]   - endpoint_set_rarity: raw=0.00 score=0.00
2026-08-02 01:01:41,776 [INFO]   - process_name_rarity: raw=0.00 score=0.00
2026-08-02 01:01:41,776 [INFO]   - command_line_embedding_similarity: raw=0.20 score=0.00
2026-08-02 01:01:41,776 [INFO]   - total_volume_delta: raw=2.89 score=0.00
2026-08-02 01:01:41,776 [INFO]   - drift_alert: raw=4.79 score=50.00
2026-08-02 01:01:42,305 [INFO] ANOMALY DETECTED: entity=user_hr_14 score=50.00 conf=0.84
2026-08-02 01:01:42,305 [INFO]   - login_hour_rarity: raw=0.00 score=0.00
2026-08-02 01:01:42,305 [INFO]   - geolocation_rarity: raw=0.00 score=0.00
2026-08-02 01:01:42,305 [INFO]   - endpoint_set_rarity: raw=0.00 score=0.00
2026-08-02 01:01:42,305 [INFO]   - process_name_rarity: raw=0.00 score=0.00
2026-08-02 01:01:42,305 [INFO]   - command_line_embedding_similarity: raw=0.21 score=0.00
2026-08-02 01:01:42,305 [INFO]   - total_volume_delta: raw=4.95 score=0.00
2026-08-02 01:01:42,305 [INFO]   - drift_alert: raw=5.51 score=50.00
2026-08-02 01:01:44,354 [INFO] ANOMALY DETECTED: entity=user_engineer_11 score=50.02 conf=0.83
2026-08-02 01:01:44,354 [INFO]   - login_hour_rarity: raw=0.00 score=0.00
2026-08-02 01:01:44,354 [INFO]   - geolocation_rarity: raw=0.00 score=0.00
2026-08-02 01:01:44,354 [INFO]   - endpoint_set_rarity: raw=0.00 score=0.00
2026-08-02 01:01:44,354 [INFO]   - process_name_rarity: raw=0.02 score=0.02
2026-08-02 01:01:44,354 [INFO]   - command_line_embedding_similarity: raw=1.00 score=50.00
2026-08-02 01:01:44,354 [INFO]   - total_volume_delta: raw=3.25 score=0.00
2026-08-02 01:01:44,354 [INFO]   - drift_alert: raw=0.00 score=0.00
2026-08-02 01:01:46,687 [INFO] ANOMALY DETECTED: entity=user_hr_14 score=50.00 conf=0.84
2026-08-02 01:01:46,687 [INFO]   - login_hour_rarity: raw=0.00 score=0.00
2026-08-02 01:01:46,687 [INFO]   - geolocation_rarity: raw=0.00 score=0.00
2026-08-02 01:01:46,688 [INFO]   - endpoint_set_rarity: raw=0.00 score=0.00
2026-08-02 01:01:46,688 [INFO]   - process_name_rarity: raw=0.00 score=0.00
2026-08-02 01:01:46,688 [INFO]   - command_line_embedding_similarity: raw=0.22 score=0.00
2026-08-02 01:01:46,688 [INFO]   - total_volume_delta: raw=4.95 score=0.00
2026-08-02 01:01:46,688 [INFO]   - drift_alert: raw=5.51 score=50.00
2026-08-02 01:01:47,226 [INFO] ANOMALY DETECTED: entity=user_hr_3 score=50.04 conf=0.83
2026-08-02 01:01:47,226 [INFO]   - login_hour_rarity: raw=0.00 score=0.00
2026-08-02 01:01:47,226 [INFO]   - geolocation_rarity: raw=0.00 score=0.00
2026-08-02 01:01:47,227 [INFO]   - endpoint_set_rarity: raw=0.00 score=0.00
2026-08-02 01:01:47,227 [INFO]   - process_name_rarity: raw=0.03 score=0.04
2026-08-02 01:01:47,227 [INFO]   - command_line_embedding_similarity: raw=1.00 score=50.00
2026-08-02 01:01:47,227 [INFO]   - total_volume_delta: raw=3.51 score=0.00
2026-08-02 01:01:47,227 [INFO]   - drift_alert: raw=0.00 score=0.00
2026-08-02 01:01:48,391 [INFO] ANOMALY DETECTED: entity=user_engineer_5 score=50.04 conf=0.86
2026-08-02 01:01:48,391 [INFO]   - login_hour_rarity: raw=0.00 score=0.00
2026-08-02 01:01:48,391 [INFO]   - geolocation_rarity: raw=0.00 score=0.00
2026-08-02 01:01:48,391 [INFO]   - endpoint_set_rarity: raw=0.00 score=0.00
2026-08-02 01:01:48,391 [INFO]   - process_name_rarity: raw=0.03 score=0.04
2026-08-02 01:01:48,391 [INFO]   - command_line_embedding_similarity: raw=1.00 score=50.00
2026-08-02 01:01:48,391 [INFO]   - total_volume_delta: raw=3.11 score=0.00
2026-08-02 01:01:48,391 [INFO]   - drift_alert: raw=0.00 score=0.00
2026-08-02 01:01:49,453 [INFO] ANOMALY DETECTED: entity=user_engineer_2 score=85.06 conf=0.81
2026-08-02 01:01:49,453 [INFO]   - login_hour_rarity: raw=0.00 score=0.00
2026-08-02 01:01:49,453 [INFO]   - geolocation_rarity: raw=0.00 score=0.00
2026-08-02 01:01:49,453 [INFO]   - endpoint_set_rarity: raw=0.00 score=0.00
2026-08-02 01:01:49,454 [INFO]   - process_name_rarity: raw=0.02 score=0.03
2026-08-02 01:01:49,454 [INFO]   - command_line_embedding_similarity: raw=1.00 score=50.00
2026-08-02 01:01:49,454 [INFO]   - total_volume_delta: raw=2.89 score=0.00
2026-08-02 01:01:49,454 [INFO]   - drift_alert: raw=1.75 score=35.03
2026-08-02 01:01:49,472 [INFO] ANOMALY DETECTED: entity=user_engineer_12 score=50.04 conf=0.85
2026-08-02 01:01:49,472 [INFO]   - login_hour_rarity: raw=0.00 score=0.00
2026-08-02 01:01:49,472 [INFO]   - geolocation_rarity: raw=0.00 score=0.00
2026-08-02 01:01:49,472 [INFO]   - endpoint_set_rarity: raw=0.00 score=0.00
2026-08-02 01:01:49,472 [INFO]   - process_name_rarity: raw=0.03 score=0.04
2026-08-02 01:01:49,472 [INFO]   - command_line_embedding_similarity: raw=1.00 score=50.00
2026-08-02 01:01:49,472 [INFO]   - total_volume_delta: raw=4.00 score=0.00
2026-08-02 01:01:49,472 [INFO]   - drift_alert: raw=0.00 score=0.00
2026-08-02 01:01:49,488 [INFO] ANOMALY DETECTED: entity=user_finance_14 score=50.00 conf=0.85
2026-08-02 01:01:49,488 [INFO]   - login_hour_rarity: raw=0.00 score=0.00
2026-08-02 01:01:49,488 [INFO]   - geolocation_rarity: raw=0.00 score=0.00
2026-08-02 01:01:49,488 [INFO]   - endpoint_set_rarity: raw=0.00 score=0.00
2026-08-02 01:01:49,488 [INFO]   - process_name_rarity: raw=0.00 score=0.00
2026-08-02 01:01:49,488 [INFO]   - command_line_embedding_similarity: raw=0.25 score=0.00
2026-08-02 01:01:49,488 [INFO]   - total_volume_delta: raw=3.42 score=0.00
2026-08-02 01:01:49,488 [INFO]   - drift_alert: raw=4.75 score=50.00
2026-08-02 01:01:50,482 [INFO] ANOMALY DETECTED: entity=user_finance_12 score=51.80 conf=0.84
2026-08-02 01:01:50,482 [INFO]   - login_hour_rarity: raw=0.00 score=0.00
2026-08-02 01:01:50,482 [INFO]   - geolocation_rarity: raw=0.00 score=0.00
2026-08-02 01:01:50,482 [INFO]   - endpoint_set_rarity: raw=0.00 score=0.00
2026-08-02 01:01:50,482 [INFO]   - process_name_rarity: raw=0.03 score=0.04
2026-08-02 01:01:50,482 [INFO]   - command_line_embedding_similarity: raw=1.00 score=50.00
2026-08-02 01:01:50,482 [INFO]   - total_volume_delta: raw=2.37 score=0.00
2026-08-02 01:01:50,482 [INFO]   - drift_alert: raw=0.09 score=1.76
2026-08-02 01:01:50,497 [INFO] ANOMALY DETECTED: entity=user_finance_14 score=100.04 conf=0.85
2026-08-02 01:01:50,497 [INFO]   - login_hour_rarity: raw=0.00 score=0.00
2026-08-02 01:01:50,497 [INFO]   - geolocation_rarity: raw=0.00 score=0.00
2026-08-02 01:01:50,497 [INFO]   - endpoint_set_rarity: raw=0.00 score=0.00
2026-08-02 01:01:50,497 [INFO]   - process_name_rarity: raw=0.03 score=0.04
2026-08-02 01:01:50,497 [INFO]   - command_line_embedding_similarity: raw=1.00 score=50.00
2026-08-02 01:01:50,497 [INFO]   - total_volume_delta: raw=3.42 score=0.00
2026-08-02 01:01:50,497 [INFO]   - drift_alert: raw=4.75 score=50.00
2026-08-02 01:01:51,142 [INFO] ANOMALY DETECTED: entity=user_engineer_7 score=50.00 conf=0.82
2026-08-02 01:01:51,143 [INFO]   - login_hour_rarity: raw=0.00 score=0.00
2026-08-02 01:01:51,143 [INFO]   - geolocation_rarity: raw=0.00 score=0.00
2026-08-02 01:01:51,143 [INFO]   - endpoint_set_rarity: raw=0.00 score=0.00
2026-08-02 01:01:51,143 [INFO]   - process_name_rarity: raw=0.00 score=0.00
2026-08-02 01:01:51,143 [INFO]   - command_line_embedding_similarity: raw=0.17 score=0.00
2026-08-02 01:01:51,143 [INFO]   - total_volume_delta: raw=2.12 score=0.00
2026-08-02 01:01:51,143 [INFO]   - drift_alert: raw=5.53 score=50.00
2026-08-02 01:01:52,181 [INFO] ANOMALY DETECTED: entity=user_finance_14 score=50.00 conf=0.85
2026-08-02 01:01:52,181 [INFO]   - login_hour_rarity: raw=0.00 score=0.00
2026-08-02 01:01:52,181 [INFO]   - geolocation_rarity: raw=0.00 score=0.00
2026-08-02 01:01:52,181 [INFO]   - endpoint_set_rarity: raw=0.00 score=0.00
2026-08-02 01:01:52,181 [INFO]   - process_name_rarity: raw=0.00 score=0.00
2026-08-02 01:01:52,181 [INFO]   - command_line_embedding_similarity: raw=0.27 score=0.00
2026-08-02 01:01:52,181 [INFO]   - total_volume_delta: raw=3.42 score=0.00
2026-08-02 01:01:52,182 [INFO]   - drift_alert: raw=4.75 score=50.00
2026-08-02 01:01:52,721 [INFO] ANOMALY DETECTED: entity=user_hr_12 score=50.04 conf=0.85
2026-08-02 01:01:52,721 [INFO]   - login_hour_rarity: raw=0.00 score=0.00
2026-08-02 01:01:52,721 [INFO]   - geolocation_rarity: raw=0.00 score=0.00
2026-08-02 01:01:52,721 [INFO]   - endpoint_set_rarity: raw=0.00 score=0.00
2026-08-02 01:01:52,721 [INFO]   - process_name_rarity: raw=0.03 score=0.04
2026-08-02 01:01:52,722 [INFO]   - command_line_embedding_similarity: raw=1.00 score=50.00
2026-08-02 01:01:52,722 [INFO]   - total_volume_delta: raw=3.19 score=0.00
2026-08-02 01:01:52,722 [INFO]   - drift_alert: raw=0.00 score=0.00
2026-08-02 01:01:52,738 [INFO] ANOMALY DETECTED: entity=user_finance_5 score=50.00 conf=0.82
2026-08-02 01:01:52,738 [INFO]   - login_hour_rarity: raw=0.00 score=0.00
2026-08-02 01:01:52,738 [INFO]   - geolocation_rarity: raw=0.00 score=0.00
2026-08-02 01:01:52,738 [INFO]   - endpoint_set_rarity: raw=0.00 score=0.00
2026-08-02 01:01:52,738 [INFO]   - process_name_rarity: raw=0.00 score=0.00
2026-08-02 01:01:52,738 [INFO]   - command_line_embedding_similarity: raw=0.19 score=0.00
2026-08-02 01:01:52,738 [INFO]   - total_volume_delta: raw=3.46 score=0.00
2026-08-02 01:01:52,738 [INFO]   - drift_alert: raw=8.11 score=50.00
2026-08-02 01:01:52,758 [INFO] ANOMALY DETECTED: entity=user_finance_11 score=50.06 conf=0.87
2026-08-02 01:01:52,758 [INFO]   - login_hour_rarity: raw=0.00 score=0.00
2026-08-02 01:01:52,758 [INFO]   - geolocation_rarity: raw=0.00 score=0.00
2026-08-02 01:01:52,758 [INFO]   - endpoint_set_rarity: raw=0.00 score=0.00
2026-08-02 01:01:52,758 [INFO]   - process_name_rarity: raw=0.04 score=0.06
2026-08-02 01:01:52,758 [INFO]   - command_line_embedding_similarity: raw=1.00 score=50.00
2026-08-02 01:01:52,758 [INFO]   - total_volume_delta: raw=3.04 score=0.00
2026-08-02 01:01:52,758 [INFO]   - drift_alert: raw=0.00 score=0.00
2026-08-02 01:01:53,294 [INFO] ANOMALY DETECTED: entity=user_engineer_1 score=50.00 conf=0.86
2026-08-02 01:01:53,294 [INFO]   - login_hour_rarity: raw=0.00 score=0.00
2026-08-02 01:01:53,294 [INFO]   - geolocation_rarity: raw=0.00 score=0.00
2026-08-02 01:01:53,294 [INFO]   - endpoint_set_rarity: raw=0.00 score=0.00
2026-08-02 01:01:53,294 [INFO]   - process_name_rarity: raw=0.00 score=0.00
2026-08-02 01:01:53,294 [INFO]   - command_line_embedding_similarity: raw=0.19 score=0.00
2026-08-02 01:01:53,294 [INFO]   - total_volume_delta: raw=3.50 score=0.00
2026-08-02 01:01:53,294 [INFO]   - drift_alert: raw=3.15 score=50.00
2026-08-02 01:01:53,785 [INFO] ANOMALY DETECTED: entity=user_engineer_1 score=50.00 conf=0.86
2026-08-02 01:01:53,785 [INFO]   - login_hour_rarity: raw=0.00 score=0.00
2026-08-02 01:01:53,785 [INFO]   - geolocation_rarity: raw=0.00 score=0.00
2026-08-02 01:01:53,785 [INFO]   - endpoint_set_rarity: raw=0.00 score=0.00
2026-08-02 01:01:53,785 [INFO]   - process_name_rarity: raw=0.00 score=0.00
2026-08-02 01:01:53,785 [INFO]   - command_line_embedding_similarity: raw=0.26 score=0.00
2026-08-02 01:01:53,785 [INFO]   - total_volume_delta: raw=3.50 score=0.00
2026-08-02 01:01:53,785 [INFO]   - drift_alert: raw=3.15 score=50.00
2026-08-02 01:01:53,805 [INFO] ANOMALY DETECTED: entity=user_hr_14 score=50.00 conf=0.84
2026-08-02 01:01:53,806 [INFO]   - login_hour_rarity: raw=0.00 score=0.00
2026-08-02 01:01:53,806 [INFO]   - geolocation_rarity: raw=0.00 score=0.00
2026-08-02 01:01:53,806 [INFO]   - endpoint_set_rarity: raw=0.00 score=0.00
2026-08-02 01:01:53,806 [INFO]   - process_name_rarity: raw=0.00 score=0.00
2026-08-02 01:01:53,806 [INFO]   - command_line_embedding_similarity: raw=0.21 score=0.00
2026-08-02 01:01:53,806 [INFO]   - total_volume_delta: raw=4.95 score=0.00
2026-08-02 01:01:53,806 [INFO]   - drift_alert: raw=5.51 score=50.00
2026-08-02 01:01:57,859 [INFO] ANOMALY DETECTED: entity=user_hr_1 score=96.54 conf=0.84
2026-08-02 01:01:57,859 [INFO]   - login_hour_rarity: raw=0.00 score=0.00
2026-08-02 01:01:57,859 [INFO]   - geolocation_rarity: raw=0.00 score=0.00
2026-08-02 01:01:57,859 [INFO]   - endpoint_set_rarity: raw=0.00 score=0.00
2026-08-02 01:01:57,859 [INFO]   - process_name_rarity: raw=0.02 score=0.02
2026-08-02 01:01:57,859 [INFO]   - command_line_embedding_similarity: raw=1.00 score=50.00
2026-08-02 01:01:57,859 [INFO]   - total_volume_delta: raw=3.35 score=0.00
2026-08-02 01:01:57,859 [INFO]   - drift_alert: raw=2.33 score=46.52
2026-08-02 01:01:57,879 [INFO] ANOMALY DETECTED: entity=user_hr_6 score=91.27 conf=0.85
2026-08-02 01:01:57,879 [INFO]   - login_hour_rarity: raw=0.00 score=0.00
2026-08-02 01:01:57,879 [INFO]   - geolocation_rarity: raw=0.00 score=0.00
2026-08-02 01:01:57,879 [INFO]   - endpoint_set_rarity: raw=0.00 score=0.00
2026-08-02 01:01:57,879 [INFO]   - process_name_rarity: raw=0.02 score=0.04
2026-08-02 01:01:57,879 [INFO]   - command_line_embedding_similarity: raw=1.00 score=50.00
2026-08-02 01:01:57,879 [INFO]   - total_volume_delta: raw=3.04 score=0.00
2026-08-02 01:01:57,879 [INFO]   - drift_alert: raw=2.06 score=41.24
2026-08-02 01:02:00,522 [WARNING] point_baseline_shadow_fallback entity_id=svc_backup_3 as_of=2026-01-05 09:51:00 active_shadow_count=0
2026-08-02 01:02:00,523 [INFO] ANOMALY DETECTED: entity=svc_backup_3 score=50.00 conf=0.83
2026-08-02 01:02:00,523 [INFO]   - login_hour_rarity: raw=0.00 score=0.00
2026-08-02 01:02:00,523 [INFO]   - geolocation_rarity: raw=0.00 score=0.00
2026-08-02 01:02:00,523 [INFO]   - endpoint_set_rarity: raw=0.00 score=0.00
2026-08-02 01:02:00,523 [INFO]   - process_name_rarity: raw=0.00 score=0.00
2026-08-02 01:02:00,523 [INFO]   - command_line_embedding_similarity: raw=0.00 score=0.00
2026-08-02 01:02:00,523 [INFO]   - total_volume_delta: raw=3.63 score=0.00
2026-08-02 01:02:00,524 [INFO]   - drift_alert: raw=2.66 score=50.00
2026-08-02 01:02:00,524 [INFO]   - service_account_execution_frequency_deviation: raw=0.00 score=0.00
2026-08-02 01:02:01,258 [INFO] ANOMALY DETECTED: entity=user_finance_5 score=50.00 conf=0.82
2026-08-02 01:02:01,258 [INFO]   - login_hour_rarity: raw=0.00 score=0.00
2026-08-02 01:02:01,258 [INFO]   - geolocation_rarity: raw=0.00 score=0.00
2026-08-02 01:02:01,258 [INFO]   - endpoint_set_rarity: raw=0.00 score=0.00
2026-08-02 01:02:01,258 [INFO]   - process_name_rarity: raw=0.00 score=0.00
2026-08-02 01:02:01,258 [INFO]   - command_line_embedding_similarity: raw=0.42 score=0.00
2026-08-02 01:02:01,258 [INFO]   - total_volume_delta: raw=3.46 score=0.00
2026-08-02 01:02:01,258 [INFO]   - drift_alert: raw=8.11 score=50.00
2026-08-02 01:02:01,278 [INFO] ANOMALY DETECTED: entity=user_finance_14 score=50.00 conf=0.85
2026-08-02 01:02:01,278 [INFO]   - login_hour_rarity: raw=0.00 score=0.00
2026-08-02 01:02:01,278 [INFO]   - geolocation_rarity: raw=0.00 score=0.00
2026-08-02 01:02:01,278 [INFO]   - endpoint_set_rarity: raw=0.00 score=0.00
2026-08-02 01:02:01,278 [INFO]   - process_name_rarity: raw=0.00 score=0.00
2026-08-02 01:02:01,279 [INFO]   - command_line_embedding_similarity: raw=0.31 score=0.00
2026-08-02 01:02:01,279 [INFO]   - total_volume_delta: raw=3.42 score=0.00
2026-08-02 01:02:01,279 [INFO]   - drift_alert: raw=4.75 score=50.00
2026-08-02 01:02:02,330 [INFO] ANOMALY DETECTED: entity=user_hr_7 score=50.00 conf=0.87
2026-08-02 01:02:02,330 [INFO]   - login_hour_rarity: raw=0.00 score=0.00
2026-08-02 01:02:02,330 [INFO]   - geolocation_rarity: raw=0.00 score=0.00
2026-08-02 01:02:02,330 [INFO]   - endpoint_set_rarity: raw=0.00 score=0.00
2026-08-02 01:02:02,330 [INFO]   - process_name_rarity: raw=0.00 score=0.00
2026-08-02 01:02:02,330 [INFO]   - command_line_embedding_similarity: raw=0.34 score=0.00
2026-08-02 01:02:02,330 [INFO]   - total_volume_delta: raw=2.89 score=0.00
2026-08-02 01:02:02,330 [INFO]   - drift_alert: raw=4.79 score=50.00
2026-08-02 01:02:04,061 [INFO] ANOMALY DETECTED: entity=user_finance_5 score=50.00 conf=0.82
2026-08-02 01:02:04,061 [INFO]   - login_hour_rarity: raw=0.00 score=0.00
2026-08-02 01:02:04,061 [INFO]   - geolocation_rarity: raw=0.00 score=0.00
2026-08-02 01:02:04,061 [INFO]   - endpoint_set_rarity: raw=0.00 score=0.00
2026-08-02 01:02:04,061 [INFO]   - process_name_rarity: raw=0.00 score=0.00
2026-08-02 01:02:04,061 [INFO]   - command_line_embedding_similarity: raw=0.18 score=0.00
2026-08-02 01:02:04,061 [INFO]   - total_volume_delta: raw=3.46 score=0.00
2026-08-02 01:02:04,061 [INFO]   - drift_alert: raw=8.11 score=50.00
2026-08-02 01:02:04,631 [INFO] ANOMALY DETECTED: entity=user_engineer_1 score=50.00 conf=0.86
2026-08-02 01:02:04,632 [INFO]   - login_hour_rarity: raw=0.00 score=0.00
2026-08-02 01:02:04,632 [INFO]   - geolocation_rarity: raw=0.00 score=0.00
2026-08-02 01:02:04,632 [INFO]   - endpoint_set_rarity: raw=0.00 score=0.00
2026-08-02 01:02:04,632 [INFO]   - process_name_rarity: raw=0.00 score=0.00
2026-08-02 01:02:04,632 [INFO]   - command_line_embedding_similarity: raw=0.26 score=0.00
2026-08-02 01:02:04,632 [INFO]   - total_volume_delta: raw=3.50 score=0.00
2026-08-02 01:02:04,632 [INFO]   - drift_alert: raw=3.15 score=50.00
2026-08-02 01:02:04,652 [INFO] ANOMALY DETECTED: entity=user_engineer_9 score=50.00 conf=0.84
2026-08-02 01:02:04,653 [INFO]   - login_hour_rarity: raw=0.00 score=0.00
2026-08-02 01:02:04,653 [INFO]   - geolocation_rarity: raw=0.00 score=0.00
2026-08-02 01:02:04,653 [INFO]   - endpoint_set_rarity: raw=0.00 score=0.00
2026-08-02 01:02:04,653 [INFO]   - process_name_rarity: raw=0.00 score=0.00
2026-08-02 01:02:04,653 [INFO]   - command_line_embedding_similarity: raw=0.21 score=0.00
2026-08-02 01:02:04,653 [INFO]   - total_volume_delta: raw=3.58 score=0.00
2026-08-02 01:02:04,653 [INFO]   - drift_alert: raw=4.61 score=50.00
2026-08-02 01:02:07,402 [INFO] ANOMALY DETECTED: entity=user_engineer_7 score=53.02 conf=0.82
2026-08-02 01:02:07,402 [INFO]   - login_hour_rarity: raw=0.00 score=0.00
2026-08-02 01:02:07,402 [INFO]   - geolocation_rarity: raw=0.00 score=0.00
2026-08-02 01:02:07,402 [INFO]   - endpoint_set_rarity: raw=0.00 score=0.00
2026-08-02 01:02:07,402 [INFO]   - process_name_rarity: raw=0.00 score=0.00
2026-08-02 01:02:07,403 [INFO]   - command_line_embedding_similarity: raw=0.53 score=3.02
2026-08-02 01:02:07,403 [INFO]   - total_volume_delta: raw=2.12 score=0.00
2026-08-02 01:02:07,403 [INFO]   - drift_alert: raw=5.53 score=50.00
2026-08-02 01:02:07,981 [INFO] ANOMALY DETECTED: entity=user_hr_1 score=96.54 conf=0.84
2026-08-02 01:02:07,981 [INFO]   - login_hour_rarity: raw=0.00 score=0.00
2026-08-02 01:02:07,981 [INFO]   - geolocation_rarity: raw=0.00 score=0.00
2026-08-02 01:02:07,981 [INFO]   - endpoint_set_rarity: raw=0.00 score=0.00
2026-08-02 01:02:07,981 [INFO]   - process_name_rarity: raw=0.02 score=0.02
2026-08-02 01:02:07,981 [INFO]   - command_line_embedding_similarity: raw=1.00 score=50.00
2026-08-02 01:02:07,981 [INFO]   - total_volume_delta: raw=3.35 score=0.00
2026-08-02 01:02:07,981 [INFO]   - drift_alert: raw=2.33 score=46.52
2026-08-02 01:02:08,000 [INFO] ANOMALY DETECTED: entity=user_hr_10 score=51.71 conf=0.86
2026-08-02 01:02:08,000 [INFO]   - login_hour_rarity: raw=0.00 score=0.00
2026-08-02 01:02:08,000 [INFO]   - geolocation_rarity: raw=0.00 score=0.00
2026-08-02 01:02:08,000 [INFO]   - endpoint_set_rarity: raw=0.00 score=0.00
2026-08-02 01:02:08,000 [INFO]   - process_name_rarity: raw=0.04 score=0.06
2026-08-02 01:02:08,000 [INFO]   - command_line_embedding_similarity: raw=1.00 score=50.00
2026-08-02 01:02:08,000 [INFO]   - total_volume_delta: raw=2.77 score=0.00
2026-08-02 01:02:08,000 [INFO]   - drift_alert: raw=0.08 score=1.65
2026-08-02 01:02:08,625 [INFO] ANOMALY DETECTED: entity=user_hr_7 score=50.00 conf=0.87
2026-08-02 01:02:08,625 [INFO]   - login_hour_rarity: raw=0.00 score=0.00
2026-08-02 01:02:08,625 [INFO]   - geolocation_rarity: raw=0.00 score=0.00
2026-08-02 01:02:08,625 [INFO]   - endpoint_set_rarity: raw=0.00 score=0.00
2026-08-02 01:02:08,625 [INFO]   - process_name_rarity: raw=0.00 score=0.00
2026-08-02 01:02:08,625 [INFO]   - command_line_embedding_similarity: raw=0.43 score=0.00
2026-08-02 01:02:08,625 [INFO]   - total_volume_delta: raw=2.89 score=0.00
2026-08-02 01:02:08,626 [INFO]   - drift_alert: raw=4.79 score=50.00
2026-08-02 01:02:10,822 [INFO] ANOMALY DETECTED: entity=user_finance_14 score=50.00 conf=0.85
2026-08-02 01:02:10,822 [INFO]   - login_hour_rarity: raw=0.00 score=0.00
2026-08-02 01:02:10,822 [INFO]   - geolocation_rarity: raw=0.00 score=0.00
2026-08-02 01:02:10,822 [INFO]   - endpoint_set_rarity: raw=0.00 score=0.00
2026-08-02 01:02:10,822 [INFO]   - process_name_rarity: raw=0.00 score=0.00
2026-08-02 01:02:10,822 [INFO]   - command_line_embedding_similarity: raw=0.20 score=0.00
2026-08-02 01:02:10,822 [INFO]   - total_volume_delta: raw=3.42 score=0.00
2026-08-02 01:02:10,822 [INFO]   - drift_alert: raw=4.75 score=50.00
2026-08-02 01:02:12,435 [INFO] ANOMALY DETECTED: entity=user_finance_14 score=100.04 conf=0.85
2026-08-02 01:02:12,436 [INFO]   - login_hour_rarity: raw=0.00 score=0.00
2026-08-02 01:02:12,436 [INFO]   - geolocation_rarity: raw=0.00 score=0.00
2026-08-02 01:02:12,436 [INFO]   - endpoint_set_rarity: raw=0.00 score=0.00
2026-08-02 01:02:12,436 [INFO]   - process_name_rarity: raw=0.03 score=0.04
2026-08-02 01:02:12,436 [INFO]   - command_line_embedding_similarity: raw=1.00 score=50.00
2026-08-02 01:02:12,436 [INFO]   - total_volume_delta: raw=3.42 score=0.00
2026-08-02 01:02:12,436 [INFO]   - drift_alert: raw=4.75 score=50.00
2026-08-02 01:02:12,961 [INFO] ANOMALY DETECTED: entity=user_hr_10 score=51.71 conf=0.86
2026-08-02 01:02:12,961 [INFO]   - login_hour_rarity: raw=0.00 score=0.00
2026-08-02 01:02:12,961 [INFO]   - geolocation_rarity: raw=0.00 score=0.00
2026-08-02 01:02:12,961 [INFO]   - endpoint_set_rarity: raw=0.00 score=0.00
2026-08-02 01:02:12,961 [INFO]   - process_name_rarity: raw=0.04 score=0.06
2026-08-02 01:02:12,961 [INFO]   - command_line_embedding_similarity: raw=1.00 score=50.00
2026-08-02 01:02:12,962 [INFO]   - total_volume_delta: raw=2.77 score=0.00
2026-08-02 01:02:12,962 [INFO]   - drift_alert: raw=0.08 score=1.65
2026-08-02 01:02:13,495 [INFO] ANOMALY DETECTED: entity=user_engineer_7 score=53.02 conf=0.82
2026-08-02 01:02:13,495 [INFO]   - login_hour_rarity: raw=0.00 score=0.00
2026-08-02 01:02:13,495 [INFO]   - geolocation_rarity: raw=0.00 score=0.00
2026-08-02 01:02:13,495 [INFO]   - endpoint_set_rarity: raw=0.00 score=0.00
2026-08-02 01:02:13,495 [INFO]   - process_name_rarity: raw=0.00 score=0.00
2026-08-02 01:02:13,495 [INFO]   - command_line_embedding_similarity: raw=0.53 score=3.02
2026-08-02 01:02:13,495 [INFO]   - total_volume_delta: raw=2.12 score=0.00
2026-08-02 01:02:13,496 [INFO]   - drift_alert: raw=5.53 score=50.00
2026-08-02 01:02:13,526 [INFO] ANOMALY DETECTED: entity=user_hr_14 score=50.00 conf=0.84
2026-08-02 01:02:13,526 [INFO]   - login_hour_rarity: raw=0.00 score=0.00
2026-08-02 01:02:13,526 [INFO]   - geolocation_rarity: raw=0.00 score=0.00
2026-08-02 01:02:13,526 [INFO]   - endpoint_set_rarity: raw=0.00 score=0.00
2026-08-02 01:02:13,526 [INFO]   - process_name_rarity: raw=0.00 score=0.00
2026-08-02 01:02:13,526 [INFO]   - command_line_embedding_similarity: raw=0.21 score=0.00
2026-08-02 01:02:13,526 [INFO]   - total_volume_delta: raw=4.95 score=0.00
2026-08-02 01:02:13,526 [INFO]   - drift_alert: raw=5.51 score=50.00
2026-08-02 01:02:15,774 [INFO] ANOMALY DETECTED: entity=user_engineer_7 score=50.00 conf=0.82
2026-08-02 01:02:15,774 [INFO]   - login_hour_rarity: raw=0.00 score=0.00
2026-08-02 01:02:15,774 [INFO]   - geolocation_rarity: raw=0.00 score=0.00
2026-08-02 01:02:15,774 [INFO]   - endpoint_set_rarity: raw=0.00 score=0.00
2026-08-02 01:02:15,774 [INFO]   - process_name_rarity: raw=0.00 score=0.00
2026-08-02 01:02:15,774 [INFO]   - command_line_embedding_similarity: raw=0.37 score=0.00
2026-08-02 01:02:15,774 [INFO]   - total_volume_delta: raw=2.12 score=0.00
2026-08-02 01:02:15,774 [INFO]   - drift_alert: raw=5.53 score=50.00
2026-08-02 01:02:15,806 [INFO] ANOMALY DETECTED: entity=user_finance_9 score=50.05 conf=0.85
2026-08-02 01:02:15,806 [INFO]   - login_hour_rarity: raw=0.00 score=0.00
2026-08-02 01:02:15,806 [INFO]   - geolocation_rarity: raw=0.00 score=0.00
2026-08-02 01:02:15,806 [INFO]   - endpoint_set_rarity: raw=0.00 score=0.00
2026-08-02 01:02:15,806 [INFO]   - process_name_rarity: raw=0.04 score=0.05
2026-08-02 01:02:15,807 [INFO]   - command_line_embedding_similarity: raw=1.00 score=50.00
2026-08-02 01:02:15,807 [INFO]   - total_volume_delta: raw=3.48 score=0.00
2026-08-02 01:02:15,807 [INFO]   - drift_alert: raw=0.00 score=0.00
2026-08-02 01:02:16,523 [INFO] ANOMALY DETECTED: entity=user_finance_12 score=65.08 conf=0.84
2026-08-02 01:02:16,523 [INFO]   - login_hour_rarity: raw=0.00 score=0.00
2026-08-02 01:02:16,523 [INFO]   - geolocation_rarity: raw=0.00 score=0.00
2026-08-02 01:02:16,523 [INFO]   - endpoint_set_rarity: raw=0.00 score=0.00
2026-08-02 01:02:16,523 [INFO]   - process_name_rarity: raw=0.03 score=0.04
2026-08-02 01:02:16,523 [INFO]   - command_line_embedding_similarity: raw=1.00 score=50.00
2026-08-02 01:02:16,523 [INFO]   - total_volume_delta: raw=2.37 score=0.00
2026-08-02 01:02:16,523 [INFO]   - drift_alert: raw=0.75 score=15.04
2026-08-02 01:02:17,528 [INFO] ANOMALY DETECTED: entity=user_engineer_9 score=50.00 conf=0.84
2026-08-02 01:02:17,528 [INFO]   - login_hour_rarity: raw=0.00 score=0.00
2026-08-02 01:02:17,528 [INFO]   - geolocation_rarity: raw=0.00 score=0.00
2026-08-02 01:02:17,528 [INFO]   - endpoint_set_rarity: raw=0.00 score=0.00
2026-08-02 01:02:17,528 [INFO]   - process_name_rarity: raw=0.00 score=0.00
2026-08-02 01:02:17,528 [INFO]   - command_line_embedding_similarity: raw=0.40 score=0.00
2026-08-02 01:02:17,528 [INFO]   - total_volume_delta: raw=3.58 score=0.00
2026-08-02 01:02:17,528 [INFO]   - drift_alert: raw=4.61 score=50.00
2026-08-02 01:02:17,552 [INFO] ANOMALY DETECTED: entity=user_hr_6 score=91.27 conf=0.85
2026-08-02 01:02:17,552 [INFO]   - login_hour_rarity: raw=0.00 score=0.00
2026-08-02 01:02:17,552 [INFO]   - geolocation_rarity: raw=0.00 score=0.00
2026-08-02 01:02:17,552 [INFO]   - endpoint_set_rarity: raw=0.00 score=0.00
2026-08-02 01:02:17,552 [INFO]   - process_name_rarity: raw=0.02 score=0.04
2026-08-02 01:02:17,552 [INFO]   - command_line_embedding_similarity: raw=1.00 score=50.00
2026-08-02 01:02:17,552 [INFO]   - total_volume_delta: raw=3.04 score=0.00
2026-08-02 01:02:17,552 [INFO]   - drift_alert: raw=2.06 score=41.24
2026-08-02 01:02:18,167 [INFO] ANOMALY DETECTED: entity=user_finance_7 score=46.60 conf=0.88
2026-08-02 01:02:18,167 [INFO]   - login_hour_rarity: raw=0.00 score=0.00
2026-08-02 01:02:18,167 [INFO]   - geolocation_rarity: raw=0.00 score=0.00
2026-08-02 01:02:18,167 [INFO]   - endpoint_set_rarity: raw=0.00 score=0.00
2026-08-02 01:02:18,167 [INFO]   - process_name_rarity: raw=0.00 score=0.00
2026-08-02 01:02:18,167 [INFO]   - command_line_embedding_similarity: raw=0.23 score=0.00
2026-08-02 01:02:18,167 [INFO]   - total_volume_delta: raw=2.32 score=0.00
2026-08-02 01:02:18,167 [INFO]   - drift_alert: raw=2.33 score=46.60
2026-08-02 01:02:18,704 [INFO] ANOMALY DETECTED: entity=user_finance_5 score=50.00 conf=0.82
2026-08-02 01:02:18,704 [INFO]   - login_hour_rarity: raw=0.00 score=0.00
2026-08-02 01:02:18,704 [INFO]   - geolocation_rarity: raw=0.00 score=0.00
2026-08-02 01:02:18,704 [INFO]   - endpoint_set_rarity: raw=0.00 score=0.00
2026-08-02 01:02:18,704 [INFO]   - process_name_rarity: raw=0.00 score=0.00
2026-08-02 01:02:18,704 [INFO]   - command_line_embedding_similarity: raw=0.35 score=0.00
2026-08-02 01:02:18,704 [INFO]   - total_volume_delta: raw=3.46 score=0.00
2026-08-02 01:02:18,704 [INFO]   - drift_alert: raw=8.11 score=50.00
2026-08-02 01:02:19,270 [INFO] ANOMALY DETECTED: entity=user_engineer_1 score=50.00 conf=0.86
2026-08-02 01:02:19,270 [INFO]   - login_hour_rarity: raw=0.00 score=0.00
2026-08-02 01:02:19,270 [INFO]   - geolocation_rarity: raw=0.00 score=0.00
2026-08-02 01:02:19,270 [INFO]   - endpoint_set_rarity: raw=0.00 score=0.00
2026-08-02 01:02:19,270 [INFO]   - process_name_rarity: raw=0.00 score=0.00
2026-08-02 01:02:19,270 [INFO]   - command_line_embedding_similarity: raw=0.33 score=0.00
2026-08-02 01:02:19,270 [INFO]   - total_volume_delta: raw=3.50 score=0.00
2026-08-02 01:02:19,270 [INFO]   - drift_alert: raw=3.15 score=50.00
2026-08-02 01:02:19,318 [INFO] ANOMALY DETECTED: entity=user_finance_10 score=50.04 conf=0.85
2026-08-02 01:02:19,318 [INFO]   - login_hour_rarity: raw=0.00 score=0.00
2026-08-02 01:02:19,318 [INFO]   - geolocation_rarity: raw=0.00 score=0.00
2026-08-02 01:02:19,318 [INFO]   - endpoint_set_rarity: raw=0.00 score=0.00
2026-08-02 01:02:19,318 [INFO]   - process_name_rarity: raw=0.03 score=0.04
2026-08-02 01:02:19,318 [INFO]   - command_line_embedding_similarity: raw=1.00 score=50.00
2026-08-02 01:02:19,318 [INFO]   - total_volume_delta: raw=3.22 score=0.00
2026-08-02 01:02:19,318 [INFO]   - drift_alert: raw=0.00 score=0.00
2026-08-02 01:02:19,866 [INFO] ANOMALY DETECTED: entity=user_engineer_7 score=53.02 conf=0.82
2026-08-02 01:02:19,866 [INFO]   - login_hour_rarity: raw=0.00 score=0.00
2026-08-02 01:02:19,866 [INFO]   - geolocation_rarity: raw=0.00 score=0.00
2026-08-02 01:02:19,866 [INFO]   - endpoint_set_rarity: raw=0.00 score=0.00
2026-08-02 01:02:19,866 [INFO]   - process_name_rarity: raw=0.00 score=0.00
2026-08-02 01:02:19,866 [INFO]   - command_line_embedding_similarity: raw=0.53 score=3.02
2026-08-02 01:02:19,866 [INFO]   - total_volume_delta: raw=2.12 score=0.00
2026-08-02 01:02:19,866 [INFO]   - drift_alert: raw=5.53 score=50.00
2026-08-02 01:02:19,881 [INFO] ANOMALY DETECTED: entity=user_hr_14 score=50.00 conf=0.84
2026-08-02 01:02:19,881 [INFO]   - login_hour_rarity: raw=0.00 score=0.00
2026-08-02 01:02:19,881 [INFO]   - geolocation_rarity: raw=0.00 score=0.00
2026-08-02 01:02:19,881 [INFO]   - endpoint_set_rarity: raw=0.00 score=0.00
2026-08-02 01:02:19,881 [INFO]   - process_name_rarity: raw=0.00 score=0.00
2026-08-02 01:02:19,881 [INFO]   - command_line_embedding_similarity: raw=0.35 score=0.00
2026-08-02 01:02:19,881 [INFO]   - total_volume_delta: raw=4.95 score=0.00
2026-08-02 01:02:19,881 [INFO]   - drift_alert: raw=5.51 score=50.00
2026-08-02 01:02:20,978 [INFO] ANOMALY DETECTED: entity=user_finance_5 score=50.00 conf=0.82
2026-08-02 01:02:20,978 [INFO]   - login_hour_rarity: raw=0.00 score=0.00
2026-08-02 01:02:20,978 [INFO]   - geolocation_rarity: raw=0.00 score=0.00
2026-08-02 01:02:20,978 [INFO]   - endpoint_set_rarity: raw=0.00 score=0.00
2026-08-02 01:02:20,978 [INFO]   - process_name_rarity: raw=0.00 score=0.00
2026-08-02 01:02:20,978 [INFO]   - command_line_embedding_similarity: raw=0.13 score=0.00
2026-08-02 01:02:20,978 [INFO]   - total_volume_delta: raw=3.46 score=0.00
2026-08-02 01:02:20,978 [INFO]   - drift_alert: raw=8.11 score=50.00
2026-08-02 01:02:21,519 [INFO] ANOMALY DETECTED: entity=user_engineer_9 score=50.00 conf=0.84
2026-08-02 01:02:21,519 [INFO]   - login_hour_rarity: raw=0.00 score=0.00
2026-08-02 01:02:21,519 [INFO]   - geolocation_rarity: raw=0.00 score=0.00
2026-08-02 01:02:21,519 [INFO]   - endpoint_set_rarity: raw=0.00 score=0.00
2026-08-02 01:02:21,519 [INFO]   - process_name_rarity: raw=0.00 score=0.00
2026-08-02 01:02:21,519 [INFO]   - command_line_embedding_similarity: raw=0.30 score=0.00
2026-08-02 01:02:21,519 [INFO]   - total_volume_delta: raw=3.58 score=0.00
2026-08-02 01:02:21,519 [INFO]   - drift_alert: raw=4.61 score=50.00
2026-08-02 01:02:22,105 [INFO] ANOMALY DETECTED: entity=user_hr_7 score=50.00 conf=0.87
2026-08-02 01:02:22,105 [INFO]   - login_hour_rarity: raw=0.00 score=0.00
2026-08-02 01:02:22,105 [INFO]   - geolocation_rarity: raw=0.00 score=0.00
2026-08-02 01:02:22,105 [INFO]   - endpoint_set_rarity: raw=0.00 score=0.00
2026-08-02 01:02:22,105 [INFO]   - process_name_rarity: raw=0.00 score=0.00
2026-08-02 01:02:22,105 [INFO]   - command_line_embedding_similarity: raw=0.36 score=0.00
2026-08-02 01:02:22,105 [INFO]   - total_volume_delta: raw=2.89 score=0.00
2026-08-02 01:02:22,105 [INFO]   - drift_alert: raw=4.79 score=50.00
2026-08-02 01:02:23,482 [INFO] ANOMALY DETECTED: entity=user_finance_7 score=46.60 conf=0.88
2026-08-02 01:02:23,482 [INFO]   - login_hour_rarity: raw=0.00 score=0.00
2026-08-02 01:02:23,482 [INFO]   - geolocation_rarity: raw=0.00 score=0.00
2026-08-02 01:02:23,482 [INFO]   - endpoint_set_rarity: raw=0.00 score=0.00
2026-08-02 01:02:23,482 [INFO]   - process_name_rarity: raw=0.00 score=0.00
2026-08-02 01:02:23,482 [INFO]   - command_line_embedding_similarity: raw=0.18 score=0.00
2026-08-02 01:02:23,482 [INFO]   - total_volume_delta: raw=2.32 score=0.00
2026-08-02 01:02:23,482 [INFO]   - drift_alert: raw=2.33 score=46.60
2026-08-02 01:02:23,501 [INFO] ANOMALY DETECTED: entity=user_finance_10 score=50.04 conf=0.85
2026-08-02 01:02:23,501 [INFO]   - login_hour_rarity: raw=0.00 score=0.00
2026-08-02 01:02:23,501 [INFO]   - geolocation_rarity: raw=0.00 score=0.00
2026-08-02 01:02:23,501 [INFO]   - endpoint_set_rarity: raw=0.00 score=0.00
2026-08-02 01:02:23,501 [INFO]   - process_name_rarity: raw=0.03 score=0.04
2026-08-02 01:02:23,501 [INFO]   - command_line_embedding_similarity: raw=1.00 score=50.00
2026-08-02 01:02:23,501 [INFO]   - total_volume_delta: raw=3.22 score=0.00
2026-08-02 01:02:23,501 [INFO]   - drift_alert: raw=0.00 score=0.00
2026-08-02 01:02:24,602 [INFO] ANOMALY DETECTED: entity=user_hr_3 score=50.04 conf=0.83
2026-08-02 01:02:24,602 [INFO]   - login_hour_rarity: raw=0.00 score=0.00
2026-08-02 01:02:24,602 [INFO]   - geolocation_rarity: raw=0.00 score=0.00
2026-08-02 01:02:24,602 [INFO]   - endpoint_set_rarity: raw=0.00 score=0.00
2026-08-02 01:02:24,602 [INFO]   - process_name_rarity: raw=0.03 score=0.04
2026-08-02 01:02:24,602 [INFO]   - command_line_embedding_similarity: raw=1.00 score=50.00
2026-08-02 01:02:24,602 [INFO]   - total_volume_delta: raw=3.51 score=0.00
2026-08-02 01:02:24,602 [INFO]   - drift_alert: raw=0.00 score=0.00
2026-08-02 01:02:26,234 [INFO] ANOMALY DETECTED: entity=user_engineer_7 score=53.02 conf=0.82
2026-08-02 01:02:26,234 [INFO]   - login_hour_rarity: raw=0.00 score=0.00
2026-08-02 01:02:26,234 [INFO]   - geolocation_rarity: raw=0.00 score=0.00
2026-08-02 01:02:26,235 [INFO]   - endpoint_set_rarity: raw=0.00 score=0.00
2026-08-02 01:02:26,235 [INFO]   - process_name_rarity: raw=0.00 score=0.00
2026-08-02 01:02:26,235 [INFO]   - command_line_embedding_similarity: raw=0.53 score=3.02
2026-08-02 01:02:26,235 [INFO]   - total_volume_delta: raw=2.12 score=0.00
2026-08-02 01:02:26,235 [INFO]   - drift_alert: raw=5.53 score=50.00
2026-08-02 01:02:26,275 [INFO] ANOMALY DETECTED: entity=user_hr_7 score=100.05 conf=0.87
2026-08-02 01:02:26,275 [INFO]   - login_hour_rarity: raw=0.00 score=0.00
2026-08-02 01:02:26,275 [INFO]   - geolocation_rarity: raw=0.00 score=0.00
2026-08-02 01:02:26,275 [INFO]   - endpoint_set_rarity: raw=0.00 score=0.00
2026-08-02 01:02:26,275 [INFO]   - process_name_rarity: raw=0.03 score=0.05
2026-08-02 01:02:26,275 [INFO]   - command_line_embedding_similarity: raw=1.00 score=50.00
2026-08-02 01:02:26,275 [INFO]   - total_volume_delta: raw=2.89 score=0.00
2026-08-02 01:02:26,275 [INFO]   - drift_alert: raw=4.79 score=50.00
2026-08-02 01:02:26,292 [INFO] ANOMALY DETECTED: entity=user_hr_8 score=52.68 conf=0.85
2026-08-02 01:02:26,292 [INFO]   - login_hour_rarity: raw=0.00 score=0.00
2026-08-02 01:02:26,293 [INFO]   - geolocation_rarity: raw=0.00 score=0.00
2026-08-02 01:02:26,293 [INFO]   - endpoint_set_rarity: raw=0.00 score=0.00
2026-08-02 01:02:26,293 [INFO]   - process_name_rarity: raw=0.03 score=0.04
2026-08-02 01:02:26,293 [INFO]   - command_line_embedding_similarity: raw=1.00 score=50.00
2026-08-02 01:02:26,293 [INFO]   - total_volume_delta: raw=3.42 score=0.00
2026-08-02 01:02:26,293 [INFO]   - drift_alert: raw=0.13 score=2.64
2026-08-02 01:02:26,310 [INFO] ANOMALY DETECTED: entity=user_hr_14 score=100.04 conf=0.84
2026-08-02 01:02:26,310 [INFO]   - login_hour_rarity: raw=0.00 score=0.00
2026-08-02 01:02:26,310 [INFO]   - geolocation_rarity: raw=0.00 score=0.00
2026-08-02 01:02:26,310 [INFO]   - endpoint_set_rarity: raw=0.00 score=0.00
2026-08-02 01:02:26,310 [INFO]   - process_name_rarity: raw=0.02 score=0.04
2026-08-02 01:02:26,310 [INFO]   - command_line_embedding_similarity: raw=1.00 score=50.00
2026-08-02 01:02:26,310 [INFO]   - total_volume_delta: raw=4.95 score=0.00
2026-08-02 01:02:26,310 [INFO]   - drift_alert: raw=5.51 score=50.00
2026-08-02 01:02:27,955 [INFO] ANOMALY DETECTED: entity=user_finance_7 score=46.60 conf=0.88
2026-08-02 01:02:27,955 [INFO]   - login_hour_rarity: raw=0.00 score=0.00
2026-08-02 01:02:27,955 [INFO]   - geolocation_rarity: raw=0.00 score=0.00
2026-08-02 01:02:27,955 [INFO]   - endpoint_set_rarity: raw=0.00 score=0.00
2026-08-02 01:02:27,955 [INFO]   - process_name_rarity: raw=0.00 score=0.00
2026-08-02 01:02:27,955 [INFO]   - command_line_embedding_similarity: raw=0.20 score=0.00
2026-08-02 01:02:27,955 [INFO]   - total_volume_delta: raw=2.32 score=0.00
2026-08-02 01:02:27,955 [INFO]   - drift_alert: raw=2.33 score=46.60
2026-08-02 01:02:28,688 [INFO] ANOMALY DETECTED: entity=user_engineer_6 score=50.05 conf=0.85
2026-08-02 01:02:28,688 [INFO]   - login_hour_rarity: raw=0.00 score=0.00
2026-08-02 01:02:28,688 [INFO]   - geolocation_rarity: raw=0.00 score=0.00
2026-08-02 01:02:28,688 [INFO]   - endpoint_set_rarity: raw=0.00 score=0.00
2026-08-02 01:02:28,688 [INFO]   - process_name_rarity: raw=0.03 score=0.05
2026-08-02 01:02:28,688 [INFO]   - command_line_embedding_similarity: raw=1.00 score=50.00
2026-08-02 01:02:28,688 [INFO]   - total_volume_delta: raw=3.46 score=0.00
2026-08-02 01:02:28,688 [INFO]   - drift_alert: raw=0.00 score=0.00
2026-08-02 01:02:29,243 [INFO] ANOMALY DETECTED: entity=user_hr_1 score=46.52 conf=0.84
2026-08-02 01:02:29,243 [INFO]   - login_hour_rarity: raw=0.00 score=0.00
2026-08-02 01:02:29,243 [INFO]   - geolocation_rarity: raw=0.00 score=0.00
2026-08-02 01:02:29,244 [INFO]   - endpoint_set_rarity: raw=0.00 score=0.00
2026-08-02 01:02:29,244 [INFO]   - process_name_rarity: raw=0.00 score=0.00
2026-08-02 01:02:29,244 [INFO]   - command_line_embedding_similarity: raw=0.25 score=0.00
2026-08-02 01:02:29,244 [INFO]   - total_volume_delta: raw=3.35 score=0.00
2026-08-02 01:02:29,244 [INFO]   - drift_alert: raw=2.33 score=46.52
2026-08-02 01:02:30,930 [INFO] ANOMALY DETECTED: entity=user_engineer_2 score=85.06 conf=0.81
2026-08-02 01:02:30,930 [INFO]   - login_hour_rarity: raw=0.00 score=0.00
2026-08-02 01:02:30,930 [INFO]   - geolocation_rarity: raw=0.00 score=0.00
2026-08-02 01:02:30,930 [INFO]   - endpoint_set_rarity: raw=0.00 score=0.00
2026-08-02 01:02:30,930 [INFO]   - process_name_rarity: raw=0.02 score=0.03
2026-08-02 01:02:30,930 [INFO]   - command_line_embedding_similarity: raw=1.00 score=50.00
2026-08-02 01:02:30,931 [INFO]   - total_volume_delta: raw=2.89 score=0.00
2026-08-02 01:02:30,931 [INFO]   - drift_alert: raw=1.75 score=35.03
2026-08-02 01:02:31,979 [INFO] ANOMALY DETECTED: entity=user_engineer_7 score=53.02 conf=0.82
2026-08-02 01:02:31,979 [INFO]   - login_hour_rarity: raw=0.00 score=0.00
2026-08-02 01:02:31,979 [INFO]   - geolocation_rarity: raw=0.00 score=0.00
2026-08-02 01:02:31,979 [INFO]   - endpoint_set_rarity: raw=0.00 score=0.00
2026-08-02 01:02:31,979 [INFO]   - process_name_rarity: raw=0.00 score=0.00
2026-08-02 01:02:31,979 [INFO]   - command_line_embedding_similarity: raw=0.53 score=3.02
2026-08-02 01:02:31,979 [INFO]   - total_volume_delta: raw=2.12 score=0.00
2026-08-02 01:02:31,979 [INFO]   - drift_alert: raw=5.53 score=50.00
2026-08-02 01:02:33,496 [INFO] ANOMALY DETECTED: entity=user_engineer_7 score=50.00 conf=0.82
2026-08-02 01:02:33,496 [INFO]   - login_hour_rarity: raw=0.00 score=0.00
2026-08-02 01:02:33,496 [INFO]   - geolocation_rarity: raw=0.00 score=0.00
2026-08-02 01:02:33,496 [INFO]   - endpoint_set_rarity: raw=0.00 score=0.00
2026-08-02 01:02:33,496 [INFO]   - process_name_rarity: raw=0.00 score=0.00
2026-08-02 01:02:33,496 [INFO]   - command_line_embedding_similarity: raw=0.37 score=0.00
2026-08-02 01:02:33,496 [INFO]   - total_volume_delta: raw=2.12 score=0.00
2026-08-02 01:02:33,496 [INFO]   - drift_alert: raw=5.53 score=50.00
2026-08-02 01:02:34,229 [INFO] ANOMALY DETECTED: entity=user_hr_1 score=46.52 conf=0.84
2026-08-02 01:02:34,229 [INFO]   - login_hour_rarity: raw=0.00 score=0.00
2026-08-02 01:02:34,229 [INFO]   - geolocation_rarity: raw=0.00 score=0.00
2026-08-02 01:02:34,229 [INFO]   - endpoint_set_rarity: raw=0.00 score=0.00
2026-08-02 01:02:34,230 [INFO]   - process_name_rarity: raw=0.00 score=0.00
2026-08-02 01:02:34,230 [INFO]   - command_line_embedding_similarity: raw=0.32 score=0.00
2026-08-02 01:02:34,230 [INFO]   - total_volume_delta: raw=3.35 score=0.00
2026-08-02 01:02:34,230 [INFO]   - drift_alert: raw=2.33 score=46.52
2026-08-02 01:02:35,255 [INFO] ANOMALY DETECTED: entity=user_finance_5 score=50.00 conf=0.82
2026-08-02 01:02:35,255 [INFO]   - login_hour_rarity: raw=0.00 score=0.00
2026-08-02 01:02:35,255 [INFO]   - geolocation_rarity: raw=0.00 score=0.00
2026-08-02 01:02:35,255 [INFO]   - endpoint_set_rarity: raw=0.00 score=0.00
2026-08-02 01:02:35,256 [INFO]   - process_name_rarity: raw=0.00 score=0.00
2026-08-02 01:02:35,256 [INFO]   - command_line_embedding_similarity: raw=0.35 score=0.00
2026-08-02 01:02:35,256 [INFO]   - total_volume_delta: raw=3.46 score=0.00
2026-08-02 01:02:35,256 [INFO]   - drift_alert: raw=8.11 score=50.00
2026-08-02 01:02:35,762 [INFO] ANOMALY DETECTED: entity=user_engineer_7 score=50.00 conf=0.82
2026-08-02 01:02:35,762 [INFO]   - login_hour_rarity: raw=0.00 score=0.00
2026-08-02 01:02:35,762 [INFO]   - geolocation_rarity: raw=0.00 score=0.00
2026-08-02 01:02:35,762 [INFO]   - endpoint_set_rarity: raw=0.00 score=0.00
2026-08-02 01:02:35,762 [INFO]   - process_name_rarity: raw=0.00 score=0.00
2026-08-02 01:02:35,762 [INFO]   - command_line_embedding_similarity: raw=0.15 score=0.00
2026-08-02 01:02:35,762 [INFO]   - total_volume_delta: raw=2.12 score=0.00
2026-08-02 01:02:35,762 [INFO]   - drift_alert: raw=5.53 score=50.00
2026-08-02 01:02:37,357 [INFO] ANOMALY DETECTED: entity=user_engineer_1 score=50.00 conf=0.86
2026-08-02 01:02:37,358 [INFO]   - login_hour_rarity: raw=0.00 score=0.00
2026-08-02 01:02:37,358 [INFO]   - geolocation_rarity: raw=0.00 score=0.00
2026-08-02 01:02:37,358 [INFO]   - endpoint_set_rarity: raw=0.00 score=0.00
2026-08-02 01:02:37,358 [INFO]   - process_name_rarity: raw=0.00 score=0.00
2026-08-02 01:02:37,358 [INFO]   - command_line_embedding_similarity: raw=0.20 score=0.00
2026-08-02 01:02:37,358 [INFO]   - total_volume_delta: raw=3.50 score=0.00
2026-08-02 01:02:37,358 [INFO]   - drift_alert: raw=3.15 score=50.00
2026-08-02 01:02:37,376 [INFO] ANOMALY DETECTED: entity=user_finance_7 score=46.60 conf=0.88
2026-08-02 01:02:37,376 [INFO]   - login_hour_rarity: raw=0.00 score=0.00
2026-08-02 01:02:37,376 [INFO]   - geolocation_rarity: raw=0.00 score=0.00
2026-08-02 01:02:37,377 [INFO]   - endpoint_set_rarity: raw=0.00 score=0.00
2026-08-02 01:02:37,377 [INFO]   - process_name_rarity: raw=0.00 score=0.00
2026-08-02 01:02:37,377 [INFO]   - command_line_embedding_similarity: raw=0.20 score=0.00
2026-08-02 01:02:37,377 [INFO]   - total_volume_delta: raw=2.32 score=0.00
2026-08-02 01:02:37,377 [INFO]   - drift_alert: raw=2.33 score=46.60
2026-08-02 01:02:39,710 [INFO] ANOMALY DETECTED: entity=user_engineer_8 score=50.05 conf=0.86
2026-08-02 01:02:39,710 [INFO]   - login_hour_rarity: raw=0.00 score=0.00
2026-08-02 01:02:39,710 [INFO]   - geolocation_rarity: raw=0.00 score=0.00
2026-08-02 01:02:39,710 [INFO]   - endpoint_set_rarity: raw=0.00 score=0.00
2026-08-02 01:02:39,710 [INFO]   - process_name_rarity: raw=0.03 score=0.05
2026-08-02 01:02:39,710 [INFO]   - command_line_embedding_similarity: raw=1.00 score=50.00
2026-08-02 01:02:39,710 [INFO]   - total_volume_delta: raw=3.19 score=0.00
2026-08-02 01:02:39,710 [INFO]   - drift_alert: raw=0.00 score=0.00
2026-08-02 01:02:39,764 [INFO] ANOMALY DETECTED: entity=user_finance_14 score=50.00 conf=0.85
2026-08-02 01:02:39,764 [INFO]   - login_hour_rarity: raw=0.00 score=0.00
2026-08-02 01:02:39,764 [INFO]   - geolocation_rarity: raw=0.00 score=0.00
2026-08-02 01:02:39,764 [INFO]   - endpoint_set_rarity: raw=0.00 score=0.00
2026-08-02 01:02:39,764 [INFO]   - process_name_rarity: raw=0.00 score=0.00
2026-08-02 01:02:39,764 [INFO]   - command_line_embedding_similarity: raw=0.19 score=0.00
2026-08-02 01:02:39,764 [INFO]   - total_volume_delta: raw=3.42 score=0.00
2026-08-02 01:02:39,764 [INFO]   - drift_alert: raw=4.75 score=50.00
2026-08-02 01:02:40,331 [INFO] ANOMALY DETECTED: entity=user_finance_1 score=50.05 conf=0.86
2026-08-02 01:02:40,331 [INFO]   - login_hour_rarity: raw=0.00 score=0.00
2026-08-02 01:02:40,331 [INFO]   - geolocation_rarity: raw=0.00 score=0.00
2026-08-02 01:02:40,331 [INFO]   - endpoint_set_rarity: raw=0.00 score=0.00
2026-08-02 01:02:40,331 [INFO]   - process_name_rarity: raw=0.03 score=0.05
2026-08-02 01:02:40,332 [INFO]   - command_line_embedding_similarity: raw=1.00 score=50.00
2026-08-02 01:02:40,332 [INFO]   - total_volume_delta: raw=3.28 score=0.00
2026-08-02 01:02:40,332 [INFO]   - drift_alert: raw=0.00 score=0.00
2026-08-02 01:02:41,420 [INFO] ANOMALY DETECTED: entity=user_engineer_1 score=50.00 conf=0.86
2026-08-02 01:02:41,420 [INFO]   - login_hour_rarity: raw=0.00 score=0.00
2026-08-02 01:02:41,420 [INFO]   - geolocation_rarity: raw=0.00 score=0.00
2026-08-02 01:02:41,420 [INFO]   - endpoint_set_rarity: raw=0.00 score=0.00
2026-08-02 01:02:41,420 [INFO]   - process_name_rarity: raw=0.00 score=0.00
2026-08-02 01:02:41,420 [INFO]   - command_line_embedding_similarity: raw=0.20 score=0.00
2026-08-02 01:02:41,420 [INFO]   - total_volume_delta: raw=3.50 score=0.00
2026-08-02 01:02:41,420 [INFO]   - drift_alert: raw=3.15 score=50.00
2026-08-02 01:02:41,437 [INFO] ANOMALY DETECTED: entity=user_hr_1 score=46.52 conf=0.84
2026-08-02 01:02:41,437 [INFO]   - login_hour_rarity: raw=0.00 score=0.00
2026-08-02 01:02:41,437 [INFO]   - geolocation_rarity: raw=0.00 score=0.00
2026-08-02 01:02:41,437 [INFO]   - endpoint_set_rarity: raw=0.00 score=0.00
2026-08-02 01:02:41,438 [INFO]   - process_name_rarity: raw=0.00 score=0.00
2026-08-02 01:02:41,438 [INFO]   - command_line_embedding_similarity: raw=0.32 score=0.00
2026-08-02 01:02:41,438 [INFO]   - total_volume_delta: raw=3.35 score=0.00
2026-08-02 01:02:41,438 [INFO]   - drift_alert: raw=2.33 score=46.52
2026-08-02 01:02:41,982 [INFO] ANOMALY DETECTED: entity=user_hr_8 score=59.91 conf=0.85
2026-08-02 01:02:41,982 [INFO]   - login_hour_rarity: raw=0.00 score=0.00
2026-08-02 01:02:41,982 [INFO]   - geolocation_rarity: raw=0.00 score=0.00
2026-08-02 01:02:41,982 [INFO]   - endpoint_set_rarity: raw=0.00 score=0.00
2026-08-02 01:02:41,982 [INFO]   - process_name_rarity: raw=0.03 score=0.04
2026-08-02 01:02:41,982 [INFO]   - command_line_embedding_similarity: raw=1.00 score=50.00
2026-08-02 01:02:41,982 [INFO]   - total_volume_delta: raw=3.42 score=0.00
2026-08-02 01:02:41,982 [INFO]   - drift_alert: raw=0.49 score=9.87
2026-08-02 01:02:42,000 [INFO] ANOMALY DETECTED: entity=user_finance_6 score=50.06 conf=0.87
2026-08-02 01:02:42,000 [INFO]   - login_hour_rarity: raw=0.00 score=0.00
2026-08-02 01:02:42,000 [INFO]   - geolocation_rarity: raw=0.00 score=0.00
2026-08-02 01:02:42,000 [INFO]   - endpoint_set_rarity: raw=0.00 score=0.00
2026-08-02 01:02:42,000 [INFO]   - process_name_rarity: raw=0.04 score=0.06
2026-08-02 01:02:42,000 [INFO]   - command_line_embedding_similarity: raw=1.00 score=50.00
2026-08-02 01:02:42,000 [INFO]   - total_volume_delta: raw=2.51 score=0.00
2026-08-02 01:02:42,000 [INFO]   - drift_alert: raw=0.00 score=0.00
2026-08-02 01:02:42,552 [INFO] ANOMALY DETECTED: entity=user_engineer_1 score=50.00 conf=0.86
2026-08-02 01:02:42,553 [INFO]   - login_hour_rarity: raw=0.00 score=0.00
2026-08-02 01:02:42,553 [INFO]   - geolocation_rarity: raw=0.00 score=0.00
2026-08-02 01:02:42,553 [INFO]   - endpoint_set_rarity: raw=0.00 score=0.00
2026-08-02 01:02:42,553 [INFO]   - process_name_rarity: raw=0.00 score=0.00
2026-08-02 01:02:42,553 [INFO]   - command_line_embedding_similarity: raw=0.42 score=0.00
2026-08-02 01:02:42,553 [INFO]   - total_volume_delta: raw=3.50 score=0.00
2026-08-02 01:02:42,553 [INFO]   - drift_alert: raw=3.15 score=50.00
2026-08-02 01:02:42,573 [INFO] ANOMALY DETECTED: entity=user_engineer_9 score=50.00 conf=0.84
2026-08-02 01:02:42,573 [INFO]   - login_hour_rarity: raw=0.00 score=0.00
2026-08-02 01:02:42,573 [INFO]   - geolocation_rarity: raw=0.00 score=0.00
2026-08-02 01:02:42,573 [INFO]   - endpoint_set_rarity: raw=0.00 score=0.00
2026-08-02 01:02:42,573 [INFO]   - process_name_rarity: raw=0.00 score=0.00
2026-08-02 01:02:42,573 [INFO]   - command_line_embedding_similarity: raw=0.20 score=0.00
2026-08-02 01:02:42,573 [INFO]   - total_volume_delta: raw=3.58 score=0.00
2026-08-02 01:02:42,573 [INFO]   - drift_alert: raw=4.61 score=50.00
2026-08-02 01:02:43,142 [INFO] ANOMALY DETECTED: entity=user_finance_12 score=65.08 conf=0.84
2026-08-02 01:02:43,142 [INFO]   - login_hour_rarity: raw=0.00 score=0.00
2026-08-02 01:02:43,142 [INFO]   - geolocation_rarity: raw=0.00 score=0.00
2026-08-02 01:02:43,142 [INFO]   - endpoint_set_rarity: raw=0.00 score=0.00
2026-08-02 01:02:43,142 [INFO]   - process_name_rarity: raw=0.03 score=0.04
2026-08-02 01:02:43,142 [INFO]   - command_line_embedding_similarity: raw=1.00 score=50.00
2026-08-02 01:02:43,142 [INFO]   - total_volume_delta: raw=2.37 score=0.00
2026-08-02 01:02:43,142 [INFO]   - drift_alert: raw=0.75 score=15.04
2026-08-02 01:02:44,466 [INFO] ANOMALY DETECTED: entity=user_hr_1 score=46.52 conf=0.84
2026-08-02 01:02:44,467 [INFO]   - login_hour_rarity: raw=0.00 score=0.00
2026-08-02 01:02:44,467 [INFO]   - geolocation_rarity: raw=0.00 score=0.00
2026-08-02 01:02:44,467 [INFO]   - endpoint_set_rarity: raw=0.00 score=0.00
2026-08-02 01:02:44,467 [INFO]   - process_name_rarity: raw=0.00 score=0.00
2026-08-02 01:02:44,467 [INFO]   - command_line_embedding_similarity: raw=0.20 score=0.00
2026-08-02 01:02:44,467 [INFO]   - total_volume_delta: raw=3.35 score=0.00
2026-08-02 01:02:44,467 [INFO]   - drift_alert: raw=2.33 score=46.52
2026-08-02 01:02:44,491 [INFO] ANOMALY DETECTED: entity=user_hr_14 score=100.04 conf=0.84
2026-08-02 01:02:44,491 [INFO]   - login_hour_rarity: raw=0.00 score=0.00
2026-08-02 01:02:44,491 [INFO]   - geolocation_rarity: raw=0.00 score=0.00
2026-08-02 01:02:44,491 [INFO]   - endpoint_set_rarity: raw=0.00 score=0.00
2026-08-02 01:02:44,491 [INFO]   - process_name_rarity: raw=0.02 score=0.04
2026-08-02 01:02:44,491 [INFO]   - command_line_embedding_similarity: raw=1.00 score=50.00
2026-08-02 01:02:44,491 [INFO]   - total_volume_delta: raw=4.95 score=0.00
2026-08-02 01:02:44,491 [INFO]   - drift_alert: raw=5.51 score=50.00
2026-08-02 01:02:45,020 [INFO] ANOMALY DETECTED: entity=user_engineer_11 score=50.02 conf=0.83
2026-08-02 01:02:45,020 [INFO]   - login_hour_rarity: raw=0.00 score=0.00
2026-08-02 01:02:45,020 [INFO]   - geolocation_rarity: raw=0.00 score=0.00
2026-08-02 01:02:45,020 [INFO]   - endpoint_set_rarity: raw=0.00 score=0.00
2026-08-02 01:02:45,020 [INFO]   - process_name_rarity: raw=0.02 score=0.02
2026-08-02 01:02:45,020 [INFO]   - command_line_embedding_similarity: raw=1.00 score=50.00
2026-08-02 01:02:45,020 [INFO]   - total_volume_delta: raw=3.25 score=0.00
2026-08-02 01:02:45,020 [INFO]   - drift_alert: raw=0.00 score=0.00
2026-08-02 01:02:45,590 [INFO] ANOMALY DETECTED: entity=user_engineer_9 score=50.00 conf=0.84
2026-08-02 01:02:45,591 [INFO]   - login_hour_rarity: raw=0.00 score=0.00
2026-08-02 01:02:45,591 [INFO]   - geolocation_rarity: raw=0.00 score=0.00
2026-08-02 01:02:45,591 [INFO]   - endpoint_set_rarity: raw=0.00 score=0.00
2026-08-02 01:02:45,591 [INFO]   - process_name_rarity: raw=0.00 score=0.00
2026-08-02 01:02:45,591 [INFO]   - command_line_embedding_similarity: raw=0.31 score=0.00
2026-08-02 01:02:45,591 [INFO]   - total_volume_delta: raw=3.58 score=0.00
2026-08-02 01:02:45,591 [INFO]   - drift_alert: raw=4.61 score=50.00
2026-08-02 01:02:45,607 [INFO] ANOMALY DETECTED: entity=user_hr_1 score=46.52 conf=0.84
2026-08-02 01:02:45,607 [INFO]   - login_hour_rarity: raw=0.00 score=0.00
2026-08-02 01:02:45,607 [INFO]   - geolocation_rarity: raw=0.00 score=0.00
2026-08-02 01:02:45,607 [INFO]   - endpoint_set_rarity: raw=0.00 score=0.00
2026-08-02 01:02:45,607 [INFO]   - process_name_rarity: raw=0.00 score=0.00
2026-08-02 01:02:45,607 [INFO]   - command_line_embedding_similarity: raw=0.35 score=0.00
2026-08-02 01:02:45,607 [INFO]   - total_volume_delta: raw=3.35 score=0.00
2026-08-02 01:02:45,607 [INFO]   - drift_alert: raw=2.33 score=46.52
2026-08-02 01:02:46,625 [INFO] ANOMALY DETECTED: entity=user_hr_2 score=50.03 conf=0.82
2026-08-02 01:02:46,625 [INFO]   - login_hour_rarity: raw=0.00 score=0.00
2026-08-02 01:02:46,625 [INFO]   - geolocation_rarity: raw=0.00 score=0.00
2026-08-02 01:02:46,625 [INFO]   - endpoint_set_rarity: raw=0.00 score=0.00
2026-08-02 01:02:46,625 [INFO]   - process_name_rarity: raw=0.02 score=0.03
2026-08-02 01:02:46,625 [INFO]   - command_line_embedding_similarity: raw=1.00 score=50.00
2026-08-02 01:02:46,625 [INFO]   - total_volume_delta: raw=3.20 score=0.00
2026-08-02 01:02:46,625 [INFO]   - drift_alert: raw=0.00 score=0.00
2026-08-02 01:02:47,153 [INFO] ANOMALY DETECTED: entity=user_finance_4 score=51.30 conf=0.82
2026-08-02 01:02:47,154 [INFO]   - login_hour_rarity: raw=0.00 score=0.00
2026-08-02 01:02:47,154 [INFO]   - geolocation_rarity: raw=0.00 score=0.00
2026-08-02 01:02:47,154 [INFO]   - endpoint_set_rarity: raw=0.00 score=0.00
2026-08-02 01:02:47,154 [INFO]   - process_name_rarity: raw=0.02 score=0.03
2026-08-02 01:02:47,154 [INFO]   - command_line_embedding_similarity: raw=1.00 score=50.00
2026-08-02 01:02:47,154 [INFO]   - total_volume_delta: raw=3.17 score=0.00
2026-08-02 01:02:47,154 [INFO]   - drift_alert: raw=0.06 score=1.27
2026-08-02 01:02:48,231 [INFO] ANOMALY DETECTED: entity=user_engineer_1 score=50.00 conf=0.86
2026-08-02 01:02:48,231 [INFO]   - login_hour_rarity: raw=0.00 score=0.00
2026-08-02 01:02:48,231 [INFO]   - geolocation_rarity: raw=0.00 score=0.00
2026-08-02 01:02:48,231 [INFO]   - endpoint_set_rarity: raw=0.00 score=0.00
2026-08-02 01:02:48,231 [INFO]   - process_name_rarity: raw=0.00 score=0.00
2026-08-02 01:02:48,231 [INFO]   - command_line_embedding_similarity: raw=0.35 score=0.00
2026-08-02 01:02:48,231 [INFO]   - total_volume_delta: raw=3.50 score=0.00
2026-08-02 01:02:48,231 [INFO]   - drift_alert: raw=3.15 score=50.00
2026-08-02 01:02:48,758 [INFO] ANOMALY DETECTED: entity=user_engineer_3 score=76.59 conf=0.86
2026-08-02 01:02:48,758 [INFO]   - login_hour_rarity: raw=0.00 score=0.00
2026-08-02 01:02:48,758 [INFO]   - geolocation_rarity: raw=0.00 score=0.00
2026-08-02 01:02:48,758 [INFO]   - endpoint_set_rarity: raw=0.00 score=0.00
2026-08-02 01:02:48,758 [INFO]   - process_name_rarity: raw=0.04 score=0.05
2026-08-02 01:02:48,758 [INFO]   - command_line_embedding_similarity: raw=1.00 score=50.00
2026-08-02 01:02:48,758 [INFO]   - total_volume_delta: raw=3.50 score=0.00
2026-08-02 01:02:48,758 [INFO]   - drift_alert: raw=1.33 score=26.53
2026-08-02 01:02:48,774 [INFO] ANOMALY DETECTED: entity=user_engineer_9 score=50.00 conf=0.84
2026-08-02 01:02:48,774 [INFO]   - login_hour_rarity: raw=0.00 score=0.00
2026-08-02 01:02:48,774 [INFO]   - geolocation_rarity: raw=0.00 score=0.00
2026-08-02 01:02:48,774 [INFO]   - endpoint_set_rarity: raw=0.00 score=0.00
2026-08-02 01:02:48,774 [INFO]   - process_name_rarity: raw=0.00 score=0.00
2026-08-02 01:02:48,774 [INFO]   - command_line_embedding_similarity: raw=0.22 score=0.00
2026-08-02 01:02:48,774 [INFO]   - total_volume_delta: raw=3.58 score=0.00
2026-08-02 01:02:48,774 [INFO]   - drift_alert: raw=4.61 score=50.00
2026-08-02 01:02:48,817 [INFO] ANOMALY DETECTED: entity=user_finance_5 score=50.00 conf=0.82
2026-08-02 01:02:48,817 [INFO]   - login_hour_rarity: raw=0.00 score=0.00
2026-08-02 01:02:48,817 [INFO]   - geolocation_rarity: raw=0.00 score=0.00
2026-08-02 01:02:48,818 [INFO]   - endpoint_set_rarity: raw=0.00 score=0.00
2026-08-02 01:02:48,818 [INFO]   - process_name_rarity: raw=0.00 score=0.00
2026-08-02 01:02:48,818 [INFO]   - command_line_embedding_similarity: raw=0.22 score=0.00
2026-08-02 01:02:48,818 [INFO]   - total_volume_delta: raw=3.46 score=0.00
2026-08-02 01:02:48,818 [INFO]   - drift_alert: raw=8.11 score=50.00
2026-08-02 01:02:49,455 [INFO] ANOMALY DETECTED: entity=user_hr_5 score=60.27 conf=0.84
2026-08-02 01:02:49,455 [INFO]   - login_hour_rarity: raw=0.00 score=0.00
2026-08-02 01:02:49,455 [INFO]   - geolocation_rarity: raw=0.00 score=0.00
2026-08-02 01:02:49,455 [INFO]   - endpoint_set_rarity: raw=0.00 score=0.00
2026-08-02 01:02:49,455 [INFO]   - process_name_rarity: raw=0.02 score=0.04
2026-08-02 01:02:49,455 [INFO]   - command_line_embedding_similarity: raw=1.00 score=50.00
2026-08-02 01:02:49,455 [INFO]   - total_volume_delta: raw=3.58 score=0.00
2026-08-02 01:02:49,455 [INFO]   - drift_alert: raw=0.51 score=10.23
2026-08-02 01:02:49,970 [INFO] ANOMALY DETECTED: entity=user_hr_1 score=46.52 conf=0.84
2026-08-02 01:02:49,970 [INFO]   - login_hour_rarity: raw=0.00 score=0.00
2026-08-02 01:02:49,970 [INFO]   - geolocation_rarity: raw=0.00 score=0.00
2026-08-02 01:02:49,970 [INFO]   - endpoint_set_rarity: raw=0.00 score=0.00
2026-08-02 01:02:49,970 [INFO]   - process_name_rarity: raw=0.00 score=0.00
2026-08-02 01:02:49,970 [INFO]   - command_line_embedding_similarity: raw=0.35 score=0.00
2026-08-02 01:02:49,970 [INFO]   - total_volume_delta: raw=3.35 score=0.00
2026-08-02 01:02:49,970 [INFO]   - drift_alert: raw=2.33 score=46.52
2026-08-02 01:02:50,014 [INFO] ANOMALY DETECTED: entity=user_finance_5 score=50.00 conf=0.82
2026-08-02 01:02:50,014 [INFO]   - login_hour_rarity: raw=0.00 score=0.00
2026-08-02 01:02:50,014 [INFO]   - geolocation_rarity: raw=0.00 score=0.00
2026-08-02 01:02:50,014 [INFO]   - endpoint_set_rarity: raw=0.00 score=0.00
2026-08-02 01:02:50,014 [INFO]   - process_name_rarity: raw=0.00 score=0.00
2026-08-02 01:02:50,014 [INFO]   - command_line_embedding_similarity: raw=0.16 score=0.00
2026-08-02 01:02:50,014 [INFO]   - total_volume_delta: raw=3.46 score=0.00
2026-08-02 01:02:50,014 [INFO]   - drift_alert: raw=8.11 score=50.00
2026-08-02 01:02:50,029 [INFO] ANOMALY DETECTED: entity=user_finance_13 score=50.04 conf=0.84
2026-08-02 01:02:50,029 [INFO]   - login_hour_rarity: raw=0.00 score=0.00
2026-08-02 01:02:50,029 [INFO]   - geolocation_rarity: raw=0.00 score=0.00
2026-08-02 01:02:50,029 [INFO]   - endpoint_set_rarity: raw=0.00 score=0.00
2026-08-02 01:02:50,029 [INFO]   - process_name_rarity: raw=0.03 score=0.04
2026-08-02 01:02:50,029 [INFO]   - command_line_embedding_similarity: raw=1.00 score=50.00
2026-08-02 01:02:50,029 [INFO]   - total_volume_delta: raw=2.35 score=0.00
2026-08-02 01:02:50,029 [INFO]   - drift_alert: raw=0.00 score=0.00
2026-08-02 01:02:50,570 [INFO] ANOMALY DETECTED: entity=user_finance_8 score=50.05 conf=0.86
2026-08-02 01:02:50,570 [INFO]   - login_hour_rarity: raw=0.00 score=0.00
2026-08-02 01:02:50,570 [INFO]   - geolocation_rarity: raw=0.00 score=0.00
2026-08-02 01:02:50,570 [INFO]   - endpoint_set_rarity: raw=0.00 score=0.00
2026-08-02 01:02:50,570 [INFO]   - process_name_rarity: raw=0.03 score=0.05
2026-08-02 01:02:50,570 [INFO]   - command_line_embedding_similarity: raw=1.00 score=50.00
2026-08-02 01:02:50,570 [INFO]   - total_volume_delta: raw=3.52 score=0.00
2026-08-02 01:02:50,570 [INFO]   - drift_alert: raw=0.00 score=0.00
2026-08-02 01:02:51,584 [INFO] ANOMALY DETECTED: entity=user_engineer_9 score=50.00 conf=0.84
2026-08-02 01:02:51,584 [INFO]   - login_hour_rarity: raw=0.00 score=0.00
2026-08-02 01:02:51,584 [INFO]   - geolocation_rarity: raw=0.00 score=0.00
2026-08-02 01:02:51,584 [INFO]   - endpoint_set_rarity: raw=0.00 score=0.00
2026-08-02 01:02:51,584 [INFO]   - process_name_rarity: raw=0.00 score=0.00
2026-08-02 01:02:51,584 [INFO]   - command_line_embedding_similarity: raw=0.40 score=0.00
2026-08-02 01:02:51,584 [INFO]   - total_volume_delta: raw=3.58 score=0.00
2026-08-02 01:02:51,584 [INFO]   - drift_alert: raw=4.61 score=50.00
2026-08-02 01:02:51,600 [INFO] ANOMALY DETECTED: entity=user_hr_1 score=96.54 conf=0.84
2026-08-02 01:02:51,600 [INFO]   - login_hour_rarity: raw=0.00 score=0.00
2026-08-02 01:02:51,600 [INFO]   - geolocation_rarity: raw=0.00 score=0.00
2026-08-02 01:02:51,600 [INFO]   - endpoint_set_rarity: raw=0.00 score=0.00
2026-08-02 01:02:51,600 [INFO]   - process_name_rarity: raw=0.02 score=0.02
2026-08-02 01:02:51,600 [INFO]   - command_line_embedding_similarity: raw=1.00 score=50.00
2026-08-02 01:02:51,600 [INFO]   - total_volume_delta: raw=3.35 score=0.00
2026-08-02 01:02:51,600 [INFO]   - drift_alert: raw=2.33 score=46.52
2026-08-02 01:02:51,628 [INFO] ANOMALY DETECTED: entity=user_finance_1 score=50.05 conf=0.86
2026-08-02 01:02:51,628 [INFO]   - login_hour_rarity: raw=0.00 score=0.00
2026-08-02 01:02:51,628 [INFO]   - geolocation_rarity: raw=0.00 score=0.00
2026-08-02 01:02:51,629 [INFO]   - endpoint_set_rarity: raw=0.00 score=0.00
2026-08-02 01:02:51,629 [INFO]   - process_name_rarity: raw=0.03 score=0.05
2026-08-02 01:02:51,629 [INFO]   - command_line_embedding_similarity: raw=1.00 score=50.00
2026-08-02 01:02:51,629 [INFO]   - total_volume_delta: raw=3.28 score=0.00
2026-08-02 01:02:51,629 [INFO]   - drift_alert: raw=0.00 score=0.00
2026-08-02 01:02:52,128 [INFO] ANOMALY DETECTED: entity=user_engineer_13 score=50.04 conf=0.82
2026-08-02 01:02:52,128 [INFO]   - login_hour_rarity: raw=0.00 score=0.00
2026-08-02 01:02:52,128 [INFO]   - geolocation_rarity: raw=0.00 score=0.00
2026-08-02 01:02:52,128 [INFO]   - endpoint_set_rarity: raw=0.00 score=0.00
2026-08-02 01:02:52,128 [INFO]   - process_name_rarity: raw=0.02 score=0.04
2026-08-02 01:02:52,128 [INFO]   - command_line_embedding_similarity: raw=1.00 score=50.00
2026-08-02 01:02:52,128 [INFO]   - total_volume_delta: raw=2.81 score=0.00
2026-08-02 01:02:52,128 [INFO]   - drift_alert: raw=0.00 score=0.00
2026-08-02 01:02:52,142 [INFO] ANOMALY DETECTED: entity=user_finance_2 score=51.09 conf=0.84
2026-08-02 01:02:52,142 [INFO]   - login_hour_rarity: raw=0.00 score=0.00
2026-08-02 01:02:52,142 [INFO]   - geolocation_rarity: raw=0.00 score=0.00
2026-08-02 01:02:52,142 [INFO]   - endpoint_set_rarity: raw=0.00 score=0.00
2026-08-02 01:02:52,142 [INFO]   - process_name_rarity: raw=0.03 score=0.04
2026-08-02 01:02:52,142 [INFO]   - command_line_embedding_similarity: raw=1.00 score=50.00
2026-08-02 01:02:52,142 [INFO]   - total_volume_delta: raw=2.66 score=0.00
2026-08-02 01:02:52,142 [INFO]   - drift_alert: raw=0.05 score=1.05
2026-08-02 01:02:52,648 [INFO] ANOMALY DETECTED: entity=user_hr_1 score=46.52 conf=0.84
2026-08-02 01:02:52,649 [INFO]   - login_hour_rarity: raw=0.00 score=0.00
2026-08-02 01:02:52,649 [INFO]   - geolocation_rarity: raw=0.00 score=0.00
2026-08-02 01:02:52,649 [INFO]   - endpoint_set_rarity: raw=0.00 score=0.00
2026-08-02 01:02:52,649 [INFO]   - process_name_rarity: raw=0.00 score=0.00
2026-08-02 01:02:52,649 [INFO]   - command_line_embedding_similarity: raw=0.35 score=0.00
2026-08-02 01:02:52,649 [INFO]   - total_volume_delta: raw=3.35 score=0.00
2026-08-02 01:02:52,649 [INFO]   - drift_alert: raw=2.33 score=46.52
2026-08-02 01:02:52,692 [INFO] ANOMALY DETECTED: entity=user_finance_7 score=46.60 conf=0.88
2026-08-02 01:02:52,692 [INFO]   - login_hour_rarity: raw=0.00 score=0.00
2026-08-02 01:02:52,692 [INFO]   - geolocation_rarity: raw=0.00 score=0.00
2026-08-02 01:02:52,692 [INFO]   - endpoint_set_rarity: raw=0.00 score=0.00
2026-08-02 01:02:52,692 [INFO]   - process_name_rarity: raw=0.00 score=0.00
2026-08-02 01:02:52,692 [INFO]   - command_line_embedding_similarity: raw=0.42 score=0.00
2026-08-02 01:02:52,692 [INFO]   - total_volume_delta: raw=2.32 score=0.00
2026-08-02 01:02:52,692 [INFO]   - drift_alert: raw=2.33 score=46.60
2026-08-02 01:02:53,206 [INFO] ANOMALY DETECTED: entity=user_hr_1 score=46.52 conf=0.84
2026-08-02 01:02:53,206 [INFO]   - login_hour_rarity: raw=0.00 score=0.00
2026-08-02 01:02:53,206 [INFO]   - geolocation_rarity: raw=0.00 score=0.00
2026-08-02 01:02:53,206 [INFO]   - endpoint_set_rarity: raw=0.00 score=0.00
2026-08-02 01:02:53,206 [INFO]   - process_name_rarity: raw=0.00 score=0.00
2026-08-02 01:02:53,206 [INFO]   - command_line_embedding_similarity: raw=0.35 score=0.00
2026-08-02 01:02:53,206 [INFO]   - total_volume_delta: raw=3.35 score=0.00
2026-08-02 01:02:53,206 [INFO]   - drift_alert: raw=2.33 score=46.52
2026-08-02 01:02:53,222 [INFO] ANOMALY DETECTED: entity=user_finance_4 score=50.00 conf=0.82
2026-08-02 01:02:53,222 [INFO]   - login_hour_rarity: raw=0.00 score=0.00
2026-08-02 01:02:53,222 [INFO]   - geolocation_rarity: raw=0.00 score=0.00
2026-08-02 01:02:53,222 [INFO]   - endpoint_set_rarity: raw=0.00 score=0.00
2026-08-02 01:02:53,222 [INFO]   - process_name_rarity: raw=0.00 score=0.00
2026-08-02 01:02:53,222 [INFO]   - command_line_embedding_similarity: raw=0.16 score=0.00
2026-08-02 01:02:53,222 [INFO]   - total_volume_delta: raw=3.17 score=0.00
2026-08-02 01:02:53,222 [INFO]   - drift_alert: raw=2.85 score=50.00
2026-08-02 01:02:53,763 [INFO] ANOMALY DETECTED: entity=user_hr_1 score=46.52 conf=0.84
2026-08-02 01:02:53,764 [INFO]   - login_hour_rarity: raw=0.00 score=0.00
2026-08-02 01:02:53,764 [INFO]   - geolocation_rarity: raw=0.00 score=0.00
2026-08-02 01:02:53,764 [INFO]   - endpoint_set_rarity: raw=0.00 score=0.00
2026-08-02 01:02:53,764 [INFO]   - process_name_rarity: raw=0.00 score=0.00
2026-08-02 01:02:53,764 [INFO]   - command_line_embedding_similarity: raw=0.27 score=0.00
2026-08-02 01:02:53,764 [INFO]   - total_volume_delta: raw=3.35 score=0.00
2026-08-02 01:02:53,764 [INFO]   - drift_alert: raw=2.33 score=46.52
2026-08-02 01:02:53,780 [INFO] ANOMALY DETECTED: entity=user_hr_4 score=50.05 conf=0.85
2026-08-02 01:02:53,780 [INFO]   - login_hour_rarity: raw=0.00 score=0.00
2026-08-02 01:02:53,780 [INFO]   - geolocation_rarity: raw=0.00 score=0.00
2026-08-02 01:02:53,780 [INFO]   - endpoint_set_rarity: raw=0.00 score=0.00
2026-08-02 01:02:53,780 [INFO]   - process_name_rarity: raw=0.03 score=0.05
2026-08-02 01:02:53,780 [INFO]   - command_line_embedding_similarity: raw=1.00 score=50.00
2026-08-02 01:02:53,780 [INFO]   - total_volume_delta: raw=3.02 score=0.00
2026-08-02 01:02:53,780 [INFO]   - drift_alert: raw=0.00 score=0.00
2026-08-02 01:02:53,810 [INFO] ANOMALY DETECTED: entity=user_finance_2 score=47.93 conf=0.84
2026-08-02 01:02:53,810 [INFO]   - login_hour_rarity: raw=0.00 score=0.00
2026-08-02 01:02:53,810 [INFO]   - geolocation_rarity: raw=0.00 score=0.00
2026-08-02 01:02:53,810 [INFO]   - endpoint_set_rarity: raw=0.00 score=0.00
2026-08-02 01:02:53,810 [INFO]   - process_name_rarity: raw=0.00 score=0.00
2026-08-02 01:02:53,811 [INFO]   - command_line_embedding_similarity: raw=0.23 score=0.00
2026-08-02 01:02:53,811 [INFO]   - total_volume_delta: raw=2.66 score=0.00
2026-08-02 01:02:53,811 [INFO]   - drift_alert: raw=2.40 score=47.93
2026-08-02 01:02:54,601 [INFO] ANOMALY DETECTED: entity=user_hr_14 score=100.04 conf=0.84
2026-08-02 01:02:54,602 [INFO]   - login_hour_rarity: raw=0.00 score=0.00
2026-08-02 01:02:54,602 [INFO]   - geolocation_rarity: raw=0.00 score=0.00
2026-08-02 01:02:54,602 [INFO]   - endpoint_set_rarity: raw=0.00 score=0.00
2026-08-02 01:02:54,602 [INFO]   - process_name_rarity: raw=0.02 score=0.04
2026-08-02 01:02:54,602 [INFO]   - command_line_embedding_similarity: raw=1.00 score=50.00
2026-08-02 01:02:54,602 [INFO]   - total_volume_delta: raw=4.95 score=0.00
2026-08-02 01:02:54,602 [INFO]   - drift_alert: raw=5.51 score=50.00
2026-08-02 01:02:54,620 [INFO] ANOMALY DETECTED: entity=user_finance_5 score=100.03 conf=0.82
2026-08-02 01:02:54,620 [INFO]   - login_hour_rarity: raw=0.00 score=0.00
2026-08-02 01:02:54,620 [INFO]   - geolocation_rarity: raw=0.00 score=0.00
2026-08-02 01:02:54,620 [INFO]   - endpoint_set_rarity: raw=0.00 score=0.00
2026-08-02 01:02:54,620 [INFO]   - process_name_rarity: raw=0.02 score=0.03
2026-08-02 01:02:54,620 [INFO]   - command_line_embedding_similarity: raw=1.00 score=50.00
2026-08-02 01:02:54,621 [INFO]   - total_volume_delta: raw=3.46 score=0.00
2026-08-02 01:02:54,621 [INFO]   - drift_alert: raw=8.11 score=50.00
2026-08-02 01:02:55,134 [INFO] ANOMALY DETECTED: entity=user_finance_2 score=47.93 conf=0.84
2026-08-02 01:02:55,134 [INFO]   - login_hour_rarity: raw=0.00 score=0.00
2026-08-02 01:02:55,134 [INFO]   - geolocation_rarity: raw=0.00 score=0.00
2026-08-02 01:02:55,134 [INFO]   - endpoint_set_rarity: raw=0.00 score=0.00
2026-08-02 01:02:55,134 [INFO]   - process_name_rarity: raw=0.00 score=0.00
2026-08-02 01:02:55,134 [INFO]   - command_line_embedding_similarity: raw=0.23 score=0.00
2026-08-02 01:02:55,134 [INFO]   - total_volume_delta: raw=2.66 score=0.00
2026-08-02 01:02:55,134 [INFO]   - drift_alert: raw=2.40 score=47.93
2026-08-02 01:02:55,631 [INFO] ANOMALY DETECTED: entity=user_finance_3 score=56.58 conf=0.84
2026-08-02 01:02:55,631 [INFO]   - login_hour_rarity: raw=0.00 score=0.00
2026-08-02 01:02:55,631 [INFO]   - geolocation_rarity: raw=0.00 score=0.00
2026-08-02 01:02:55,631 [INFO]   - endpoint_set_rarity: raw=0.00 score=0.00
2026-08-02 01:02:55,631 [INFO]   - process_name_rarity: raw=0.02 score=0.03
2026-08-02 01:02:55,631 [INFO]   - command_line_embedding_similarity: raw=1.00 score=50.00
2026-08-02 01:02:55,631 [INFO]   - total_volume_delta: raw=3.10 score=0.00
2026-08-02 01:02:55,631 [INFO]   - drift_alert: raw=0.33 score=6.54
2026-08-02 01:02:56,140 [INFO] ANOMALY DETECTED: entity=user_finance_0 score=50.02 conf=0.81
2026-08-02 01:02:56,140 [INFO]   - login_hour_rarity: raw=0.00 score=0.00
2026-08-02 01:02:56,140 [INFO]   - geolocation_rarity: raw=0.00 score=0.00
2026-08-02 01:02:56,140 [INFO]   - endpoint_set_rarity: raw=0.00 score=0.00
2026-08-02 01:02:56,140 [INFO]   - process_name_rarity: raw=0.01 score=0.02
2026-08-02 01:02:56,140 [INFO]   - command_line_embedding_similarity: raw=1.00 score=50.00
2026-08-02 01:02:56,140 [INFO]   - total_volume_delta: raw=2.53 score=0.00
2026-08-02 01:02:56,140 [INFO]   - drift_alert: raw=0.00 score=0.00
2026-08-02 01:02:56,666 [INFO] ANOMALY DETECTED: entity=user_finance_14 score=50.00 conf=0.85
2026-08-02 01:02:56,666 [INFO]   - login_hour_rarity: raw=0.00 score=0.00
2026-08-02 01:02:56,666 [INFO]   - geolocation_rarity: raw=0.00 score=0.00
2026-08-02 01:02:56,666 [INFO]   - endpoint_set_rarity: raw=0.00 score=0.00
2026-08-02 01:02:56,666 [INFO]   - process_name_rarity: raw=0.00 score=0.00
2026-08-02 01:02:56,666 [INFO]   - command_line_embedding_similarity: raw=0.26 score=0.00
2026-08-02 01:02:56,666 [INFO]   - total_volume_delta: raw=3.42 score=0.00
2026-08-02 01:02:56,666 [INFO]   - drift_alert: raw=4.75 score=50.00
2026-08-02 01:02:58,160 [INFO] ANOMALY DETECTED: entity=user_hr_7 score=50.00 conf=0.87
2026-08-02 01:02:58,160 [INFO]   - login_hour_rarity: raw=0.00 score=0.00
2026-08-02 01:02:58,160 [INFO]   - geolocation_rarity: raw=0.00 score=0.00
2026-08-02 01:02:58,160 [INFO]   - endpoint_set_rarity: raw=0.00 score=0.00
2026-08-02 01:02:58,160 [INFO]   - process_name_rarity: raw=0.00 score=0.00
2026-08-02 01:02:58,160 [INFO]   - command_line_embedding_similarity: raw=0.34 score=0.00
2026-08-02 01:02:58,160 [INFO]   - total_volume_delta: raw=2.89 score=0.00
2026-08-02 01:02:58,160 [INFO]   - drift_alert: raw=4.79 score=50.00
2026-08-02 01:02:58,651 [INFO] ANOMALY DETECTED: entity=user_finance_6 score=50.06 conf=0.87
2026-08-02 01:02:58,651 [INFO]   - login_hour_rarity: raw=0.00 score=0.00
2026-08-02 01:02:58,651 [INFO]   - geolocation_rarity: raw=0.00 score=0.00
2026-08-02 01:02:58,651 [INFO]   - endpoint_set_rarity: raw=0.00 score=0.00
2026-08-02 01:02:58,651 [INFO]   - process_name_rarity: raw=0.04 score=0.06
2026-08-02 01:02:58,651 [INFO]   - command_line_embedding_similarity: raw=1.00 score=50.00
2026-08-02 01:02:58,651 [INFO]   - total_volume_delta: raw=2.51 score=0.00
2026-08-02 01:02:58,651 [INFO]   - drift_alert: raw=0.00 score=0.00
2026-08-02 01:03:01,266 [INFO] ANOMALY DETECTED: entity=user_finance_2 score=47.93 conf=0.84
2026-08-02 01:03:01,266 [INFO]   - login_hour_rarity: raw=0.00 score=0.00
2026-08-02 01:03:01,266 [INFO]   - geolocation_rarity: raw=0.00 score=0.00
2026-08-02 01:03:01,266 [INFO]   - endpoint_set_rarity: raw=0.00 score=0.00
2026-08-02 01:03:01,266 [INFO]   - process_name_rarity: raw=0.00 score=0.00
2026-08-02 01:03:01,266 [INFO]   - command_line_embedding_similarity: raw=0.21 score=0.00
2026-08-02 01:03:01,266 [INFO]   - total_volume_delta: raw=2.66 score=0.00
2026-08-02 01:03:01,266 [INFO]   - drift_alert: raw=2.40 score=47.93
2026-08-02 01:03:01,282 [INFO] ANOMALY DETECTED: entity=user_finance_7 score=46.60 conf=0.88
2026-08-02 01:03:01,282 [INFO]   - login_hour_rarity: raw=0.00 score=0.00
2026-08-02 01:03:01,282 [INFO]   - geolocation_rarity: raw=0.00 score=0.00
2026-08-02 01:03:01,282 [INFO]   - endpoint_set_rarity: raw=0.00 score=0.00
2026-08-02 01:03:01,283 [INFO]   - process_name_rarity: raw=0.00 score=0.00
2026-08-02 01:03:01,283 [INFO]   - command_line_embedding_similarity: raw=0.42 score=0.00
2026-08-02 01:03:01,283 [INFO]   - total_volume_delta: raw=2.32 score=0.00
2026-08-02 01:03:01,283 [INFO]   - drift_alert: raw=2.33 score=46.60
2026-08-02 01:03:01,298 [INFO] ANOMALY DETECTED: entity=user_finance_8 score=50.05 conf=0.86
2026-08-02 01:03:01,298 [INFO]   - login_hour_rarity: raw=0.00 score=0.00
2026-08-02 01:03:01,298 [INFO]   - geolocation_rarity: raw=0.00 score=0.00
2026-08-02 01:03:01,298 [INFO]   - endpoint_set_rarity: raw=0.00 score=0.00
2026-08-02 01:03:01,298 [INFO]   - process_name_rarity: raw=0.03 score=0.05
2026-08-02 01:03:01,298 [INFO]   - command_line_embedding_similarity: raw=1.00 score=50.00
2026-08-02 01:03:01,298 [INFO]   - total_volume_delta: raw=3.52 score=0.00
2026-08-02 01:03:01,298 [INFO]   - drift_alert: raw=0.00 score=0.00
2026-08-02 01:03:01,789 [INFO] ANOMALY DETECTED: entity=user_engineer_7 score=50.00 conf=0.82
2026-08-02 01:03:01,789 [INFO]   - login_hour_rarity: raw=0.00 score=0.00
2026-08-02 01:03:01,789 [INFO]   - geolocation_rarity: raw=0.00 score=0.00
2026-08-02 01:03:01,789 [INFO]   - endpoint_set_rarity: raw=0.00 score=0.00
2026-08-02 01:03:01,789 [INFO]   - process_name_rarity: raw=0.00 score=0.00
2026-08-02 01:03:01,789 [INFO]   - command_line_embedding_similarity: raw=0.24 score=0.00
2026-08-02 01:03:01,789 [INFO]   - total_volume_delta: raw=2.12 score=0.00
2026-08-02 01:03:01,789 [INFO]   - drift_alert: raw=5.53 score=50.00
2026-08-02 01:03:02,294 [INFO] ANOMALY DETECTED: entity=user_hr_1 score=46.52 conf=0.84
2026-08-02 01:03:02,294 [INFO]   - login_hour_rarity: raw=0.00 score=0.00
2026-08-02 01:03:02,294 [INFO]   - geolocation_rarity: raw=0.00 score=0.00
2026-08-02 01:03:02,294 [INFO]   - endpoint_set_rarity: raw=0.00 score=0.00
2026-08-02 01:03:02,294 [INFO]   - process_name_rarity: raw=0.00 score=0.00
2026-08-02 01:03:02,294 [INFO]   - command_line_embedding_similarity: raw=0.20 score=0.00
2026-08-02 01:03:02,294 [INFO]   - total_volume_delta: raw=3.35 score=0.00
2026-08-02 01:03:02,294 [INFO]   - drift_alert: raw=2.33 score=46.52
2026-08-02 01:03:02,310 [INFO] ANOMALY DETECTED: entity=user_hr_3 score=50.04 conf=0.83
2026-08-02 01:03:02,310 [INFO]   - login_hour_rarity: raw=0.00 score=0.00
2026-08-02 01:03:02,310 [INFO]   - geolocation_rarity: raw=0.00 score=0.00
2026-08-02 01:03:02,311 [INFO]   - endpoint_set_rarity: raw=0.00 score=0.00
2026-08-02 01:03:02,311 [INFO]   - process_name_rarity: raw=0.03 score=0.04
2026-08-02 01:03:02,311 [INFO]   - command_line_embedding_similarity: raw=1.00 score=50.00
2026-08-02 01:03:02,311 [INFO]   - total_volume_delta: raw=3.51 score=0.00
2026-08-02 01:03:02,311 [INFO]   - drift_alert: raw=0.00 score=0.00
2026-08-02 01:03:02,326 [INFO] ANOMALY DETECTED: entity=user_hr_5 score=62.41 conf=0.84
2026-08-02 01:03:02,326 [INFO]   - login_hour_rarity: raw=0.00 score=0.00
2026-08-02 01:03:02,326 [INFO]   - geolocation_rarity: raw=0.00 score=0.00
2026-08-02 01:03:02,326 [INFO]   - endpoint_set_rarity: raw=0.00 score=0.00
2026-08-02 01:03:02,327 [INFO]   - process_name_rarity: raw=0.02 score=0.04
2026-08-02 01:03:02,327 [INFO]   - command_line_embedding_similarity: raw=1.00 score=50.00
2026-08-02 01:03:02,327 [INFO]   - total_volume_delta: raw=3.58 score=0.00
2026-08-02 01:03:02,327 [INFO]   - drift_alert: raw=0.62 score=12.38
2026-08-02 01:03:03,333 [INFO] ANOMALY DETECTED: entity=user_finance_2 score=47.93 conf=0.84
2026-08-02 01:03:03,333 [INFO]   - login_hour_rarity: raw=0.00 score=0.00
2026-08-02 01:03:03,333 [INFO]   - geolocation_rarity: raw=0.00 score=0.00
2026-08-02 01:03:03,333 [INFO]   - endpoint_set_rarity: raw=0.00 score=0.00
2026-08-02 01:03:03,333 [INFO]   - process_name_rarity: raw=0.00 score=0.00
2026-08-02 01:03:03,333 [INFO]   - command_line_embedding_similarity: raw=0.24 score=0.00
2026-08-02 01:03:03,333 [INFO]   - total_volume_delta: raw=2.66 score=0.00
2026-08-02 01:03:03,333 [INFO]   - drift_alert: raw=2.40 score=47.93
2026-08-02 01:03:03,349 [INFO] ANOMALY DETECTED: entity=user_finance_14 score=50.00 conf=0.85
2026-08-02 01:03:03,349 [INFO]   - login_hour_rarity: raw=0.00 score=0.00
2026-08-02 01:03:03,349 [INFO]   - geolocation_rarity: raw=0.00 score=0.00
2026-08-02 01:03:03,349 [INFO]   - endpoint_set_rarity: raw=0.00 score=0.00
2026-08-02 01:03:03,349 [INFO]   - process_name_rarity: raw=0.00 score=0.00
2026-08-02 01:03:03,349 [INFO]   - command_line_embedding_similarity: raw=0.27 score=0.00
2026-08-02 01:03:03,349 [INFO]   - total_volume_delta: raw=3.42 score=0.00
2026-08-02 01:03:03,349 [INFO]   - drift_alert: raw=4.75 score=50.00
2026-08-02 01:03:03,870 [INFO] ANOMALY DETECTED: entity=user_engineer_1 score=100.06 conf=0.86
2026-08-02 01:03:03,871 [INFO]   - login_hour_rarity: raw=0.00 score=0.00
2026-08-02 01:03:03,871 [INFO]   - geolocation_rarity: raw=0.00 score=0.00
2026-08-02 01:03:03,871 [INFO]   - endpoint_set_rarity: raw=0.00 score=0.00
2026-08-02 01:03:03,871 [INFO]   - process_name_rarity: raw=0.04 score=0.06
2026-08-02 01:03:03,871 [INFO]   - command_line_embedding_similarity: raw=1.00 score=50.00
2026-08-02 01:03:03,871 [INFO]   - total_volume_delta: raw=3.50 score=0.00
2026-08-02 01:03:03,871 [INFO]   - drift_alert: raw=3.15 score=50.00
2026-08-02 01:03:03,887 [INFO] ANOMALY DETECTED: entity=user_finance_2 score=97.97 conf=0.84
2026-08-02 01:03:03,887 [INFO]   - login_hour_rarity: raw=0.00 score=0.00
2026-08-02 01:03:03,887 [INFO]   - geolocation_rarity: raw=0.00 score=0.00
2026-08-02 01:03:03,887 [INFO]   - endpoint_set_rarity: raw=0.00 score=0.00
2026-08-02 01:03:03,888 [INFO]   - process_name_rarity: raw=0.03 score=0.04
2026-08-02 01:03:03,888 [INFO]   - command_line_embedding_similarity: raw=1.00 score=50.00
2026-08-02 01:03:03,888 [INFO]   - total_volume_delta: raw=2.66 score=0.00
2026-08-02 01:03:03,888 [INFO]   - drift_alert: raw=2.40 score=47.93
2026-08-02 01:03:04,503 [INFO] ANOMALY DETECTED: entity=user_engineer_1 score=50.00 conf=0.86
2026-08-02 01:03:04,503 [INFO]   - login_hour_rarity: raw=0.00 score=0.00
2026-08-02 01:03:04,503 [INFO]   - geolocation_rarity: raw=0.00 score=0.00
2026-08-02 01:03:04,503 [INFO]   - endpoint_set_rarity: raw=0.00 score=0.00
2026-08-02 01:03:04,503 [INFO]   - process_name_rarity: raw=0.00 score=0.00
2026-08-02 01:03:04,504 [INFO]   - command_line_embedding_similarity: raw=0.20 score=0.00
2026-08-02 01:03:04,504 [INFO]   - total_volume_delta: raw=3.50 score=0.00
2026-08-02 01:03:04,504 [INFO]   - drift_alert: raw=3.15 score=50.00
2026-08-02 01:03:05,569 [INFO] ANOMALY DETECTED: entity=user_finance_2 score=47.93 conf=0.84
2026-08-02 01:03:05,570 [INFO]   - login_hour_rarity: raw=0.00 score=0.00
2026-08-02 01:03:05,570 [INFO]   - geolocation_rarity: raw=0.00 score=0.00
2026-08-02 01:03:05,570 [INFO]   - endpoint_set_rarity: raw=0.00 score=0.00
2026-08-02 01:03:05,570 [INFO]   - process_name_rarity: raw=0.00 score=0.00
2026-08-02 01:03:05,570 [INFO]   - command_line_embedding_similarity: raw=0.24 score=0.00
2026-08-02 01:03:05,570 [INFO]   - total_volume_delta: raw=2.66 score=0.00
2026-08-02 01:03:05,570 [INFO]   - drift_alert: raw=2.40 score=47.93
2026-08-02 01:03:07,183 [INFO] ANOMALY DETECTED: entity=user_hr_12 score=50.04 conf=0.85
2026-08-02 01:03:07,183 [INFO]   - login_hour_rarity: raw=0.00 score=0.00
2026-08-02 01:03:07,184 [INFO]   - geolocation_rarity: raw=0.00 score=0.00
2026-08-02 01:03:07,184 [INFO]   - endpoint_set_rarity: raw=0.00 score=0.00
2026-08-02 01:03:07,184 [INFO]   - process_name_rarity: raw=0.03 score=0.04
2026-08-02 01:03:07,184 [INFO]   - command_line_embedding_similarity: raw=1.00 score=50.00
2026-08-02 01:03:07,184 [INFO]   - total_volume_delta: raw=3.42 score=0.00
2026-08-02 01:03:07,184 [INFO]   - drift_alert: raw=0.00 score=0.00
2026-08-02 01:03:07,737 [INFO] ANOMALY DETECTED: entity=user_finance_2 score=47.93 conf=0.84
2026-08-02 01:03:07,737 [INFO]   - login_hour_rarity: raw=0.00 score=0.00
2026-08-02 01:03:07,737 [INFO]   - geolocation_rarity: raw=0.00 score=0.00
2026-08-02 01:03:07,737 [INFO]   - endpoint_set_rarity: raw=0.00 score=0.00
2026-08-02 01:03:07,737 [INFO]   - process_name_rarity: raw=0.00 score=0.00
2026-08-02 01:03:07,737 [INFO]   - command_line_embedding_similarity: raw=0.24 score=0.00
2026-08-02 01:03:07,737 [INFO]   - total_volume_delta: raw=2.66 score=0.00
2026-08-02 01:03:07,737 [INFO]   - drift_alert: raw=2.40 score=47.93
2026-08-02 01:03:08,287 [INFO] ANOMALY DETECTED: entity=user_finance_5 score=50.00 conf=0.82
2026-08-02 01:03:08,287 [INFO]   - login_hour_rarity: raw=0.00 score=0.00
2026-08-02 01:03:08,287 [INFO]   - geolocation_rarity: raw=0.00 score=0.00
2026-08-02 01:03:08,287 [INFO]   - endpoint_set_rarity: raw=0.00 score=0.00
2026-08-02 01:03:08,287 [INFO]   - process_name_rarity: raw=0.00 score=0.00
2026-08-02 01:03:08,287 [INFO]   - command_line_embedding_similarity: raw=0.42 score=0.00
2026-08-02 01:03:08,287 [INFO]   - total_volume_delta: raw=3.46 score=0.00
2026-08-02 01:03:08,287 [INFO]   - drift_alert: raw=8.11 score=50.00
2026-08-02 01:03:10,725 [INFO] ANOMALY DETECTED: entity=user_hr_1 score=46.52 conf=0.84
2026-08-02 01:03:10,725 [INFO]   - login_hour_rarity: raw=0.00 score=0.00
2026-08-02 01:03:10,725 [INFO]   - geolocation_rarity: raw=0.00 score=0.00
2026-08-02 01:03:10,725 [INFO]   - endpoint_set_rarity: raw=0.00 score=0.00
2026-08-02 01:03:10,725 [INFO]   - process_name_rarity: raw=0.00 score=0.00
2026-08-02 01:03:10,726 [INFO]   - command_line_embedding_similarity: raw=0.32 score=0.00
2026-08-02 01:03:10,726 [INFO]   - total_volume_delta: raw=3.35 score=0.00
2026-08-02 01:03:10,726 [INFO]   - drift_alert: raw=2.33 score=46.52
2026-08-02 01:03:11,337 [INFO] ANOMALY DETECTED: entity=user_hr_9 score=50.05 conf=0.85
2026-08-02 01:03:11,338 [INFO]   - login_hour_rarity: raw=0.00 score=0.00
2026-08-02 01:03:11,338 [INFO]   - geolocation_rarity: raw=0.00 score=0.00
2026-08-02 01:03:11,338 [INFO]   - endpoint_set_rarity: raw=0.00 score=0.00
2026-08-02 01:03:11,338 [INFO]   - process_name_rarity: raw=0.03 score=0.05
2026-08-02 01:03:11,338 [INFO]   - command_line_embedding_similarity: raw=1.00 score=50.00
2026-08-02 01:03:11,338 [INFO]   - total_volume_delta: raw=3.68 score=0.00
2026-08-02 01:03:11,338 [INFO]   - drift_alert: raw=0.00 score=0.00
2026-08-02 01:03:11,933 [INFO] ANOMALY DETECTED: entity=user_hr_10 score=51.71 conf=0.86
2026-08-02 01:03:11,933 [INFO]   - login_hour_rarity: raw=0.00 score=0.00
2026-08-02 01:03:11,933 [INFO]   - geolocation_rarity: raw=0.00 score=0.00
2026-08-02 01:03:11,933 [INFO]   - endpoint_set_rarity: raw=0.00 score=0.00
2026-08-02 01:03:11,933 [INFO]   - process_name_rarity: raw=0.04 score=0.06
2026-08-02 01:03:11,933 [INFO]   - command_line_embedding_similarity: raw=1.00 score=50.00
2026-08-02 01:03:11,933 [INFO]   - total_volume_delta: raw=2.77 score=0.00
2026-08-02 01:03:11,933 [INFO]   - drift_alert: raw=0.08 score=1.65
2026-08-02 01:03:11,955 [INFO] ANOMALY DETECTED: entity=user_finance_2 score=47.93 conf=0.84
2026-08-02 01:03:11,955 [INFO]   - login_hour_rarity: raw=0.00 score=0.00
2026-08-02 01:03:11,955 [INFO]   - geolocation_rarity: raw=0.00 score=0.00
2026-08-02 01:03:11,955 [INFO]   - endpoint_set_rarity: raw=0.00 score=0.00
2026-08-02 01:03:11,955 [INFO]   - process_name_rarity: raw=0.00 score=0.00
2026-08-02 01:03:11,955 [INFO]   - command_line_embedding_similarity: raw=0.42 score=0.00
2026-08-02 01:03:11,955 [INFO]   - total_volume_delta: raw=2.66 score=0.00
2026-08-02 01:03:11,956 [INFO]   - drift_alert: raw=2.40 score=47.93
2026-08-02 01:03:12,557 [WARNING] point_baseline_shadow_fallback entity_id=svc_backup_3 as_of=2026-01-05 11:50:00 active_shadow_count=0
2026-08-02 01:03:12,559 [INFO] ANOMALY DETECTED: entity=svc_backup_3 score=50.00 conf=0.83
2026-08-02 01:03:12,559 [INFO]   - login_hour_rarity: raw=0.00 score=0.00
2026-08-02 01:03:12,559 [INFO]   - geolocation_rarity: raw=0.00 score=0.00
2026-08-02 01:03:12,559 [INFO]   - endpoint_set_rarity: raw=0.00 score=0.00
2026-08-02 01:03:12,559 [INFO]   - process_name_rarity: raw=0.00 score=0.00
2026-08-02 01:03:12,559 [INFO]   - command_line_embedding_similarity: raw=0.00 score=0.00
2026-08-02 01:03:12,559 [INFO]   - total_volume_delta: raw=3.63 score=0.00
2026-08-02 01:03:12,559 [INFO]   - drift_alert: raw=2.66 score=50.00
2026-08-02 01:03:12,559 [INFO]   - service_account_execution_frequency_deviation: raw=0.00 score=0.00
2026-08-02 01:03:13,054 [INFO] ANOMALY DETECTED: entity=user_engineer_2 score=85.06 conf=0.81
2026-08-02 01:03:13,054 [INFO]   - login_hour_rarity: raw=0.00 score=0.00
2026-08-02 01:03:13,054 [INFO]   - geolocation_rarity: raw=0.00 score=0.00
2026-08-02 01:03:13,054 [INFO]   - endpoint_set_rarity: raw=0.00 score=0.00
2026-08-02 01:03:13,054 [INFO]   - process_name_rarity: raw=0.02 score=0.03
2026-08-02 01:03:13,054 [INFO]   - command_line_embedding_similarity: raw=1.00 score=50.00
2026-08-02 01:03:13,054 [INFO]   - total_volume_delta: raw=2.89 score=0.00
2026-08-02 01:03:13,054 [INFO]   - drift_alert: raw=1.75 score=35.03
2026-08-02 01:03:13,070 [INFO] ANOMALY DETECTED: entity=user_finance_2 score=47.93 conf=0.84
2026-08-02 01:03:13,071 [INFO]   - login_hour_rarity: raw=0.00 score=0.00
2026-08-02 01:03:13,071 [INFO]   - geolocation_rarity: raw=0.00 score=0.00
2026-08-02 01:03:13,071 [INFO]   - endpoint_set_rarity: raw=0.00 score=0.00
2026-08-02 01:03:13,071 [INFO]   - process_name_rarity: raw=0.00 score=0.00
2026-08-02 01:03:13,071 [INFO]   - command_line_embedding_similarity: raw=0.23 score=0.00
2026-08-02 01:03:13,071 [INFO]   - total_volume_delta: raw=2.66 score=0.00
2026-08-02 01:03:13,071 [INFO]   - drift_alert: raw=2.40 score=47.93
2026-08-02 01:03:13,086 [INFO] ANOMALY DETECTED: entity=user_finance_4 score=50.00 conf=0.82
2026-08-02 01:03:13,086 [INFO]   - login_hour_rarity: raw=0.00 score=0.00
2026-08-02 01:03:13,086 [INFO]   - geolocation_rarity: raw=0.00 score=0.00
2026-08-02 01:03:13,086 [INFO]   - endpoint_set_rarity: raw=0.00 score=0.00
2026-08-02 01:03:13,086 [INFO]   - process_name_rarity: raw=0.00 score=0.00
2026-08-02 01:03:13,086 [INFO]   - command_line_embedding_similarity: raw=0.35 score=0.00
2026-08-02 01:03:13,086 [INFO]   - total_volume_delta: raw=3.17 score=0.00
2026-08-02 01:03:13,086 [INFO]   - drift_alert: raw=2.85 score=50.00
2026-08-02 01:03:14,087 [INFO] ANOMALY DETECTED: entity=user_hr_9 score=50.65 conf=0.85
2026-08-02 01:03:14,087 [INFO]   - login_hour_rarity: raw=0.00 score=0.00
2026-08-02 01:03:14,088 [INFO]   - geolocation_rarity: raw=0.00 score=0.00
2026-08-02 01:03:14,088 [INFO]   - endpoint_set_rarity: raw=0.00 score=0.00
2026-08-02 01:03:14,088 [INFO]   - process_name_rarity: raw=0.03 score=0.05
2026-08-02 01:03:14,088 [INFO]   - command_line_embedding_similarity: raw=1.00 score=50.00
2026-08-02 01:03:14,088 [INFO]   - total_volume_delta: raw=3.68 score=0.00
2026-08-02 01:03:14,088 [INFO]   - drift_alert: raw=0.03 score=0.60
2026-08-02 01:03:14,734 [INFO] ANOMALY DETECTED: entity=user_hr_9 score=50.65 conf=0.85
2026-08-02 01:03:14,734 [INFO]   - login_hour_rarity: raw=0.00 score=0.00
2026-08-02 01:03:14,734 [INFO]   - geolocation_rarity: raw=0.00 score=0.00
2026-08-02 01:03:14,734 [INFO]   - endpoint_set_rarity: raw=0.00 score=0.00
2026-08-02 01:03:14,734 [INFO]   - process_name_rarity: raw=0.03 score=0.05
2026-08-02 01:03:14,734 [INFO]   - command_line_embedding_similarity: raw=1.00 score=50.00
2026-08-02 01:03:14,734 [INFO]   - total_volume_delta: raw=3.68 score=0.00
2026-08-02 01:03:14,734 [INFO]   - drift_alert: raw=0.03 score=0.60
2026-08-02 01:03:14,766 [INFO] ANOMALY DETECTED: entity=user_finance_6 score=50.06 conf=0.87
2026-08-02 01:03:14,766 [INFO]   - login_hour_rarity: raw=0.00 score=0.00
2026-08-02 01:03:14,766 [INFO]   - geolocation_rarity: raw=0.00 score=0.00
2026-08-02 01:03:14,766 [INFO]   - endpoint_set_rarity: raw=0.00 score=0.00
2026-08-02 01:03:14,766 [INFO]   - process_name_rarity: raw=0.04 score=0.06
2026-08-02 01:03:14,766 [INFO]   - command_line_embedding_similarity: raw=1.00 score=50.00
2026-08-02 01:03:14,766 [INFO]   - total_volume_delta: raw=2.51 score=0.00
2026-08-02 01:03:14,766 [INFO]   - drift_alert: raw=0.00 score=0.00
2026-08-02 01:03:15,271 [INFO] ANOMALY DETECTED: entity=user_hr_7 score=100.05 conf=0.87
2026-08-02 01:03:15,271 [INFO]   - login_hour_rarity: raw=0.00 score=0.00
2026-08-02 01:03:15,271 [INFO]   - geolocation_rarity: raw=0.00 score=0.00
2026-08-02 01:03:15,271 [INFO]   - endpoint_set_rarity: raw=0.00 score=0.00
2026-08-02 01:03:15,271 [INFO]   - process_name_rarity: raw=0.03 score=0.05
2026-08-02 01:03:15,271 [INFO]   - command_line_embedding_similarity: raw=1.00 score=50.00
2026-08-02 01:03:15,271 [INFO]   - total_volume_delta: raw=2.89 score=0.00
2026-08-02 01:03:15,271 [INFO]   - drift_alert: raw=4.79 score=50.00
2026-08-02 01:03:15,452 [INFO] ANOMALY DETECTED: entity=user_finance_2 score=47.93 conf=0.84
2026-08-02 01:03:15,452 [INFO]   - login_hour_rarity: raw=0.00 score=0.00
2026-08-02 01:03:15,452 [INFO]   - geolocation_rarity: raw=0.00 score=0.00
2026-08-02 01:03:15,452 [INFO]   - endpoint_set_rarity: raw=0.00 score=0.00
2026-08-02 01:03:15,452 [INFO]   - process_name_rarity: raw=0.00 score=0.00
2026-08-02 01:03:15,452 [INFO]   - command_line_embedding_similarity: raw=0.23 score=0.00
2026-08-02 01:03:15,452 [INFO]   - total_volume_delta: raw=2.66 score=0.00
2026-08-02 01:03:15,452 [INFO]   - drift_alert: raw=2.40 score=47.93
2026-08-02 01:03:15,470 [INFO] ANOMALY DETECTED: entity=user_finance_14 score=50.00 conf=0.85
2026-08-02 01:03:15,470 [INFO]   - login_hour_rarity: raw=0.00 score=0.00
2026-08-02 01:03:15,470 [INFO]   - geolocation_rarity: raw=0.00 score=0.00
2026-08-02 01:03:15,470 [INFO]   - endpoint_set_rarity: raw=0.00 score=0.00
2026-08-02 01:03:15,470 [INFO]   - process_name_rarity: raw=0.00 score=0.00
2026-08-02 01:03:15,470 [INFO]   - command_line_embedding_similarity: raw=0.27 score=0.00
2026-08-02 01:03:15,470 [INFO]   - total_volume_delta: raw=3.42 score=0.00
2026-08-02 01:03:15,470 [INFO]   - drift_alert: raw=4.75 score=50.00
2026-08-02 01:03:15,984 [INFO] ANOMALY DETECTED: entity=user_engineer_14 score=61.84 conf=0.80
2026-08-02 01:03:15,984 [INFO]   - login_hour_rarity: raw=0.00 score=0.00
2026-08-02 01:03:15,984 [INFO]   - geolocation_rarity: raw=0.00 score=0.00
2026-08-02 01:03:15,984 [INFO]   - endpoint_set_rarity: raw=0.00 score=0.00
2026-08-02 01:03:15,984 [INFO]   - process_name_rarity: raw=0.01 score=0.02
2026-08-02 01:03:15,984 [INFO]   - command_line_embedding_similarity: raw=1.00 score=50.00
2026-08-02 01:03:15,984 [INFO]   - total_volume_delta: raw=4.03 score=0.00
2026-08-02 01:03:15,984 [INFO]   - drift_alert: raw=0.59 score=11.82
2026-08-02 01:03:16,002 [INFO] ANOMALY DETECTED: entity=user_hr_0 score=55.77 conf=0.86
2026-08-02 01:03:16,002 [INFO]   - login_hour_rarity: raw=0.00 score=0.00
2026-08-02 01:03:16,002 [INFO]   - geolocation_rarity: raw=0.00 score=0.00
2026-08-02 01:03:16,002 [INFO]   - endpoint_set_rarity: raw=0.00 score=0.00
2026-08-02 01:03:16,002 [INFO]   - process_name_rarity: raw=0.03 score=0.05
2026-08-02 01:03:16,002 [INFO]   - command_line_embedding_similarity: raw=1.00 score=50.00
2026-08-02 01:03:16,002 [INFO]   - total_volume_delta: raw=3.00 score=0.00
2026-08-02 01:03:16,002 [INFO]   - drift_alert: raw=0.29 score=5.72
2026-08-02 01:03:16,555 [INFO] ANOMALY DETECTED: entity=user_engineer_13 score=50.04 conf=0.82
2026-08-02 01:03:16,555 [INFO]   - login_hour_rarity: raw=0.00 score=0.00
2026-08-02 01:03:16,555 [INFO]   - geolocation_rarity: raw=0.00 score=0.00
2026-08-02 01:03:16,556 [INFO]   - endpoint_set_rarity: raw=0.00 score=0.00
2026-08-02 01:03:16,556 [INFO]   - process_name_rarity: raw=0.02 score=0.04
2026-08-02 01:03:16,556 [INFO]   - command_line_embedding_similarity: raw=1.00 score=50.00
2026-08-02 01:03:16,556 [INFO]   - total_volume_delta: raw=2.81 score=0.00
2026-08-02 01:03:16,556 [INFO]   - drift_alert: raw=0.00 score=0.00
2026-08-02 01:03:16,605 [INFO] ANOMALY DETECTED: entity=user_finance_4 score=100.03 conf=0.82
2026-08-02 01:03:16,605 [INFO]   - login_hour_rarity: raw=0.00 score=0.00
2026-08-02 01:03:16,605 [INFO]   - geolocation_rarity: raw=0.00 score=0.00
2026-08-02 01:03:16,605 [INFO]   - endpoint_set_rarity: raw=0.00 score=0.00
2026-08-02 01:03:16,605 [INFO]   - process_name_rarity: raw=0.02 score=0.03
2026-08-02 01:03:16,605 [INFO]   - command_line_embedding_similarity: raw=1.00 score=50.00
2026-08-02 01:03:16,605 [INFO]   - total_volume_delta: raw=3.17 score=0.00
2026-08-02 01:03:16,605 [INFO]   - drift_alert: raw=2.85 score=50.00
2026-08-02 01:03:18,187 [INFO] ANOMALY DETECTED: entity=user_hr_14 score=50.00 conf=0.84
2026-08-02 01:03:18,188 [INFO]   - login_hour_rarity: raw=0.00 score=0.00
2026-08-02 01:03:18,188 [INFO]   - geolocation_rarity: raw=0.00 score=0.00
2026-08-02 01:03:18,188 [INFO]   - endpoint_set_rarity: raw=0.00 score=0.00
2026-08-02 01:03:18,188 [INFO]   - process_name_rarity: raw=0.00 score=0.00
2026-08-02 01:03:18,188 [INFO]   - command_line_embedding_similarity: raw=0.25 score=0.00
2026-08-02 01:03:18,188 [INFO]   - total_volume_delta: raw=4.95 score=0.00
2026-08-02 01:03:18,188 [INFO]   - drift_alert: raw=5.51 score=50.00
2026-08-02 01:03:20,591 [INFO] ANOMALY DETECTED: entity=user_engineer_7 score=50.00 conf=0.82
2026-08-02 01:03:20,591 [INFO]   - login_hour_rarity: raw=0.00 score=0.00
2026-08-02 01:03:20,591 [INFO]   - geolocation_rarity: raw=0.00 score=0.00
2026-08-02 01:03:20,591 [INFO]   - endpoint_set_rarity: raw=0.00 score=0.00
2026-08-02 01:03:20,591 [INFO]   - process_name_rarity: raw=0.00 score=0.00
2026-08-02 01:03:20,591 [INFO]   - command_line_embedding_similarity: raw=0.36 score=0.00
2026-08-02 01:03:20,591 [INFO]   - total_volume_delta: raw=2.12 score=0.00
2026-08-02 01:03:20,591 [INFO]   - drift_alert: raw=5.53 score=50.00
2026-08-02 01:03:20,612 [INFO] ANOMALY DETECTED: entity=user_hr_6 score=91.27 conf=0.85
2026-08-02 01:03:20,612 [INFO]   - login_hour_rarity: raw=0.00 score=0.00
2026-08-02 01:03:20,612 [INFO]   - geolocation_rarity: raw=0.00 score=0.00
2026-08-02 01:03:20,612 [INFO]   - endpoint_set_rarity: raw=0.00 score=0.00
2026-08-02 01:03:20,612 [INFO]   - process_name_rarity: raw=0.02 score=0.04
2026-08-02 01:03:20,612 [INFO]   - command_line_embedding_similarity: raw=1.00 score=50.00
2026-08-02 01:03:20,613 [INFO]   - total_volume_delta: raw=3.04 score=0.00
2026-08-02 01:03:20,613 [INFO]   - drift_alert: raw=2.06 score=41.24
2026-08-02 01:03:20,636 [INFO] ANOMALY DETECTED: entity=user_finance_5 score=100.03 conf=0.82
2026-08-02 01:03:20,636 [INFO]   - login_hour_rarity: raw=0.00 score=0.00
2026-08-02 01:03:20,636 [INFO]   - geolocation_rarity: raw=0.00 score=0.00
2026-08-02 01:03:20,636 [INFO]   - endpoint_set_rarity: raw=0.00 score=0.00
2026-08-02 01:03:20,636 [INFO]   - process_name_rarity: raw=0.02 score=0.03
2026-08-02 01:03:20,636 [INFO]   - command_line_embedding_similarity: raw=1.00 score=50.00
2026-08-02 01:03:20,636 [INFO]   - total_volume_delta: raw=3.46 score=0.00
2026-08-02 01:03:20,636 [INFO]   - drift_alert: raw=8.11 score=50.00
2026-08-02 01:03:20,654 [INFO] ANOMALY DETECTED: entity=user_finance_14 score=50.00 conf=0.85
2026-08-02 01:03:20,654 [INFO]   - login_hour_rarity: raw=0.00 score=0.00
2026-08-02 01:03:20,654 [INFO]   - geolocation_rarity: raw=0.00 score=0.00
2026-08-02 01:03:20,654 [INFO]   - endpoint_set_rarity: raw=0.00 score=0.00
2026-08-02 01:03:20,654 [INFO]   - process_name_rarity: raw=0.00 score=0.00
2026-08-02 01:03:20,654 [INFO]   - command_line_embedding_similarity: raw=0.27 score=0.00
2026-08-02 01:03:20,654 [INFO]   - total_volume_delta: raw=3.42 score=0.00
2026-08-02 01:03:20,654 [INFO]   - drift_alert: raw=4.75 score=50.00
2026-08-02 01:03:21,155 [INFO] ANOMALY DETECTED: entity=user_engineer_10 score=50.03 conf=0.81
2026-08-02 01:03:21,155 [INFO]   - login_hour_rarity: raw=0.00 score=0.00
2026-08-02 01:03:21,155 [INFO]   - geolocation_rarity: raw=0.00 score=0.00
2026-08-02 01:03:21,155 [INFO]   - endpoint_set_rarity: raw=0.00 score=0.00
2026-08-02 01:03:21,155 [INFO]   - process_name_rarity: raw=0.02 score=0.03
2026-08-02 01:03:21,155 [INFO]   - command_line_embedding_similarity: raw=1.00 score=50.00
2026-08-02 01:03:21,155 [INFO]   - total_volume_delta: raw=2.89 score=0.00
2026-08-02 01:03:21,155 [INFO]   - drift_alert: raw=0.00 score=0.00
2026-08-02 01:03:21,190 [INFO] ANOMALY DETECTED: entity=user_finance_2 score=47.93 conf=0.84
2026-08-02 01:03:21,190 [INFO]   - login_hour_rarity: raw=0.00 score=0.00
2026-08-02 01:03:21,190 [INFO]   - geolocation_rarity: raw=0.00 score=0.00
2026-08-02 01:03:21,190 [INFO]   - endpoint_set_rarity: raw=0.00 score=0.00
2026-08-02 01:03:21,190 [INFO]   - process_name_rarity: raw=0.00 score=0.00
2026-08-02 01:03:21,190 [INFO]   - command_line_embedding_similarity: raw=0.24 score=0.00
2026-08-02 01:03:21,190 [INFO]   - total_volume_delta: raw=3.39 score=0.00
2026-08-02 01:03:21,190 [INFO]   - drift_alert: raw=2.40 score=47.93
2026-08-02 01:03:21,736 [INFO] ANOMALY DETECTED: entity=user_hr_1 score=46.52 conf=0.84
2026-08-02 01:03:21,737 [INFO]   - login_hour_rarity: raw=0.00 score=0.00
2026-08-02 01:03:21,737 [INFO]   - geolocation_rarity: raw=0.00 score=0.00
2026-08-02 01:03:21,737 [INFO]   - endpoint_set_rarity: raw=0.00 score=0.00
2026-08-02 01:03:21,737 [INFO]   - process_name_rarity: raw=0.00 score=0.00
2026-08-02 01:03:21,737 [INFO]   - command_line_embedding_similarity: raw=0.30 score=0.00
2026-08-02 01:03:21,737 [INFO]   - total_volume_delta: raw=3.35 score=0.00
2026-08-02 01:03:21,737 [INFO]   - drift_alert: raw=2.33 score=46.52
2026-08-02 01:03:22,277 [INFO] ANOMALY DETECTED: entity=user_finance_5 score=50.00 conf=0.82
2026-08-02 01:03:22,277 [INFO]   - login_hour_rarity: raw=0.00 score=0.00
2026-08-02 01:03:22,277 [INFO]   - geolocation_rarity: raw=0.00 score=0.00
2026-08-02 01:03:22,277 [INFO]   - endpoint_set_rarity: raw=0.00 score=0.00
2026-08-02 01:03:22,277 [INFO]   - process_name_rarity: raw=0.00 score=0.00
2026-08-02 01:03:22,277 [INFO]   - command_line_embedding_similarity: raw=0.19 score=0.00
2026-08-02 01:03:22,277 [INFO]   - total_volume_delta: raw=3.46 score=0.00
2026-08-02 01:03:22,277 [INFO]   - drift_alert: raw=8.11 score=50.00
2026-08-02 01:03:22,840 [INFO] ANOMALY DETECTED: entity=user_finance_2 score=97.97 conf=0.84
2026-08-02 01:03:22,840 [INFO]   - login_hour_rarity: raw=0.00 score=0.00
2026-08-02 01:03:22,840 [INFO]   - geolocation_rarity: raw=0.00 score=0.00
2026-08-02 01:03:22,840 [INFO]   - endpoint_set_rarity: raw=0.00 score=0.00
2026-08-02 01:03:22,840 [INFO]   - process_name_rarity: raw=0.03 score=0.04
2026-08-02 01:03:22,840 [INFO]   - command_line_embedding_similarity: raw=1.00 score=50.00
2026-08-02 01:03:22,840 [INFO]   - total_volume_delta: raw=3.39 score=0.00
2026-08-02 01:03:22,840 [INFO]   - drift_alert: raw=2.40 score=47.93
2026-08-02 01:03:23,383 [INFO] ANOMALY DETECTED: entity=user_finance_4 score=50.00 conf=0.82
2026-08-02 01:03:23,383 [INFO]   - login_hour_rarity: raw=0.00 score=0.00
2026-08-02 01:03:23,383 [INFO]   - geolocation_rarity: raw=0.00 score=0.00
2026-08-02 01:03:23,383 [INFO]   - endpoint_set_rarity: raw=0.00 score=0.00
2026-08-02 01:03:23,383 [INFO]   - process_name_rarity: raw=0.00 score=0.00
2026-08-02 01:03:23,383 [INFO]   - command_line_embedding_similarity: raw=0.35 score=0.00
2026-08-02 01:03:23,383 [INFO]   - total_volume_delta: raw=3.17 score=0.00
2026-08-02 01:03:23,383 [INFO]   - drift_alert: raw=2.85 score=50.00
2026-08-02 01:03:25,733 [INFO] ANOMALY DETECTED: entity=user_hr_7 score=50.00 conf=0.87
2026-08-02 01:03:25,733 [INFO]   - login_hour_rarity: raw=0.00 score=0.00
2026-08-02 01:03:25,733 [INFO]   - geolocation_rarity: raw=0.00 score=0.00
2026-08-02 01:03:25,733 [INFO]   - endpoint_set_rarity: raw=0.00 score=0.00
2026-08-02 01:03:25,733 [INFO]   - process_name_rarity: raw=0.00 score=0.00
2026-08-02 01:03:25,733 [INFO]   - command_line_embedding_similarity: raw=0.23 score=0.00
2026-08-02 01:03:25,733 [INFO]   - total_volume_delta: raw=2.89 score=0.00
2026-08-02 01:03:25,733 [INFO]   - drift_alert: raw=4.79 score=50.00
2026-08-02 01:03:26,352 [INFO] ANOMALY DETECTED: entity=user_finance_5 score=50.00 conf=0.82
2026-08-02 01:03:26,352 [INFO]   - login_hour_rarity: raw=0.00 score=0.00
2026-08-02 01:03:26,352 [INFO]   - geolocation_rarity: raw=0.00 score=0.00
2026-08-02 01:03:26,352 [INFO]   - endpoint_set_rarity: raw=0.00 score=0.00
2026-08-02 01:03:26,352 [INFO]   - process_name_rarity: raw=0.00 score=0.00
2026-08-02 01:03:26,352 [INFO]   - command_line_embedding_similarity: raw=0.22 score=0.00
2026-08-02 01:03:26,352 [INFO]   - total_volume_delta: raw=3.46 score=0.00
2026-08-02 01:03:26,352 [INFO]   - drift_alert: raw=8.11 score=50.00
2026-08-02 01:03:26,368 [INFO] ANOMALY DETECTED: entity=user_finance_7 score=96.65 conf=0.88
2026-08-02 01:03:26,368 [INFO]   - login_hour_rarity: raw=0.00 score=0.00
2026-08-02 01:03:26,369 [INFO]   - geolocation_rarity: raw=0.00 score=0.00
2026-08-02 01:03:26,369 [INFO]   - endpoint_set_rarity: raw=0.00 score=0.00
2026-08-02 01:03:26,369 [INFO]   - process_name_rarity: raw=0.03 score=0.05
2026-08-02 01:03:26,369 [INFO]   - command_line_embedding_similarity: raw=1.00 score=50.00
2026-08-02 01:03:26,369 [INFO]   - total_volume_delta: raw=2.32 score=0.00
2026-08-02 01:03:26,369 [INFO]   - drift_alert: raw=2.33 score=46.60
2026-08-02 01:03:26,886 [INFO] ANOMALY DETECTED: entity=user_hr_14 score=50.00 conf=0.84
2026-08-02 01:03:26,886 [INFO]   - login_hour_rarity: raw=0.00 score=0.00
2026-08-02 01:03:26,886 [INFO]   - geolocation_rarity: raw=0.00 score=0.00
2026-08-02 01:03:26,886 [INFO]   - endpoint_set_rarity: raw=0.00 score=0.00
2026-08-02 01:03:26,886 [INFO]   - process_name_rarity: raw=0.00 score=0.00
2026-08-02 01:03:26,886 [INFO]   - command_line_embedding_similarity: raw=0.42 score=0.00
2026-08-02 01:03:26,886 [INFO]   - total_volume_delta: raw=4.95 score=0.00
2026-08-02 01:03:26,886 [INFO]   - drift_alert: raw=5.51 score=50.00
2026-08-02 01:03:26,916 [INFO] ANOMALY DETECTED: entity=user_finance_7 score=46.60 conf=0.88
2026-08-02 01:03:26,917 [INFO]   - login_hour_rarity: raw=0.00 score=0.00
2026-08-02 01:03:26,917 [INFO]   - geolocation_rarity: raw=0.00 score=0.00
2026-08-02 01:03:26,917 [INFO]   - endpoint_set_rarity: raw=0.00 score=0.00
2026-08-02 01:03:26,917 [INFO]   - process_name_rarity: raw=0.00 score=0.00
2026-08-02 01:03:26,917 [INFO]   - command_line_embedding_similarity: raw=0.24 score=0.00
2026-08-02 01:03:26,917 [INFO]   - total_volume_delta: raw=2.32 score=0.00
2026-08-02 01:03:26,917 [INFO]   - drift_alert: raw=2.33 score=46.60
2026-08-02 01:03:27,456 [INFO] ANOMALY DETECTED: entity=user_engineer_9 score=50.00 conf=0.84
2026-08-02 01:03:27,456 [INFO]   - login_hour_rarity: raw=0.00 score=0.00
2026-08-02 01:03:27,456 [INFO]   - geolocation_rarity: raw=0.00 score=0.00
2026-08-02 01:03:27,457 [INFO]   - endpoint_set_rarity: raw=0.00 score=0.00
2026-08-02 01:03:27,457 [INFO]   - process_name_rarity: raw=0.00 score=0.00
2026-08-02 01:03:27,457 [INFO]   - command_line_embedding_similarity: raw=0.22 score=0.00
2026-08-02 01:03:27,457 [INFO]   - total_volume_delta: raw=3.58 score=0.00
2026-08-02 01:03:27,457 [INFO]   - drift_alert: raw=4.61 score=50.00
2026-08-02 01:03:28,434 [INFO] ANOMALY DETECTED: entity=user_finance_3 score=85.45 conf=0.84
2026-08-02 01:03:28,434 [INFO]   - login_hour_rarity: raw=0.00 score=0.00
2026-08-02 01:03:28,434 [INFO]   - geolocation_rarity: raw=0.00 score=0.00
2026-08-02 01:03:28,434 [INFO]   - endpoint_set_rarity: raw=0.00 score=0.00
2026-08-02 01:03:28,434 [INFO]   - process_name_rarity: raw=0.02 score=0.03
2026-08-02 01:03:28,434 [INFO]   - command_line_embedding_similarity: raw=1.00 score=50.00
2026-08-02 01:03:28,434 [INFO]   - total_volume_delta: raw=3.10 score=0.00
2026-08-02 01:03:28,434 [INFO]   - drift_alert: raw=1.77 score=35.41
2026-08-02 01:03:28,951 [INFO] ANOMALY DETECTED: entity=user_finance_2 score=47.93 conf=0.84
2026-08-02 01:03:28,951 [INFO]   - login_hour_rarity: raw=0.00 score=0.00
2026-08-02 01:03:28,951 [INFO]   - geolocation_rarity: raw=0.00 score=0.00
2026-08-02 01:03:28,951 [INFO]   - endpoint_set_rarity: raw=0.00 score=0.00
2026-08-02 01:03:28,951 [INFO]   - process_name_rarity: raw=0.00 score=0.00
2026-08-02 01:03:28,951 [INFO]   - command_line_embedding_similarity: raw=0.30 score=0.00
2026-08-02 01:03:28,951 [INFO]   - total_volume_delta: raw=3.39 score=0.00
2026-08-02 01:03:28,951 [INFO]   - drift_alert: raw=2.40 score=47.93
2026-08-02 01:03:28,967 [INFO] ANOMALY DETECTED: entity=user_finance_4 score=100.03 conf=0.82
2026-08-02 01:03:28,967 [INFO]   - login_hour_rarity: raw=0.00 score=0.00
2026-08-02 01:03:28,967 [INFO]   - geolocation_rarity: raw=0.00 score=0.00
2026-08-02 01:03:28,967 [INFO]   - endpoint_set_rarity: raw=0.00 score=0.00
2026-08-02 01:03:28,967 [INFO]   - process_name_rarity: raw=0.02 score=0.03
2026-08-02 01:03:28,967 [INFO]   - command_line_embedding_similarity: raw=1.00 score=50.00
2026-08-02 01:03:28,967 [INFO]   - total_volume_delta: raw=3.17 score=0.00
2026-08-02 01:03:28,967 [INFO]   - drift_alert: raw=2.85 score=50.00
2026-08-02 01:03:29,488 [INFO] ANOMALY DETECTED: entity=user_hr_7 score=50.00 conf=0.87
2026-08-02 01:03:29,488 [INFO]   - login_hour_rarity: raw=0.00 score=0.00
2026-08-02 01:03:29,488 [INFO]   - geolocation_rarity: raw=0.00 score=0.00
2026-08-02 01:03:29,488 [INFO]   - endpoint_set_rarity: raw=0.00 score=0.00
2026-08-02 01:03:29,488 [INFO]   - process_name_rarity: raw=0.00 score=0.00
2026-08-02 01:03:29,488 [INFO]   - command_line_embedding_similarity: raw=0.28 score=0.00
2026-08-02 01:03:29,488 [INFO]   - total_volume_delta: raw=2.89 score=0.00
2026-08-02 01:03:29,488 [INFO]   - drift_alert: raw=4.79 score=50.00
2026-08-02 01:03:30,312 [INFO] ANOMALY DETECTED: entity=user_finance_11 score=50.06 conf=0.87
2026-08-02 01:03:30,312 [INFO]   - login_hour_rarity: raw=0.00 score=0.00
2026-08-02 01:03:30,312 [INFO]   - geolocation_rarity: raw=0.00 score=0.00
2026-08-02 01:03:30,312 [INFO]   - endpoint_set_rarity: raw=0.00 score=0.00
2026-08-02 01:03:30,312 [INFO]   - process_name_rarity: raw=0.04 score=0.06
2026-08-02 01:03:30,312 [INFO]   - command_line_embedding_similarity: raw=1.00 score=50.00
2026-08-02 01:03:30,312 [INFO]   - total_volume_delta: raw=3.04 score=0.00
2026-08-02 01:03:30,312 [INFO]   - drift_alert: raw=0.00 score=0.00
2026-08-02 01:03:31,094 [INFO] ANOMALY DETECTED: entity=user_engineer_7 score=50.00 conf=0.82
2026-08-02 01:03:31,094 [INFO]   - login_hour_rarity: raw=0.00 score=0.00
2026-08-02 01:03:31,094 [INFO]   - geolocation_rarity: raw=0.00 score=0.00
2026-08-02 01:03:31,094 [INFO]   - endpoint_set_rarity: raw=0.00 score=0.00
2026-08-02 01:03:31,094 [INFO]   - process_name_rarity: raw=0.00 score=0.00
2026-08-02 01:03:31,094 [INFO]   - command_line_embedding_similarity: raw=0.36 score=0.00
2026-08-02 01:03:31,094 [INFO]   - total_volume_delta: raw=2.12 score=0.00
2026-08-02 01:03:31,094 [INFO]   - drift_alert: raw=5.53 score=50.00
2026-08-02 01:03:31,733 [INFO] ANOMALY DETECTED: entity=user_finance_13 score=50.04 conf=0.84
2026-08-02 01:03:31,733 [INFO]   - login_hour_rarity: raw=0.00 score=0.00
2026-08-02 01:03:31,734 [INFO]   - geolocation_rarity: raw=0.00 score=0.00
2026-08-02 01:03:31,734 [INFO]   - endpoint_set_rarity: raw=0.00 score=0.00
2026-08-02 01:03:31,734 [INFO]   - process_name_rarity: raw=0.03 score=0.04
2026-08-02 01:03:31,734 [INFO]   - command_line_embedding_similarity: raw=1.00 score=50.00
2026-08-02 01:03:31,734 [INFO]   - total_volume_delta: raw=2.35 score=0.00
2026-08-02 01:03:31,734 [INFO]   - drift_alert: raw=0.00 score=0.00
2026-08-02 01:03:32,269 [INFO] ANOMALY DETECTED: entity=user_hr_3 score=50.04 conf=0.83
2026-08-02 01:03:32,269 [INFO]   - login_hour_rarity: raw=0.00 score=0.00
2026-08-02 01:03:32,269 [INFO]   - geolocation_rarity: raw=0.00 score=0.00
2026-08-02 01:03:32,269 [INFO]   - endpoint_set_rarity: raw=0.00 score=0.00
2026-08-02 01:03:32,269 [INFO]   - process_name_rarity: raw=0.03 score=0.04
2026-08-02 01:03:32,269 [INFO]   - command_line_embedding_similarity: raw=1.00 score=50.00
2026-08-02 01:03:32,270 [INFO]   - total_volume_delta: raw=3.51 score=0.00
2026-08-02 01:03:32,270 [INFO]   - drift_alert: raw=0.00 score=0.00
2026-08-02 01:03:32,290 [INFO] ANOMALY DETECTED: entity=user_finance_7 score=96.65 conf=0.88
2026-08-02 01:03:32,290 [INFO]   - login_hour_rarity: raw=0.00 score=0.00
2026-08-02 01:03:32,290 [INFO]   - geolocation_rarity: raw=0.00 score=0.00
2026-08-02 01:03:32,290 [INFO]   - endpoint_set_rarity: raw=0.00 score=0.00
2026-08-02 01:03:32,290 [INFO]   - process_name_rarity: raw=0.03 score=0.05
2026-08-02 01:03:32,290 [INFO]   - command_line_embedding_similarity: raw=1.00 score=50.00
2026-08-02 01:03:32,290 [INFO]   - total_volume_delta: raw=2.32 score=0.00
2026-08-02 01:03:32,290 [INFO]   - drift_alert: raw=2.33 score=46.60
2026-08-02 01:03:32,309 [INFO] ANOMALY DETECTED: entity=user_finance_10 score=50.04 conf=0.85
2026-08-02 01:03:32,309 [INFO]   - login_hour_rarity: raw=0.00 score=0.00
2026-08-02 01:03:32,309 [INFO]   - geolocation_rarity: raw=0.00 score=0.00
2026-08-02 01:03:32,309 [INFO]   - endpoint_set_rarity: raw=0.00 score=0.00
2026-08-02 01:03:32,309 [INFO]   - process_name_rarity: raw=0.03 score=0.04
2026-08-02 01:03:32,309 [INFO]   - command_line_embedding_similarity: raw=1.00 score=50.00
2026-08-02 01:03:32,309 [INFO]   - total_volume_delta: raw=3.22 score=0.00
2026-08-02 01:03:32,309 [INFO]   - drift_alert: raw=0.00 score=0.00
2026-08-02 01:03:32,933 [INFO] ANOMALY DETECTED: entity=user_engineer_9 score=100.03 conf=0.84
2026-08-02 01:03:32,933 [INFO]   - login_hour_rarity: raw=0.00 score=0.00
2026-08-02 01:03:32,933 [INFO]   - geolocation_rarity: raw=0.00 score=0.00
2026-08-02 01:03:32,933 [INFO]   - endpoint_set_rarity: raw=0.00 score=0.00
2026-08-02 01:03:32,933 [INFO]   - process_name_rarity: raw=0.02 score=0.03
2026-08-02 01:03:32,933 [INFO]   - command_line_embedding_similarity: raw=1.00 score=50.00
2026-08-02 01:03:32,933 [INFO]   - total_volume_delta: raw=3.58 score=0.00
2026-08-02 01:03:32,933 [INFO]   - drift_alert: raw=4.61 score=50.00
2026-08-02 01:03:32,951 [INFO] ANOMALY DETECTED: entity=user_hr_10 score=51.71 conf=0.86
2026-08-02 01:03:32,951 [INFO]   - login_hour_rarity: raw=0.00 score=0.00
2026-08-02 01:03:32,951 [INFO]   - geolocation_rarity: raw=0.00 score=0.00
2026-08-02 01:03:32,951 [INFO]   - endpoint_set_rarity: raw=0.00 score=0.00
2026-08-02 01:03:32,952 [INFO]   - process_name_rarity: raw=0.04 score=0.06
2026-08-02 01:03:32,952 [INFO]   - command_line_embedding_similarity: raw=1.00 score=50.00
2026-08-02 01:03:32,952 [INFO]   - total_volume_delta: raw=2.77 score=0.00
2026-08-02 01:03:32,952 [INFO]   - drift_alert: raw=0.08 score=1.65
2026-08-02 01:03:33,496 [INFO] ANOMALY DETECTED: entity=user_engineer_9 score=50.00 conf=0.84
2026-08-02 01:03:33,496 [INFO]   - login_hour_rarity: raw=0.00 score=0.00
2026-08-02 01:03:33,496 [INFO]   - geolocation_rarity: raw=0.00 score=0.00
2026-08-02 01:03:33,496 [INFO]   - endpoint_set_rarity: raw=0.00 score=0.00
2026-08-02 01:03:33,496 [INFO]   - process_name_rarity: raw=0.00 score=0.00
2026-08-02 01:03:33,496 [INFO]   - command_line_embedding_similarity: raw=0.30 score=0.00
2026-08-02 01:03:33,496 [INFO]   - total_volume_delta: raw=3.58 score=0.00
2026-08-02 01:03:33,496 [INFO]   - drift_alert: raw=4.61 score=50.00
2026-08-02 01:03:33,513 [INFO] ANOMALY DETECTED: entity=user_hr_14 score=50.00 conf=0.84
2026-08-02 01:03:33,514 [INFO]   - login_hour_rarity: raw=0.00 score=0.00
2026-08-02 01:03:33,514 [INFO]   - geolocation_rarity: raw=0.00 score=0.00
2026-08-02 01:03:33,514 [INFO]   - endpoint_set_rarity: raw=0.00 score=0.00
2026-08-02 01:03:33,514 [INFO]   - process_name_rarity: raw=0.00 score=0.00
2026-08-02 01:03:33,514 [INFO]   - command_line_embedding_similarity: raw=0.22 score=0.00
2026-08-02 01:03:33,514 [INFO]   - total_volume_delta: raw=4.95 score=0.00
2026-08-02 01:03:33,514 [INFO]   - drift_alert: raw=5.51 score=50.00
2026-08-02 01:03:34,606 [INFO] ANOMALY DETECTED: entity=user_hr_7 score=50.00 conf=0.87
2026-08-02 01:03:34,606 [INFO]   - login_hour_rarity: raw=0.00 score=0.00
2026-08-02 01:03:34,606 [INFO]   - geolocation_rarity: raw=0.00 score=0.00
2026-08-02 01:03:34,606 [INFO]   - endpoint_set_rarity: raw=0.00 score=0.00
2026-08-02 01:03:34,606 [INFO]   - process_name_rarity: raw=0.00 score=0.00
2026-08-02 01:03:34,606 [INFO]   - command_line_embedding_similarity: raw=0.36 score=0.00
2026-08-02 01:03:34,606 [INFO]   - total_volume_delta: raw=2.89 score=0.00
2026-08-02 01:03:34,606 [INFO]   - drift_alert: raw=4.79 score=50.00
2026-08-02 01:03:35,157 [INFO] ANOMALY DETECTED: entity=user_hr_7 score=100.05 conf=0.87
2026-08-02 01:03:35,157 [INFO]   - login_hour_rarity: raw=0.00 score=0.00
2026-08-02 01:03:35,157 [INFO]   - geolocation_rarity: raw=0.00 score=0.00
2026-08-02 01:03:35,157 [INFO]   - endpoint_set_rarity: raw=0.00 score=0.00
2026-08-02 01:03:35,157 [INFO]   - process_name_rarity: raw=0.03 score=0.05
2026-08-02 01:03:35,158 [INFO]   - command_line_embedding_similarity: raw=1.00 score=50.00
2026-08-02 01:03:35,158 [INFO]   - total_volume_delta: raw=2.89 score=0.00
2026-08-02 01:03:35,158 [INFO]   - drift_alert: raw=4.79 score=50.00
2026-08-02 01:03:35,195 [INFO] ANOMALY DETECTED: entity=user_finance_8 score=50.05 conf=0.86
2026-08-02 01:03:35,195 [INFO]   - login_hour_rarity: raw=0.00 score=0.00
2026-08-02 01:03:35,195 [INFO]   - geolocation_rarity: raw=0.00 score=0.00
2026-08-02 01:03:35,195 [INFO]   - endpoint_set_rarity: raw=0.00 score=0.00
2026-08-02 01:03:35,195 [INFO]   - process_name_rarity: raw=0.03 score=0.05
2026-08-02 01:03:35,195 [INFO]   - command_line_embedding_similarity: raw=1.00 score=50.00
2026-08-02 01:03:35,195 [INFO]   - total_volume_delta: raw=3.52 score=0.00
2026-08-02 01:03:35,195 [INFO]   - drift_alert: raw=0.00 score=0.00
2026-08-02 01:03:35,722 [INFO] ANOMALY DETECTED: entity=user_engineer_14 score=48.57 conf=0.80
2026-08-02 01:03:35,722 [INFO]   - login_hour_rarity: raw=0.00 score=0.00
2026-08-02 01:03:35,722 [INFO]   - geolocation_rarity: raw=0.00 score=0.00
2026-08-02 01:03:35,722 [INFO]   - endpoint_set_rarity: raw=0.00 score=0.00
2026-08-02 01:03:35,722 [INFO]   - process_name_rarity: raw=0.00 score=0.00
2026-08-02 01:03:35,722 [INFO]   - command_line_embedding_similarity: raw=0.33 score=0.00
2026-08-02 01:03:35,722 [INFO]   - total_volume_delta: raw=4.03 score=0.00
2026-08-02 01:03:35,722 [INFO]   - drift_alert: raw=2.43 score=48.57
2026-08-02 01:03:35,742 [INFO] ANOMALY DETECTED: entity=user_hr_13 score=50.06 conf=0.86
2026-08-02 01:03:35,742 [INFO]   - login_hour_rarity: raw=0.00 score=0.00
2026-08-02 01:03:35,742 [INFO]   - geolocation_rarity: raw=0.00 score=0.00
2026-08-02 01:03:35,742 [INFO]   - endpoint_set_rarity: raw=0.00 score=0.00
2026-08-02 01:03:35,742 [INFO]   - process_name_rarity: raw=0.04 score=0.06
2026-08-02 01:03:35,742 [INFO]   - command_line_embedding_similarity: raw=1.00 score=50.00
2026-08-02 01:03:35,742 [INFO]   - total_volume_delta: raw=2.65 score=0.00
2026-08-02 01:03:35,742 [INFO]   - drift_alert: raw=0.00 score=0.00
2026-08-02 01:03:37,266 [INFO] ANOMALY DETECTED: entity=user_hr_7 score=100.05 conf=0.87
2026-08-02 01:03:37,266 [INFO]   - login_hour_rarity: raw=0.00 score=0.00
2026-08-02 01:03:37,267 [INFO]   - geolocation_rarity: raw=0.00 score=0.00
2026-08-02 01:03:37,267 [INFO]   - endpoint_set_rarity: raw=0.00 score=0.00
2026-08-02 01:03:37,267 [INFO]   - process_name_rarity: raw=0.03 score=0.05
2026-08-02 01:03:37,267 [INFO]   - command_line_embedding_similarity: raw=1.00 score=50.00
2026-08-02 01:03:37,267 [INFO]   - total_volume_delta: raw=2.89 score=0.00
2026-08-02 01:03:37,267 [INFO]   - drift_alert: raw=4.79 score=50.00
2026-08-02 01:03:37,299 [INFO] ANOMALY DETECTED: entity=user_hr_14 score=50.00 conf=0.84
2026-08-02 01:03:37,299 [INFO]   - login_hour_rarity: raw=0.00 score=0.00
2026-08-02 01:03:37,299 [INFO]   - geolocation_rarity: raw=0.00 score=0.00
2026-08-02 01:03:37,299 [INFO]   - endpoint_set_rarity: raw=0.00 score=0.00
2026-08-02 01:03:37,300 [INFO]   - process_name_rarity: raw=0.00 score=0.00
2026-08-02 01:03:37,300 [INFO]   - command_line_embedding_similarity: raw=0.33 score=0.00
2026-08-02 01:03:37,300 [INFO]   - total_volume_delta: raw=4.95 score=0.00
2026-08-02 01:03:37,300 [INFO]   - drift_alert: raw=5.51 score=50.00
2026-08-02 01:03:37,322 [INFO] ANOMALY DETECTED: entity=user_finance_2 score=47.93 conf=0.84
2026-08-02 01:03:37,322 [INFO]   - login_hour_rarity: raw=0.00 score=0.00
2026-08-02 01:03:37,322 [INFO]   - geolocation_rarity: raw=0.00 score=0.00
2026-08-02 01:03:37,322 [INFO]   - endpoint_set_rarity: raw=0.00 score=0.00
2026-08-02 01:03:37,322 [INFO]   - process_name_rarity: raw=0.00 score=0.00
2026-08-02 01:03:37,322 [INFO]   - command_line_embedding_similarity: raw=0.23 score=0.00
2026-08-02 01:03:37,322 [INFO]   - total_volume_delta: raw=3.39 score=0.00
2026-08-02 01:03:37,322 [INFO]   - drift_alert: raw=2.40 score=47.93
2026-08-02 01:03:37,872 [INFO] ANOMALY DETECTED: entity=user_engineer_14 score=48.57 conf=0.80
2026-08-02 01:03:37,872 [INFO]   - login_hour_rarity: raw=0.00 score=0.00
2026-08-02 01:03:37,872 [INFO]   - geolocation_rarity: raw=0.00 score=0.00
2026-08-02 01:03:37,872 [INFO]   - endpoint_set_rarity: raw=0.00 score=0.00
2026-08-02 01:03:37,872 [INFO]   - process_name_rarity: raw=0.00 score=0.00
2026-08-02 01:03:37,872 [INFO]   - command_line_embedding_similarity: raw=0.39 score=0.00
2026-08-02 01:03:37,872 [INFO]   - total_volume_delta: raw=4.03 score=0.00
2026-08-02 01:03:37,872 [INFO]   - drift_alert: raw=2.43 score=48.57
2026-08-02 01:03:38,957 [INFO] ANOMALY DETECTED: entity=user_finance_4 score=50.00 conf=0.82
2026-08-02 01:03:38,957 [INFO]   - login_hour_rarity: raw=0.00 score=0.00
2026-08-02 01:03:38,957 [INFO]   - geolocation_rarity: raw=0.00 score=0.00
2026-08-02 01:03:38,957 [INFO]   - endpoint_set_rarity: raw=0.00 score=0.00
2026-08-02 01:03:38,957 [INFO]   - process_name_rarity: raw=0.00 score=0.00
2026-08-02 01:03:38,957 [INFO]   - command_line_embedding_similarity: raw=0.30 score=0.00
2026-08-02 01:03:38,957 [INFO]   - total_volume_delta: raw=3.17 score=0.00
2026-08-02 01:03:38,957 [INFO]   - drift_alert: raw=2.85 score=50.00
2026-08-02 01:03:39,574 [INFO] ANOMALY DETECTED: entity=user_hr_4 score=50.05 conf=0.85
2026-08-02 01:03:39,574 [INFO]   - login_hour_rarity: raw=0.00 score=0.00
2026-08-02 01:03:39,574 [INFO]   - geolocation_rarity: raw=0.00 score=0.00
2026-08-02 01:03:39,574 [INFO]   - endpoint_set_rarity: raw=0.00 score=0.00
2026-08-02 01:03:39,574 [INFO]   - process_name_rarity: raw=0.03 score=0.05
2026-08-02 01:03:39,574 [INFO]   - command_line_embedding_similarity: raw=1.00 score=50.00
2026-08-02 01:03:39,575 [INFO]   - total_volume_delta: raw=3.02 score=0.00
2026-08-02 01:03:39,575 [INFO]   - drift_alert: raw=0.00 score=0.00
2026-08-02 01:03:40,725 [INFO] ANOMALY DETECTED: entity=user_finance_1 score=50.05 conf=0.86
2026-08-02 01:03:40,726 [INFO]   - login_hour_rarity: raw=0.00 score=0.00
2026-08-02 01:03:40,726 [INFO]   - geolocation_rarity: raw=0.00 score=0.00
2026-08-02 01:03:40,726 [INFO]   - endpoint_set_rarity: raw=0.00 score=0.00
2026-08-02 01:03:40,726 [INFO]   - process_name_rarity: raw=0.03 score=0.05
2026-08-02 01:03:40,726 [INFO]   - command_line_embedding_similarity: raw=1.00 score=50.00
2026-08-02 01:03:40,726 [INFO]   - total_volume_delta: raw=3.28 score=0.00
2026-08-02 01:03:40,726 [INFO]   - drift_alert: raw=0.00 score=0.00
2026-08-02 01:03:40,746 [INFO] ANOMALY DETECTED: entity=user_finance_2 score=97.97 conf=0.84
2026-08-02 01:03:40,746 [INFO]   - login_hour_rarity: raw=0.00 score=0.00
2026-08-02 01:03:40,746 [INFO]   - geolocation_rarity: raw=0.00 score=0.00
2026-08-02 01:03:40,746 [INFO]   - endpoint_set_rarity: raw=0.00 score=0.00
2026-08-02 01:03:40,746 [INFO]   - process_name_rarity: raw=0.03 score=0.04
2026-08-02 01:03:40,746 [INFO]   - command_line_embedding_similarity: raw=1.00 score=50.00
2026-08-02 01:03:40,746 [INFO]   - total_volume_delta: raw=3.39 score=0.00
2026-08-02 01:03:40,746 [INFO]   - drift_alert: raw=2.40 score=47.93
2026-08-02 01:03:41,465 [INFO] ANOMALY DETECTED: entity=user_finance_4 score=100.03 conf=0.82
2026-08-02 01:03:41,465 [INFO]   - login_hour_rarity: raw=0.00 score=0.00
2026-08-02 01:03:41,465 [INFO]   - geolocation_rarity: raw=0.00 score=0.00
2026-08-02 01:03:41,465 [INFO]   - endpoint_set_rarity: raw=0.00 score=0.00
2026-08-02 01:03:41,465 [INFO]   - process_name_rarity: raw=0.02 score=0.03
2026-08-02 01:03:41,465 [INFO]   - command_line_embedding_similarity: raw=1.00 score=50.00
2026-08-02 01:03:41,465 [INFO]   - total_volume_delta: raw=3.17 score=0.00
2026-08-02 01:03:41,465 [INFO]   - drift_alert: raw=2.85 score=50.00
2026-08-02 01:03:41,993 [INFO] ANOMALY DETECTED: entity=user_hr_7 score=50.00 conf=0.87
2026-08-02 01:03:41,993 [INFO]   - login_hour_rarity: raw=0.00 score=0.00
2026-08-02 01:03:41,993 [INFO]   - geolocation_rarity: raw=0.00 score=0.00
2026-08-02 01:03:41,993 [INFO]   - endpoint_set_rarity: raw=0.00 score=0.00
2026-08-02 01:03:41,993 [INFO]   - process_name_rarity: raw=0.00 score=0.00
2026-08-02 01:03:41,994 [INFO]   - command_line_embedding_similarity: raw=0.34 score=0.00
2026-08-02 01:03:41,994 [INFO]   - total_volume_delta: raw=2.89 score=0.00
2026-08-02 01:03:41,994 [INFO]   - drift_alert: raw=4.79 score=50.00
2026-08-02 01:03:42,014 [INFO] ANOMALY DETECTED: entity=user_finance_1 score=50.05 conf=0.86
2026-08-02 01:03:42,014 [INFO]   - login_hour_rarity: raw=0.00 score=0.00
2026-08-02 01:03:42,014 [INFO]   - geolocation_rarity: raw=0.00 score=0.00
2026-08-02 01:03:42,014 [INFO]   - endpoint_set_rarity: raw=0.00 score=0.00
2026-08-02 01:03:42,014 [INFO]   - process_name_rarity: raw=0.03 score=0.05
2026-08-02 01:03:42,014 [INFO]   - command_line_embedding_similarity: raw=1.00 score=50.00
2026-08-02 01:03:42,014 [INFO]   - total_volume_delta: raw=3.28 score=0.00
2026-08-02 01:03:42,014 [INFO]   - drift_alert: raw=0.00 score=0.00
2026-08-02 01:03:42,034 [INFO] ANOMALY DETECTED: entity=user_finance_5 score=50.00 conf=0.82
2026-08-02 01:03:42,034 [INFO]   - login_hour_rarity: raw=0.00 score=0.00
2026-08-02 01:03:42,034 [INFO]   - geolocation_rarity: raw=0.00 score=0.00
2026-08-02 01:03:42,034 [INFO]   - endpoint_set_rarity: raw=0.00 score=0.00
2026-08-02 01:03:42,034 [INFO]   - process_name_rarity: raw=0.00 score=0.00
2026-08-02 01:03:42,034 [INFO]   - command_line_embedding_similarity: raw=0.19 score=0.00
2026-08-02 01:03:42,034 [INFO]   - total_volume_delta: raw=3.46 score=0.00
2026-08-02 01:03:42,034 [INFO]   - drift_alert: raw=8.11 score=50.00
2026-08-02 01:03:42,561 [INFO] ANOMALY DETECTED: entity=user_finance_5 score=50.00 conf=0.82
2026-08-02 01:03:42,561 [INFO]   - login_hour_rarity: raw=0.00 score=0.00
2026-08-02 01:03:42,562 [INFO]   - geolocation_rarity: raw=0.00 score=0.00
2026-08-02 01:03:42,562 [INFO]   - endpoint_set_rarity: raw=0.00 score=0.00
2026-08-02 01:03:42,562 [INFO]   - process_name_rarity: raw=0.00 score=0.00
2026-08-02 01:03:42,562 [INFO]   - command_line_embedding_similarity: raw=0.38 score=0.00
2026-08-02 01:03:42,562 [INFO]   - total_volume_delta: raw=3.46 score=0.00
2026-08-02 01:03:42,562 [INFO]   - drift_alert: raw=8.11 score=50.00
2026-08-02 01:03:43,092 [INFO] ANOMALY DETECTED: entity=user_engineer_9 score=50.00 conf=0.84
2026-08-02 01:03:43,092 [INFO]   - login_hour_rarity: raw=0.00 score=0.00
2026-08-02 01:03:43,092 [INFO]   - geolocation_rarity: raw=0.00 score=0.00
2026-08-02 01:03:43,092 [INFO]   - endpoint_set_rarity: raw=0.00 score=0.00
2026-08-02 01:03:43,092 [INFO]   - process_name_rarity: raw=0.00 score=0.00
2026-08-02 01:03:43,092 [INFO]   - command_line_embedding_similarity: raw=0.31 score=0.00
2026-08-02 01:03:43,092 [INFO]   - total_volume_delta: raw=3.58 score=0.00
2026-08-02 01:03:43,092 [INFO]   - drift_alert: raw=4.61 score=50.00
2026-08-02 01:03:43,113 [INFO] ANOMALY DETECTED: entity=user_finance_7 score=96.65 conf=0.88
2026-08-02 01:03:43,113 [INFO]   - login_hour_rarity: raw=0.00 score=0.00
2026-08-02 01:03:43,114 [INFO]   - geolocation_rarity: raw=0.00 score=0.00
2026-08-02 01:03:43,114 [INFO]   - endpoint_set_rarity: raw=0.00 score=0.00
2026-08-02 01:03:43,114 [INFO]   - process_name_rarity: raw=0.03 score=0.05
2026-08-02 01:03:43,114 [INFO]   - command_line_embedding_similarity: raw=1.00 score=50.00
2026-08-02 01:03:43,114 [INFO]   - total_volume_delta: raw=2.32 score=0.00
2026-08-02 01:03:43,114 [INFO]   - drift_alert: raw=2.33 score=46.60
2026-08-02 01:03:43,133 [INFO] ANOMALY DETECTED: entity=user_finance_9 score=50.05 conf=0.85
2026-08-02 01:03:43,133 [INFO]   - login_hour_rarity: raw=0.00 score=0.00
2026-08-02 01:03:43,133 [INFO]   - geolocation_rarity: raw=0.00 score=0.00
2026-08-02 01:03:43,133 [INFO]   - endpoint_set_rarity: raw=0.00 score=0.00
2026-08-02 01:03:43,133 [INFO]   - process_name_rarity: raw=0.04 score=0.05
2026-08-02 01:03:43,133 [INFO]   - command_line_embedding_similarity: raw=1.00 score=50.00
2026-08-02 01:03:43,133 [INFO]   - total_volume_delta: raw=3.48 score=0.00
2026-08-02 01:03:43,133 [INFO]   - drift_alert: raw=0.00 score=0.00
2026-08-02 01:03:44,206 [INFO] ANOMALY DETECTED: entity=user_engineer_12 score=50.04 conf=0.85
2026-08-02 01:03:44,206 [INFO]   - login_hour_rarity: raw=0.00 score=0.00
2026-08-02 01:03:44,207 [INFO]   - geolocation_rarity: raw=0.00 score=0.00
2026-08-02 01:03:44,207 [INFO]   - endpoint_set_rarity: raw=0.00 score=0.00
2026-08-02 01:03:44,207 [INFO]   - process_name_rarity: raw=0.03 score=0.04
2026-08-02 01:03:44,207 [INFO]   - command_line_embedding_similarity: raw=1.00 score=50.00
2026-08-02 01:03:44,207 [INFO]   - total_volume_delta: raw=4.00 score=0.00
2026-08-02 01:03:44,207 [INFO]   - drift_alert: raw=0.00 score=0.00
2026-08-02 01:03:44,798 [INFO] ANOMALY DETECTED: entity=user_finance_2 score=47.93 conf=0.84
2026-08-02 01:03:44,798 [INFO]   - login_hour_rarity: raw=0.00 score=0.00
2026-08-02 01:03:44,798 [INFO]   - geolocation_rarity: raw=0.00 score=0.00
2026-08-02 01:03:44,798 [INFO]   - endpoint_set_rarity: raw=0.00 score=0.00
2026-08-02 01:03:44,798 [INFO]   - process_name_rarity: raw=0.00 score=0.00
2026-08-02 01:03:44,798 [INFO]   - command_line_embedding_similarity: raw=0.15 score=0.00
2026-08-02 01:03:44,799 [INFO]   - total_volume_delta: raw=3.39 score=0.00
2026-08-02 01:03:44,799 [INFO]   - drift_alert: raw=2.40 score=47.93
2026-08-02 01:03:44,818 [INFO] ANOMALY DETECTED: entity=user_finance_4 score=50.00 conf=0.82
2026-08-02 01:03:44,818 [INFO]   - login_hour_rarity: raw=0.00 score=0.00
2026-08-02 01:03:44,818 [INFO]   - geolocation_rarity: raw=0.00 score=0.00
2026-08-02 01:03:44,818 [INFO]   - endpoint_set_rarity: raw=0.00 score=0.00
2026-08-02 01:03:44,818 [INFO]   - process_name_rarity: raw=0.00 score=0.00
2026-08-02 01:03:44,818 [INFO]   - command_line_embedding_similarity: raw=0.30 score=0.00
2026-08-02 01:03:44,818 [INFO]   - total_volume_delta: raw=3.17 score=0.00
2026-08-02 01:03:44,818 [INFO]   - drift_alert: raw=2.85 score=50.00
2026-08-02 01:03:45,375 [INFO] ANOMALY DETECTED: entity=user_finance_5 score=50.00 conf=0.82
2026-08-02 01:03:45,375 [INFO]   - login_hour_rarity: raw=0.00 score=0.00
2026-08-02 01:03:45,375 [INFO]   - geolocation_rarity: raw=0.00 score=0.00
2026-08-02 01:03:45,375 [INFO]   - endpoint_set_rarity: raw=0.00 score=0.00
2026-08-02 01:03:45,375 [INFO]   - process_name_rarity: raw=0.00 score=0.00
2026-08-02 01:03:45,375 [INFO]   - command_line_embedding_similarity: raw=0.16 score=0.00
2026-08-02 01:03:45,375 [INFO]   - total_volume_delta: raw=3.46 score=0.00
2026-08-02 01:03:45,375 [INFO]   - drift_alert: raw=8.11 score=50.00
2026-08-02 01:03:45,924 [INFO] ANOMALY DETECTED: entity=user_finance_2 score=47.93 conf=0.84
2026-08-02 01:03:45,924 [INFO]   - login_hour_rarity: raw=0.00 score=0.00
2026-08-02 01:03:45,924 [INFO]   - geolocation_rarity: raw=0.00 score=0.00
2026-08-02 01:03:45,924 [INFO]   - endpoint_set_rarity: raw=0.00 score=0.00
2026-08-02 01:03:45,924 [INFO]   - process_name_rarity: raw=0.00 score=0.00
2026-08-02 01:03:45,924 [INFO]   - command_line_embedding_similarity: raw=0.23 score=0.00
2026-08-02 01:03:45,924 [INFO]   - total_volume_delta: raw=3.39 score=0.00
2026-08-02 01:03:45,925 [INFO]   - drift_alert: raw=2.40 score=47.93
2026-08-02 01:03:46,473 [INFO] ANOMALY DETECTED: entity=user_engineer_1 score=100.06 conf=0.86
2026-08-02 01:03:46,473 [INFO]   - login_hour_rarity: raw=0.00 score=0.00
2026-08-02 01:03:46,473 [INFO]   - geolocation_rarity: raw=0.00 score=0.00
2026-08-02 01:03:46,473 [INFO]   - endpoint_set_rarity: raw=0.00 score=0.00
2026-08-02 01:03:46,473 [INFO]   - process_name_rarity: raw=0.04 score=0.06
2026-08-02 01:03:46,473 [INFO]   - command_line_embedding_similarity: raw=1.00 score=50.00
2026-08-02 01:03:46,473 [INFO]   - total_volume_delta: raw=3.50 score=0.00
2026-08-02 01:03:46,473 [INFO]   - drift_alert: raw=3.15 score=50.00
2026-08-02 01:03:46,514 [INFO] ANOMALY DETECTED: entity=user_finance_7 score=46.60 conf=0.88
2026-08-02 01:03:46,514 [INFO]   - login_hour_rarity: raw=0.00 score=0.00
2026-08-02 01:03:46,515 [INFO]   - geolocation_rarity: raw=0.00 score=0.00
2026-08-02 01:03:46,515 [INFO]   - endpoint_set_rarity: raw=0.00 score=0.00
2026-08-02 01:03:46,515 [INFO]   - process_name_rarity: raw=0.00 score=0.00
2026-08-02 01:03:46,515 [INFO]   - command_line_embedding_similarity: raw=0.20 score=0.00
2026-08-02 01:03:46,515 [INFO]   - total_volume_delta: raw=2.32 score=0.00
2026-08-02 01:03:46,515 [INFO]   - drift_alert: raw=2.33 score=46.60
2026-08-02 01:03:47,350 [INFO] ANOMALY DETECTED: entity=user_engineer_1 score=50.00 conf=0.86
2026-08-02 01:03:47,350 [INFO]   - login_hour_rarity: raw=0.00 score=0.00
2026-08-02 01:03:47,350 [INFO]   - geolocation_rarity: raw=0.00 score=0.00
2026-08-02 01:03:47,350 [INFO]   - endpoint_set_rarity: raw=0.00 score=0.00
2026-08-02 01:03:47,350 [INFO]   - process_name_rarity: raw=0.00 score=0.00
2026-08-02 01:03:47,350 [INFO]   - command_line_embedding_similarity: raw=0.34 score=0.00
2026-08-02 01:03:47,350 [INFO]   - total_volume_delta: raw=3.50 score=0.00
2026-08-02 01:03:47,350 [INFO]   - drift_alert: raw=3.15 score=50.00
2026-08-02 01:03:47,368 [INFO] ANOMALY DETECTED: entity=user_engineer_9 score=50.00 conf=0.84
2026-08-02 01:03:47,368 [INFO]   - login_hour_rarity: raw=0.00 score=0.00
2026-08-02 01:03:47,368 [INFO]   - geolocation_rarity: raw=0.00 score=0.00
2026-08-02 01:03:47,368 [INFO]   - endpoint_set_rarity: raw=0.00 score=0.00
2026-08-02 01:03:47,368 [INFO]   - process_name_rarity: raw=0.00 score=0.00
2026-08-02 01:03:47,368 [INFO]   - command_line_embedding_similarity: raw=0.30 score=0.00
2026-08-02 01:03:47,368 [INFO]   - total_volume_delta: raw=3.58 score=0.00
2026-08-02 01:03:47,369 [INFO]   - drift_alert: raw=4.61 score=50.00
2026-08-02 01:03:47,964 [INFO] ANOMALY DETECTED: entity=user_engineer_7 score=50.00 conf=0.82
2026-08-02 01:03:47,964 [INFO]   - login_hour_rarity: raw=0.00 score=0.00
2026-08-02 01:03:47,964 [INFO]   - geolocation_rarity: raw=0.00 score=0.00
2026-08-02 01:03:47,964 [INFO]   - endpoint_set_rarity: raw=0.00 score=0.00
2026-08-02 01:03:47,964 [INFO]   - process_name_rarity: raw=0.00 score=0.00
2026-08-02 01:03:47,964 [INFO]   - command_line_embedding_similarity: raw=0.22 score=0.00
2026-08-02 01:03:47,964 [INFO]   - total_volume_delta: raw=2.12 score=0.00
2026-08-02 01:03:47,964 [INFO]   - drift_alert: raw=5.53 score=50.00
2026-08-02 01:03:47,998 [INFO] ANOMALY DETECTED: entity=user_finance_5 score=50.00 conf=0.82
2026-08-02 01:03:47,998 [INFO]   - login_hour_rarity: raw=0.00 score=0.00
2026-08-02 01:03:47,998 [INFO]   - geolocation_rarity: raw=0.00 score=0.00
2026-08-02 01:03:47,998 [INFO]   - endpoint_set_rarity: raw=0.00 score=0.00
2026-08-02 01:03:47,998 [INFO]   - process_name_rarity: raw=0.00 score=0.00
2026-08-02 01:03:47,998 [INFO]   - command_line_embedding_similarity: raw=0.38 score=0.00
2026-08-02 01:03:47,998 [INFO]   - total_volume_delta: raw=3.46 score=0.00
2026-08-02 01:03:47,998 [INFO]   - drift_alert: raw=8.11 score=50.00
2026-08-02 01:03:48,018 [INFO] ANOMALY DETECTED: entity=user_finance_12 score=65.08 conf=0.84
2026-08-02 01:03:48,018 [INFO]   - login_hour_rarity: raw=0.00 score=0.00
2026-08-02 01:03:48,018 [INFO]   - geolocation_rarity: raw=0.00 score=0.00
2026-08-02 01:03:48,018 [INFO]   - endpoint_set_rarity: raw=0.00 score=0.00
2026-08-02 01:03:48,018 [INFO]   - process_name_rarity: raw=0.03 score=0.04
2026-08-02 01:03:48,018 [INFO]   - command_line_embedding_similarity: raw=1.00 score=50.00
2026-08-02 01:03:48,018 [INFO]   - total_volume_delta: raw=2.37 score=0.00
2026-08-02 01:03:48,018 [INFO]   - drift_alert: raw=0.75 score=15.04
2026-08-02 01:03:48,548 [INFO] ANOMALY DETECTED: entity=user_hr_10 score=51.71 conf=0.86
2026-08-02 01:03:48,548 [INFO]   - login_hour_rarity: raw=0.00 score=0.00
2026-08-02 01:03:48,548 [INFO]   - geolocation_rarity: raw=0.00 score=0.00
2026-08-02 01:03:48,548 [INFO]   - endpoint_set_rarity: raw=0.00 score=0.00
2026-08-02 01:03:48,548 [INFO]   - process_name_rarity: raw=0.04 score=0.06
2026-08-02 01:03:48,548 [INFO]   - command_line_embedding_similarity: raw=1.00 score=50.00
2026-08-02 01:03:48,548 [INFO]   - total_volume_delta: raw=2.77 score=0.00
2026-08-02 01:03:48,548 [INFO]   - drift_alert: raw=0.08 score=1.65
2026-08-02 01:03:49,106 [INFO] ANOMALY DETECTED: entity=user_engineer_2 score=85.06 conf=0.81
2026-08-02 01:03:49,107 [INFO]   - login_hour_rarity: raw=0.00 score=0.00
2026-08-02 01:03:49,107 [INFO]   - geolocation_rarity: raw=0.00 score=0.00
2026-08-02 01:03:49,107 [INFO]   - endpoint_set_rarity: raw=0.00 score=0.00
2026-08-02 01:03:49,107 [INFO]   - process_name_rarity: raw=0.02 score=0.03
2026-08-02 01:03:49,107 [INFO]   - command_line_embedding_similarity: raw=1.00 score=50.00
2026-08-02 01:03:49,107 [INFO]   - total_volume_delta: raw=2.89 score=0.00
2026-08-02 01:03:49,107 [INFO]   - drift_alert: raw=1.75 score=35.03
2026-08-02 01:03:49,675 [INFO] ANOMALY DETECTED: entity=user_engineer_14 score=48.57 conf=0.80
2026-08-02 01:03:49,675 [INFO]   - login_hour_rarity: raw=0.00 score=0.00
2026-08-02 01:03:49,675 [INFO]   - geolocation_rarity: raw=0.00 score=0.00
2026-08-02 01:03:49,675 [INFO]   - endpoint_set_rarity: raw=0.00 score=0.00
2026-08-02 01:03:49,675 [INFO]   - process_name_rarity: raw=0.00 score=0.00
2026-08-02 01:03:49,675 [INFO]   - command_line_embedding_similarity: raw=0.44 score=0.00
2026-08-02 01:03:49,675 [INFO]   - total_volume_delta: raw=4.03 score=0.00
2026-08-02 01:03:49,675 [INFO]   - drift_alert: raw=2.43 score=48.57
2026-08-02 01:03:49,695 [INFO] ANOMALY DETECTED: entity=user_finance_9 score=50.05 conf=0.85
2026-08-02 01:03:49,695 [INFO]   - login_hour_rarity: raw=0.00 score=0.00
2026-08-02 01:03:49,695 [INFO]   - geolocation_rarity: raw=0.00 score=0.00
2026-08-02 01:03:49,695 [INFO]   - endpoint_set_rarity: raw=0.00 score=0.00
2026-08-02 01:03:49,695 [INFO]   - process_name_rarity: raw=0.04 score=0.05
2026-08-02 01:03:49,695 [INFO]   - command_line_embedding_similarity: raw=1.00 score=50.00
2026-08-02 01:03:49,695 [INFO]   - total_volume_delta: raw=3.48 score=0.00
2026-08-02 01:03:49,695 [INFO]   - drift_alert: raw=0.00 score=0.00
2026-08-02 01:03:49,715 [INFO] ANOMALY DETECTED: entity=user_finance_14 score=50.00 conf=0.85
2026-08-02 01:03:49,715 [INFO]   - login_hour_rarity: raw=0.00 score=0.00
2026-08-02 01:03:49,715 [INFO]   - geolocation_rarity: raw=0.00 score=0.00
2026-08-02 01:03:49,715 [INFO]   - endpoint_set_rarity: raw=0.00 score=0.00
2026-08-02 01:03:49,715 [INFO]   - process_name_rarity: raw=0.00 score=0.00
2026-08-02 01:03:49,715 [INFO]   - command_line_embedding_similarity: raw=0.27 score=0.00
2026-08-02 01:03:49,715 [INFO]   - total_volume_delta: raw=3.42 score=0.00
2026-08-02 01:03:49,715 [INFO]   - drift_alert: raw=4.75 score=50.00
2026-08-02 01:03:52,107 [INFO] ANOMALY DETECTED: entity=user_engineer_3 score=76.59 conf=0.86
2026-08-02 01:03:52,107 [INFO]   - login_hour_rarity: raw=0.00 score=0.00
2026-08-02 01:03:52,107 [INFO]   - geolocation_rarity: raw=0.00 score=0.00
2026-08-02 01:03:52,107 [INFO]   - endpoint_set_rarity: raw=0.00 score=0.00
2026-08-02 01:03:52,107 [INFO]   - process_name_rarity: raw=0.04 score=0.05
2026-08-02 01:03:52,107 [INFO]   - command_line_embedding_similarity: raw=1.00 score=50.00
2026-08-02 01:03:52,107 [INFO]   - total_volume_delta: raw=3.50 score=0.00
2026-08-02 01:03:52,107 [INFO]   - drift_alert: raw=1.33 score=26.53
2026-08-02 01:03:52,132 [INFO] ANOMALY DETECTED: entity=user_hr_7 score=50.00 conf=0.87
2026-08-02 01:03:52,132 [INFO]   - login_hour_rarity: raw=0.00 score=0.00
2026-08-02 01:03:52,132 [INFO]   - geolocation_rarity: raw=0.00 score=0.00
2026-08-02 01:03:52,132 [INFO]   - endpoint_set_rarity: raw=0.00 score=0.00
2026-08-02 01:03:52,132 [INFO]   - process_name_rarity: raw=0.00 score=0.00
2026-08-02 01:03:52,132 [INFO]   - command_line_embedding_similarity: raw=0.28 score=0.00
2026-08-02 01:03:52,132 [INFO]   - total_volume_delta: raw=2.89 score=0.00
2026-08-02 01:03:52,132 [INFO]   - drift_alert: raw=4.79 score=50.00
2026-08-02 01:03:53,216 [INFO] ANOMALY DETECTED: entity=user_hr_14 score=50.00 conf=0.84
2026-08-02 01:03:53,216 [INFO]   - login_hour_rarity: raw=0.00 score=0.00
2026-08-02 01:03:53,216 [INFO]   - geolocation_rarity: raw=0.00 score=0.00
2026-08-02 01:03:53,216 [INFO]   - endpoint_set_rarity: raw=0.00 score=0.00
2026-08-02 01:03:53,216 [INFO]   - process_name_rarity: raw=0.00 score=0.00
2026-08-02 01:03:53,216 [INFO]   - command_line_embedding_similarity: raw=0.37 score=0.00
2026-08-02 01:03:53,216 [INFO]   - total_volume_delta: raw=4.95 score=0.00
2026-08-02 01:03:53,216 [INFO]   - drift_alert: raw=5.51 score=50.00
2026-08-02 01:03:53,234 [INFO] ANOMALY DETECTED: entity=user_finance_4 score=50.00 conf=0.82
2026-08-02 01:03:53,234 [INFO]   - login_hour_rarity: raw=0.00 score=0.00
2026-08-02 01:03:53,234 [INFO]   - geolocation_rarity: raw=0.00 score=0.00
2026-08-02 01:03:53,234 [INFO]   - endpoint_set_rarity: raw=0.00 score=0.00
2026-08-02 01:03:53,234 [INFO]   - process_name_rarity: raw=0.00 score=0.00
2026-08-02 01:03:53,234 [INFO]   - command_line_embedding_similarity: raw=0.35 score=0.00
2026-08-02 01:03:53,234 [INFO]   - total_volume_delta: raw=3.17 score=0.00
2026-08-02 01:03:53,234 [INFO]   - drift_alert: raw=2.85 score=50.00
2026-08-02 01:03:53,776 [INFO] ANOMALY DETECTED: entity=user_hr_7 score=100.05 conf=0.87
2026-08-02 01:03:53,776 [INFO]   - login_hour_rarity: raw=0.00 score=0.00
2026-08-02 01:03:53,776 [INFO]   - geolocation_rarity: raw=0.00 score=0.00
2026-08-02 01:03:53,776 [INFO]   - endpoint_set_rarity: raw=0.00 score=0.00
2026-08-02 01:03:53,776 [INFO]   - process_name_rarity: raw=0.03 score=0.05
2026-08-02 01:03:53,776 [INFO]   - command_line_embedding_similarity: raw=1.00 score=50.00
2026-08-02 01:03:53,777 [INFO]   - total_volume_delta: raw=2.89 score=0.00
2026-08-02 01:03:53,777 [INFO]   - drift_alert: raw=4.79 score=50.00
2026-08-02 01:03:54,793 [INFO] ANOMALY DETECTED: entity=user_engineer_9 score=50.00 conf=0.84
2026-08-02 01:03:54,793 [INFO]   - login_hour_rarity: raw=0.00 score=0.00
2026-08-02 01:03:54,793 [INFO]   - geolocation_rarity: raw=0.00 score=0.00
2026-08-02 01:03:54,793 [INFO]   - endpoint_set_rarity: raw=0.00 score=0.00
2026-08-02 01:03:54,793 [INFO]   - process_name_rarity: raw=0.00 score=0.00
2026-08-02 01:03:54,793 [INFO]   - command_line_embedding_similarity: raw=0.40 score=0.00
2026-08-02 01:03:54,793 [INFO]   - total_volume_delta: raw=3.58 score=0.00
2026-08-02 01:03:54,793 [INFO]   - drift_alert: raw=4.61 score=50.00
2026-08-02 01:03:54,811 [INFO] ANOMALY DETECTED: entity=user_finance_7 score=46.60 conf=0.88
2026-08-02 01:03:54,811 [INFO]   - login_hour_rarity: raw=0.00 score=0.00
2026-08-02 01:03:54,811 [INFO]   - geolocation_rarity: raw=0.00 score=0.00
2026-08-02 01:03:54,811 [INFO]   - endpoint_set_rarity: raw=0.00 score=0.00
2026-08-02 01:03:54,811 [INFO]   - process_name_rarity: raw=0.00 score=0.00
2026-08-02 01:03:54,811 [INFO]   - command_line_embedding_similarity: raw=0.18 score=0.00
2026-08-02 01:03:54,811 [INFO]   - total_volume_delta: raw=2.32 score=0.00
2026-08-02 01:03:54,811 [INFO]   - drift_alert: raw=2.33 score=46.60
2026-08-02 01:03:54,834 [INFO] ANOMALY DETECTED: entity=user_finance_10 score=50.04 conf=0.85
2026-08-02 01:03:54,834 [INFO]   - login_hour_rarity: raw=0.00 score=0.00
2026-08-02 01:03:54,834 [INFO]   - geolocation_rarity: raw=0.00 score=0.00
2026-08-02 01:03:54,834 [INFO]   - endpoint_set_rarity: raw=0.00 score=0.00
2026-08-02 01:03:54,834 [INFO]   - process_name_rarity: raw=0.03 score=0.04
2026-08-02 01:03:54,834 [INFO]   - command_line_embedding_similarity: raw=1.00 score=50.00
2026-08-02 01:03:54,834 [INFO]   - total_volume_delta: raw=3.22 score=0.00
2026-08-02 01:03:54,834 [INFO]   - drift_alert: raw=0.00 score=0.00
2026-08-02 01:03:54,855 [INFO] ANOMALY DETECTED: entity=user_finance_12 score=65.08 conf=0.84
2026-08-02 01:03:54,855 [INFO]   - login_hour_rarity: raw=0.00 score=0.00
2026-08-02 01:03:54,855 [INFO]   - geolocation_rarity: raw=0.00 score=0.00
2026-08-02 01:03:54,855 [INFO]   - endpoint_set_rarity: raw=0.00 score=0.00
2026-08-02 01:03:54,855 [INFO]   - process_name_rarity: raw=0.03 score=0.04
2026-08-02 01:03:54,855 [INFO]   - command_line_embedding_similarity: raw=1.00 score=50.00
2026-08-02 01:03:54,855 [INFO]   - total_volume_delta: raw=2.37 score=0.00
2026-08-02 01:03:54,856 [INFO]   - drift_alert: raw=0.75 score=15.04
2026-08-02 01:03:55,425 [INFO] ANOMALY DETECTED: entity=user_finance_2 score=47.93 conf=0.84
2026-08-02 01:03:55,425 [INFO]   - login_hour_rarity: raw=0.00 score=0.00
2026-08-02 01:03:55,425 [INFO]   - geolocation_rarity: raw=0.00 score=0.00
2026-08-02 01:03:55,425 [INFO]   - endpoint_set_rarity: raw=0.00 score=0.00
2026-08-02 01:03:55,425 [INFO]   - process_name_rarity: raw=0.00 score=0.00
2026-08-02 01:03:55,425 [INFO]   - command_line_embedding_similarity: raw=0.24 score=0.00
2026-08-02 01:03:55,425 [INFO]   - total_volume_delta: raw=3.39 score=0.00
2026-08-02 01:03:55,425 [INFO]   - drift_alert: raw=2.40 score=47.93
2026-08-02 01:03:55,444 [INFO] ANOMALY DETECTED: entity=user_finance_5 score=100.03 conf=0.82
2026-08-02 01:03:55,444 [INFO]   - login_hour_rarity: raw=0.00 score=0.00
2026-08-02 01:03:55,444 [INFO]   - geolocation_rarity: raw=0.00 score=0.00
2026-08-02 01:03:55,444 [INFO]   - endpoint_set_rarity: raw=0.00 score=0.00
2026-08-02 01:03:55,444 [INFO]   - process_name_rarity: raw=0.02 score=0.03
2026-08-02 01:03:55,444 [INFO]   - command_line_embedding_similarity: raw=1.00 score=50.00
2026-08-02 01:03:55,444 [INFO]   - total_volume_delta: raw=3.46 score=0.00
2026-08-02 01:03:55,444 [INFO]   - drift_alert: raw=8.11 score=50.00
2026-08-02 01:03:55,465 [INFO] ANOMALY DETECTED: entity=user_finance_14 score=100.04 conf=0.85
2026-08-02 01:03:55,465 [INFO]   - login_hour_rarity: raw=0.00 score=0.00
2026-08-02 01:03:55,465 [INFO]   - geolocation_rarity: raw=0.00 score=0.00
2026-08-02 01:03:55,465 [INFO]   - endpoint_set_rarity: raw=0.00 score=0.00
2026-08-02 01:03:55,465 [INFO]   - process_name_rarity: raw=0.03 score=0.04
2026-08-02 01:03:55,465 [INFO]   - command_line_embedding_similarity: raw=1.00 score=50.00
2026-08-02 01:03:55,465 [INFO]   - total_volume_delta: raw=3.42 score=0.00
2026-08-02 01:03:55,465 [INFO]   - drift_alert: raw=4.75 score=50.00
2026-08-02 01:03:56,001 [INFO] ANOMALY DETECTED: entity=user_hr_7 score=50.00 conf=0.87
2026-08-02 01:03:56,001 [INFO]   - login_hour_rarity: raw=0.00 score=0.00
2026-08-02 01:03:56,001 [INFO]   - geolocation_rarity: raw=0.00 score=0.00
2026-08-02 01:03:56,001 [INFO]   - endpoint_set_rarity: raw=0.00 score=0.00
2026-08-02 01:03:56,001 [INFO]   - process_name_rarity: raw=0.00 score=0.00
2026-08-02 01:03:56,001 [INFO]   - command_line_embedding_similarity: raw=0.33 score=0.00
2026-08-02 01:03:56,001 [INFO]   - total_volume_delta: raw=2.89 score=0.00
2026-08-02 01:03:56,001 [INFO]   - drift_alert: raw=4.79 score=50.00
2026-08-02 01:03:56,020 [INFO] ANOMALY DETECTED: entity=user_finance_4 score=100.03 conf=0.82
2026-08-02 01:03:56,020 [INFO]   - login_hour_rarity: raw=0.00 score=0.00
2026-08-02 01:03:56,020 [INFO]   - geolocation_rarity: raw=0.00 score=0.00
2026-08-02 01:03:56,020 [INFO]   - endpoint_set_rarity: raw=0.00 score=0.00
2026-08-02 01:03:56,020 [INFO]   - process_name_rarity: raw=0.02 score=0.03
2026-08-02 01:03:56,020 [INFO]   - command_line_embedding_similarity: raw=1.00 score=50.00
2026-08-02 01:03:56,020 [INFO]   - total_volume_delta: raw=3.17 score=0.00
2026-08-02 01:03:56,020 [INFO]   - drift_alert: raw=2.85 score=50.00
2026-08-02 01:03:56,040 [INFO] ANOMALY DETECTED: entity=user_finance_14 score=50.00 conf=0.85
2026-08-02 01:03:56,040 [INFO]   - login_hour_rarity: raw=0.00 score=0.00
2026-08-02 01:03:56,040 [INFO]   - geolocation_rarity: raw=0.00 score=0.00
2026-08-02 01:03:56,040 [INFO]   - endpoint_set_rarity: raw=0.00 score=0.00
2026-08-02 01:03:56,040 [INFO]   - process_name_rarity: raw=0.00 score=0.00
2026-08-02 01:03:56,040 [INFO]   - command_line_embedding_similarity: raw=0.35 score=0.00
2026-08-02 01:03:56,040 [INFO]   - total_volume_delta: raw=3.42 score=0.00
2026-08-02 01:03:56,040 [INFO]   - drift_alert: raw=4.75 score=50.00
2026-08-02 01:03:56,595 [INFO] ANOMALY DETECTED: entity=user_finance_8 score=50.05 conf=0.86
2026-08-02 01:03:56,595 [INFO]   - login_hour_rarity: raw=0.00 score=0.00
2026-08-02 01:03:56,595 [INFO]   - geolocation_rarity: raw=0.00 score=0.00
2026-08-02 01:03:56,595 [INFO]   - endpoint_set_rarity: raw=0.00 score=0.00
2026-08-02 01:03:56,595 [INFO]   - process_name_rarity: raw=0.03 score=0.05
2026-08-02 01:03:56,595 [INFO]   - command_line_embedding_similarity: raw=1.00 score=50.00
2026-08-02 01:03:56,595 [INFO]   - total_volume_delta: raw=3.52 score=0.00
2026-08-02 01:03:56,595 [INFO]   - drift_alert: raw=0.00 score=0.00
2026-08-02 01:03:57,122 [INFO] ANOMALY DETECTED: entity=user_engineer_9 score=50.00 conf=0.84
2026-08-02 01:03:57,122 [INFO]   - login_hour_rarity: raw=0.00 score=0.00
2026-08-02 01:03:57,122 [INFO]   - geolocation_rarity: raw=0.00 score=0.00
2026-08-02 01:03:57,122 [INFO]   - endpoint_set_rarity: raw=0.00 score=0.00
2026-08-02 01:03:57,122 [INFO]   - process_name_rarity: raw=0.00 score=0.00
2026-08-02 01:03:57,122 [INFO]   - command_line_embedding_similarity: raw=0.28 score=0.00
2026-08-02 01:03:57,122 [INFO]   - total_volume_delta: raw=3.58 score=0.00
2026-08-02 01:03:57,122 [INFO]   - drift_alert: raw=4.61 score=50.00
2026-08-02 01:03:57,162 [INFO] ANOMALY DETECTED: entity=user_hr_10 score=51.71 conf=0.86
2026-08-02 01:03:57,162 [INFO]   - login_hour_rarity: raw=0.00 score=0.00
2026-08-02 01:03:57,162 [INFO]   - geolocation_rarity: raw=0.00 score=0.00
2026-08-02 01:03:57,162 [INFO]   - endpoint_set_rarity: raw=0.00 score=0.00
2026-08-02 01:03:57,162 [INFO]   - process_name_rarity: raw=0.04 score=0.06
2026-08-02 01:03:57,162 [INFO]   - command_line_embedding_similarity: raw=1.00 score=50.00
2026-08-02 01:03:57,162 [INFO]   - total_volume_delta: raw=2.77 score=0.00
2026-08-02 01:03:57,162 [INFO]   - drift_alert: raw=0.08 score=1.65
2026-08-02 01:03:58,408 [INFO] ANOMALY DETECTED: entity=user_hr_3 score=50.04 conf=0.83
2026-08-02 01:03:58,408 [INFO]   - login_hour_rarity: raw=0.00 score=0.00
2026-08-02 01:03:58,408 [INFO]   - geolocation_rarity: raw=0.00 score=0.00
2026-08-02 01:03:58,408 [INFO]   - endpoint_set_rarity: raw=0.00 score=0.00
2026-08-02 01:03:58,408 [INFO]   - process_name_rarity: raw=0.03 score=0.04
2026-08-02 01:03:58,408 [INFO]   - command_line_embedding_similarity: raw=1.00 score=50.00
2026-08-02 01:03:58,408 [INFO]   - total_volume_delta: raw=3.51 score=0.00
2026-08-02 01:03:58,408 [INFO]   - drift_alert: raw=0.00 score=0.00
2026-08-02 01:03:58,426 [INFO] ANOMALY DETECTED: entity=user_hr_7 score=50.00 conf=0.87
2026-08-02 01:03:58,426 [INFO]   - login_hour_rarity: raw=0.00 score=0.00
2026-08-02 01:03:58,426 [INFO]   - geolocation_rarity: raw=0.00 score=0.00
2026-08-02 01:03:58,426 [INFO]   - endpoint_set_rarity: raw=0.00 score=0.00
2026-08-02 01:03:58,426 [INFO]   - process_name_rarity: raw=0.00 score=0.00
2026-08-02 01:03:58,426 [INFO]   - command_line_embedding_similarity: raw=0.23 score=0.00
2026-08-02 01:03:58,426 [INFO]   - total_volume_delta: raw=2.89 score=0.00
2026-08-02 01:03:58,426 [INFO]   - drift_alert: raw=4.79 score=50.00
2026-08-02 01:03:58,959 [INFO] ANOMALY DETECTED: entity=user_engineer_1 score=50.00 conf=0.86
2026-08-02 01:03:58,959 [INFO]   - login_hour_rarity: raw=0.00 score=0.00
2026-08-02 01:03:58,959 [INFO]   - geolocation_rarity: raw=0.00 score=0.00
2026-08-02 01:03:58,959 [INFO]   - endpoint_set_rarity: raw=0.00 score=0.00
2026-08-02 01:03:58,959 [INFO]   - process_name_rarity: raw=0.00 score=0.00
2026-08-02 01:03:58,959 [INFO]   - command_line_embedding_similarity: raw=0.35 score=0.00
2026-08-02 01:03:58,959 [INFO]   - total_volume_delta: raw=3.50 score=0.00
2026-08-02 01:03:58,959 [INFO]   - drift_alert: raw=3.15 score=50.00
2026-08-02 01:03:58,976 [INFO] ANOMALY DETECTED: entity=user_hr_1 score=46.52 conf=0.84
2026-08-02 01:03:58,976 [INFO]   - login_hour_rarity: raw=0.00 score=0.00
2026-08-02 01:03:58,976 [INFO]   - geolocation_rarity: raw=0.00 score=0.00
2026-08-02 01:03:58,976 [INFO]   - endpoint_set_rarity: raw=0.00 score=0.00
2026-08-02 01:03:58,976 [INFO]   - process_name_rarity: raw=0.00 score=0.00
2026-08-02 01:03:58,976 [INFO]   - command_line_embedding_similarity: raw=0.24 score=0.00
2026-08-02 01:03:58,976 [INFO]   - total_volume_delta: raw=3.35 score=0.00
2026-08-02 01:03:58,976 [INFO]   - drift_alert: raw=2.33 score=46.52
2026-08-02 01:03:58,992 [INFO] ANOMALY DETECTED: entity=user_finance_4 score=50.00 conf=0.82
2026-08-02 01:03:58,992 [INFO]   - login_hour_rarity: raw=0.00 score=0.00
2026-08-02 01:03:58,992 [INFO]   - geolocation_rarity: raw=0.00 score=0.00
2026-08-02 01:03:58,992 [INFO]   - endpoint_set_rarity: raw=0.00 score=0.00
2026-08-02 01:03:58,992 [INFO]   - process_name_rarity: raw=0.00 score=0.00
2026-08-02 01:03:58,992 [INFO]   - command_line_embedding_similarity: raw=0.25 score=0.00
2026-08-02 01:03:58,992 [INFO]   - total_volume_delta: raw=3.17 score=0.00
2026-08-02 01:03:58,992 [INFO]   - drift_alert: raw=2.85 score=50.00
2026-08-02 01:04:00,087 [INFO] ANOMALY DETECTED: entity=user_engineer_9 score=50.00 conf=0.84
2026-08-02 01:04:00,087 [INFO]   - login_hour_rarity: raw=0.00 score=0.00
2026-08-02 01:04:00,087 [INFO]   - geolocation_rarity: raw=0.00 score=0.00
2026-08-02 01:04:00,087 [INFO]   - endpoint_set_rarity: raw=0.00 score=0.00
2026-08-02 01:04:00,087 [INFO]   - process_name_rarity: raw=0.00 score=0.00
2026-08-02 01:04:00,087 [INFO]   - command_line_embedding_similarity: raw=0.20 score=0.00
2026-08-02 01:04:00,087 [INFO]   - total_volume_delta: raw=3.58 score=0.00
2026-08-02 01:04:00,087 [INFO]   - drift_alert: raw=4.61 score=50.00
2026-08-02 01:04:00,667 [INFO] ANOMALY DETECTED: entity=user_finance_2 score=47.93 conf=0.84
2026-08-02 01:04:00,667 [INFO]   - login_hour_rarity: raw=0.00 score=0.00
2026-08-02 01:04:00,667 [INFO]   - geolocation_rarity: raw=0.00 score=0.00
2026-08-02 01:04:00,667 [INFO]   - endpoint_set_rarity: raw=0.00 score=0.00
2026-08-02 01:04:00,667 [INFO]   - process_name_rarity: raw=0.00 score=0.00
2026-08-02 01:04:00,667 [INFO]   - command_line_embedding_similarity: raw=0.30 score=0.00
2026-08-02 01:04:00,668 [INFO]   - total_volume_delta: raw=3.39 score=0.00
2026-08-02 01:04:00,668 [INFO]   - drift_alert: raw=2.40 score=47.93
2026-08-02 01:04:01,235 [INFO] ANOMALY DETECTED: entity=user_finance_7 score=46.60 conf=0.88
2026-08-02 01:04:01,235 [INFO]   - login_hour_rarity: raw=0.00 score=0.00
2026-08-02 01:04:01,235 [INFO]   - geolocation_rarity: raw=0.00 score=0.00
2026-08-02 01:04:01,235 [INFO]   - endpoint_set_rarity: raw=0.00 score=0.00
2026-08-02 01:04:01,235 [INFO]   - process_name_rarity: raw=0.00 score=0.00
2026-08-02 01:04:01,235 [INFO]   - command_line_embedding_similarity: raw=0.24 score=0.00
2026-08-02 01:04:01,235 [INFO]   - total_volume_delta: raw=2.32 score=0.00
2026-08-02 01:04:01,235 [INFO]   - drift_alert: raw=2.33 score=46.60
2026-08-02 01:04:01,759 [INFO] ANOMALY DETECTED: entity=user_engineer_7 score=50.00 conf=0.82
2026-08-02 01:04:01,759 [INFO]   - login_hour_rarity: raw=0.00 score=0.00
2026-08-02 01:04:01,759 [INFO]   - geolocation_rarity: raw=0.00 score=0.00
2026-08-02 01:04:01,759 [INFO]   - endpoint_set_rarity: raw=0.00 score=0.00
2026-08-02 01:04:01,759 [INFO]   - process_name_rarity: raw=0.00 score=0.00
2026-08-02 01:04:01,759 [INFO]   - command_line_embedding_similarity: raw=0.41 score=0.00
2026-08-02 01:04:01,759 [INFO]   - total_volume_delta: raw=2.12 score=0.00
2026-08-02 01:04:01,759 [INFO]   - drift_alert: raw=5.53 score=50.00
2026-08-02 01:04:01,776 [INFO] ANOMALY DETECTED: entity=user_hr_6 score=91.27 conf=0.85
2026-08-02 01:04:01,776 [INFO]   - login_hour_rarity: raw=0.00 score=0.00
2026-08-02 01:04:01,776 [INFO]   - geolocation_rarity: raw=0.00 score=0.00
2026-08-02 01:04:01,776 [INFO]   - endpoint_set_rarity: raw=0.00 score=0.00
2026-08-02 01:04:01,776 [INFO]   - process_name_rarity: raw=0.02 score=0.04
2026-08-02 01:04:01,776 [INFO]   - command_line_embedding_similarity: raw=1.00 score=50.00
2026-08-02 01:04:01,776 [INFO]   - total_volume_delta: raw=3.04 score=0.00
2026-08-02 01:04:01,776 [INFO]   - drift_alert: raw=2.06 score=41.24
2026-08-02 01:04:02,297 [INFO] ANOMALY DETECTED: entity=user_engineer_9 score=50.00 conf=0.84
2026-08-02 01:04:02,297 [INFO]   - login_hour_rarity: raw=0.00 score=0.00
2026-08-02 01:04:02,297 [INFO]   - geolocation_rarity: raw=0.00 score=0.00
2026-08-02 01:04:02,297 [INFO]   - endpoint_set_rarity: raw=0.00 score=0.00
2026-08-02 01:04:02,297 [INFO]   - process_name_rarity: raw=0.00 score=0.00
2026-08-02 01:04:02,298 [INFO]   - command_line_embedding_similarity: raw=0.20 score=0.00
2026-08-02 01:04:02,298 [INFO]   - total_volume_delta: raw=3.58 score=0.00
2026-08-02 01:04:02,298 [INFO]   - drift_alert: raw=4.61 score=50.00
2026-08-02 01:04:02,934 [INFO] ANOMALY DETECTED: entity=user_engineer_12 score=50.04 conf=0.85
2026-08-02 01:04:02,934 [INFO]   - login_hour_rarity: raw=0.00 score=0.00
2026-08-02 01:04:02,934 [INFO]   - geolocation_rarity: raw=0.00 score=0.00
2026-08-02 01:04:02,934 [INFO]   - endpoint_set_rarity: raw=0.00 score=0.00
2026-08-02 01:04:02,934 [INFO]   - process_name_rarity: raw=0.03 score=0.04
2026-08-02 01:04:02,934 [INFO]   - command_line_embedding_similarity: raw=1.00 score=50.00
2026-08-02 01:04:02,934 [INFO]   - total_volume_delta: raw=4.00 score=0.00
2026-08-02 01:04:02,935 [INFO]   - drift_alert: raw=0.00 score=0.00
2026-08-02 01:04:04,604 [INFO] ANOMALY DETECTED: entity=user_hr_4 score=50.05 conf=0.85
2026-08-02 01:04:04,604 [INFO]   - login_hour_rarity: raw=0.00 score=0.00
2026-08-02 01:04:04,604 [INFO]   - geolocation_rarity: raw=0.00 score=0.00
2026-08-02 01:04:04,604 [INFO]   - endpoint_set_rarity: raw=0.00 score=0.00
2026-08-02 01:04:04,604 [INFO]   - process_name_rarity: raw=0.03 score=0.05
2026-08-02 01:04:04,604 [INFO]   - command_line_embedding_similarity: raw=1.00 score=50.00
2026-08-02 01:04:04,604 [INFO]   - total_volume_delta: raw=3.02 score=0.00
2026-08-02 01:04:04,604 [INFO]   - drift_alert: raw=0.00 score=0.00
2026-08-02 01:04:04,620 [INFO] ANOMALY DETECTED: entity=user_finance_2 score=47.93 conf=0.84
2026-08-02 01:04:04,620 [INFO]   - login_hour_rarity: raw=0.00 score=0.00
2026-08-02 01:04:04,620 [INFO]   - geolocation_rarity: raw=0.00 score=0.00
2026-08-02 01:04:04,620 [INFO]   - endpoint_set_rarity: raw=0.00 score=0.00
2026-08-02 01:04:04,621 [INFO]   - process_name_rarity: raw=0.00 score=0.00
2026-08-02 01:04:04,621 [INFO]   - command_line_embedding_similarity: raw=0.20 score=0.00
2026-08-02 01:04:04,621 [INFO]   - total_volume_delta: raw=3.39 score=0.00
2026-08-02 01:04:04,621 [INFO]   - drift_alert: raw=2.40 score=47.93
2026-08-02 01:04:04,637 [INFO] ANOMALY DETECTED: entity=user_finance_5 score=50.00 conf=0.82
2026-08-02 01:04:04,637 [INFO]   - login_hour_rarity: raw=0.00 score=0.00
2026-08-02 01:04:04,637 [INFO]   - geolocation_rarity: raw=0.00 score=0.00
2026-08-02 01:04:04,637 [INFO]   - endpoint_set_rarity: raw=0.00 score=0.00
2026-08-02 01:04:04,637 [INFO]   - process_name_rarity: raw=0.00 score=0.00
2026-08-02 01:04:04,637 [INFO]   - command_line_embedding_similarity: raw=0.38 score=0.00
2026-08-02 01:04:04,637 [INFO]   - total_volume_delta: raw=3.46 score=0.00
2026-08-02 01:04:04,638 [INFO]   - drift_alert: raw=8.11 score=50.00
2026-08-02 01:04:05,703 [INFO] ANOMALY DETECTED: entity=user_hr_10 score=51.71 conf=0.86
2026-08-02 01:04:05,703 [INFO]   - login_hour_rarity: raw=0.00 score=0.00
2026-08-02 01:04:05,703 [INFO]   - geolocation_rarity: raw=0.00 score=0.00
2026-08-02 01:04:05,703 [INFO]   - endpoint_set_rarity: raw=0.00 score=0.00
2026-08-02 01:04:05,703 [INFO]   - process_name_rarity: raw=0.04 score=0.06
2026-08-02 01:04:05,704 [INFO]   - command_line_embedding_similarity: raw=1.00 score=50.00
2026-08-02 01:04:05,704 [INFO]   - total_volume_delta: raw=2.77 score=0.00
2026-08-02 01:04:05,704 [INFO]   - drift_alert: raw=0.08 score=1.65
2026-08-02 01:04:05,722 [INFO] ANOMALY DETECTED: entity=user_finance_2 score=47.93 conf=0.84
2026-08-02 01:04:05,722 [INFO]   - login_hour_rarity: raw=0.00 score=0.00
2026-08-02 01:04:05,722 [INFO]   - geolocation_rarity: raw=0.00 score=0.00
2026-08-02 01:04:05,722 [INFO]   - endpoint_set_rarity: raw=0.00 score=0.00
2026-08-02 01:04:05,722 [INFO]   - process_name_rarity: raw=0.00 score=0.00
2026-08-02 01:04:05,722 [INFO]   - command_line_embedding_similarity: raw=0.15 score=0.00
2026-08-02 01:04:05,722 [INFO]   - total_volume_delta: raw=3.39 score=0.00
2026-08-02 01:04:05,722 [INFO]   - drift_alert: raw=2.40 score=47.93
2026-08-02 01:04:09,273 [INFO] ANOMALY DETECTED: entity=user_engineer_13 score=50.04 conf=0.82
2026-08-02 01:04:09,273 [INFO]   - login_hour_rarity: raw=0.00 score=0.00
2026-08-02 01:04:09,273 [INFO]   - geolocation_rarity: raw=0.00 score=0.00
2026-08-02 01:04:09,273 [INFO]   - endpoint_set_rarity: raw=0.00 score=0.00
2026-08-02 01:04:09,273 [INFO]   - process_name_rarity: raw=0.02 score=0.04
2026-08-02 01:04:09,273 [INFO]   - command_line_embedding_similarity: raw=1.00 score=50.00
2026-08-02 01:04:09,274 [INFO]   - total_volume_delta: raw=2.81 score=0.00
2026-08-02 01:04:09,274 [INFO]   - drift_alert: raw=0.00 score=0.00
2026-08-02 01:04:09,834 [INFO] ANOMALY DETECTED: entity=user_finance_0 score=50.02 conf=0.81
2026-08-02 01:04:09,834 [INFO]   - login_hour_rarity: raw=0.00 score=0.00
2026-08-02 01:04:09,834 [INFO]   - geolocation_rarity: raw=0.00 score=0.00
2026-08-02 01:04:09,834 [INFO]   - endpoint_set_rarity: raw=0.00 score=0.00
2026-08-02 01:04:09,834 [INFO]   - process_name_rarity: raw=0.01 score=0.02
2026-08-02 01:04:09,834 [INFO]   - command_line_embedding_similarity: raw=1.00 score=50.00
2026-08-02 01:04:09,834 [INFO]   - total_volume_delta: raw=2.53 score=0.00
2026-08-02 01:04:09,834 [INFO]   - drift_alert: raw=0.00 score=0.00
2026-08-02 01:04:09,852 [INFO] ANOMALY DETECTED: entity=user_finance_10 score=50.04 conf=0.85
2026-08-02 01:04:09,852 [INFO]   - login_hour_rarity: raw=0.00 score=0.00
2026-08-02 01:04:09,852 [INFO]   - geolocation_rarity: raw=0.00 score=0.00
2026-08-02 01:04:09,852 [INFO]   - endpoint_set_rarity: raw=0.00 score=0.00
2026-08-02 01:04:09,852 [INFO]   - process_name_rarity: raw=0.03 score=0.04
2026-08-02 01:04:09,852 [INFO]   - command_line_embedding_similarity: raw=1.00 score=50.00
2026-08-02 01:04:09,852 [INFO]   - total_volume_delta: raw=3.22 score=0.00
2026-08-02 01:04:09,852 [INFO]   - drift_alert: raw=0.00 score=0.00
2026-08-02 01:04:10,434 [INFO] ANOMALY DETECTED: entity=user_engineer_10 score=50.03 conf=0.81
2026-08-02 01:04:10,434 [INFO]   - login_hour_rarity: raw=0.00 score=0.00
2026-08-02 01:04:10,434 [INFO]   - geolocation_rarity: raw=0.00 score=0.00
2026-08-02 01:04:10,434 [INFO]   - endpoint_set_rarity: raw=0.00 score=0.00
2026-08-02 01:04:10,434 [INFO]   - process_name_rarity: raw=0.02 score=0.03
2026-08-02 01:04:10,434 [INFO]   - command_line_embedding_similarity: raw=1.00 score=50.00
2026-08-02 01:04:10,434 [INFO]   - total_volume_delta: raw=2.89 score=0.00
2026-08-02 01:04:10,434 [INFO]   - drift_alert: raw=0.00 score=0.00
2026-08-02 01:04:10,966 [INFO] ANOMALY DETECTED: entity=user_engineer_14 score=48.57 conf=0.80
2026-08-02 01:04:10,966 [INFO]   - login_hour_rarity: raw=0.00 score=0.00
2026-08-02 01:04:10,966 [INFO]   - geolocation_rarity: raw=0.00 score=0.00
2026-08-02 01:04:10,966 [INFO]   - endpoint_set_rarity: raw=0.00 score=0.00
2026-08-02 01:04:10,966 [INFO]   - process_name_rarity: raw=0.00 score=0.00
2026-08-02 01:04:10,966 [INFO]   - command_line_embedding_similarity: raw=0.23 score=0.00
2026-08-02 01:04:10,966 [INFO]   - total_volume_delta: raw=4.03 score=0.00
2026-08-02 01:04:10,966 [INFO]   - drift_alert: raw=2.43 score=48.57
2026-08-02 01:04:12,048 [INFO] ANOMALY DETECTED: entity=user_engineer_14 score=98.59 conf=0.80
2026-08-02 01:04:12,048 [INFO]   - login_hour_rarity: raw=0.00 score=0.00
2026-08-02 01:04:12,048 [INFO]   - geolocation_rarity: raw=0.00 score=0.00
2026-08-02 01:04:12,048 [INFO]   - endpoint_set_rarity: raw=0.00 score=0.00
2026-08-02 01:04:12,048 [INFO]   - process_name_rarity: raw=0.01 score=0.02
2026-08-02 01:04:12,048 [INFO]   - command_line_embedding_similarity: raw=1.00 score=50.00
2026-08-02 01:04:12,048 [INFO]   - total_volume_delta: raw=4.03 score=0.00
2026-08-02 01:04:12,048 [INFO]   - drift_alert: raw=2.43 score=48.57
2026-08-02 01:04:12,070 [INFO] ANOMALY DETECTED: entity=user_hr_14 score=50.00 conf=0.84
2026-08-02 01:04:12,070 [INFO]   - login_hour_rarity: raw=0.00 score=0.00
2026-08-02 01:04:12,070 [INFO]   - geolocation_rarity: raw=0.00 score=0.00
2026-08-02 01:04:12,070 [INFO]   - endpoint_set_rarity: raw=0.00 score=0.00
2026-08-02 01:04:12,070 [INFO]   - process_name_rarity: raw=0.00 score=0.00
2026-08-02 01:04:12,070 [INFO]   - command_line_embedding_similarity: raw=0.21 score=0.00
2026-08-02 01:04:12,070 [INFO]   - total_volume_delta: raw=4.95 score=0.00
2026-08-02 01:04:12,070 [INFO]   - drift_alert: raw=5.51 score=50.00
2026-08-02 01:04:12,713 [INFO] ANOMALY DETECTED: entity=user_finance_7 score=96.65 conf=0.88
2026-08-02 01:04:12,713 [INFO]   - login_hour_rarity: raw=0.00 score=0.00
2026-08-02 01:04:12,713 [INFO]   - geolocation_rarity: raw=0.00 score=0.00
2026-08-02 01:04:12,713 [INFO]   - endpoint_set_rarity: raw=0.00 score=0.00
2026-08-02 01:04:12,713 [INFO]   - process_name_rarity: raw=0.03 score=0.05
2026-08-02 01:04:12,713 [INFO]   - command_line_embedding_similarity: raw=1.00 score=50.00
2026-08-02 01:04:12,713 [INFO]   - total_volume_delta: raw=2.32 score=0.00
2026-08-02 01:04:12,713 [INFO]   - drift_alert: raw=2.33 score=46.60
2026-08-02 01:04:13,248 [INFO] ANOMALY DETECTED: entity=user_finance_5 score=50.00 conf=0.82
2026-08-02 01:04:13,248 [INFO]   - login_hour_rarity: raw=0.00 score=0.00
2026-08-02 01:04:13,248 [INFO]   - geolocation_rarity: raw=0.00 score=0.00
2026-08-02 01:04:13,248 [INFO]   - endpoint_set_rarity: raw=0.00 score=0.00
2026-08-02 01:04:13,248 [INFO]   - process_name_rarity: raw=0.00 score=0.00
2026-08-02 01:04:13,248 [INFO]   - command_line_embedding_similarity: raw=0.13 score=0.00
2026-08-02 01:04:13,248 [INFO]   - total_volume_delta: raw=3.46 score=0.00
2026-08-02 01:04:13,248 [INFO]   - drift_alert: raw=8.11 score=50.00
2026-08-02 01:04:13,291 [INFO] ANOMALY DETECTED: entity=user_finance_7 score=46.60 conf=0.88
2026-08-02 01:04:13,291 [INFO]   - login_hour_rarity: raw=0.00 score=0.00
2026-08-02 01:04:13,291 [INFO]   - geolocation_rarity: raw=0.00 score=0.00
2026-08-02 01:04:13,292 [INFO]   - endpoint_set_rarity: raw=0.00 score=0.00
2026-08-02 01:04:13,292 [INFO]   - process_name_rarity: raw=0.00 score=0.00
2026-08-02 01:04:13,292 [INFO]   - command_line_embedding_similarity: raw=0.24 score=0.00
2026-08-02 01:04:13,292 [INFO]   - total_volume_delta: raw=2.32 score=0.00
2026-08-02 01:04:13,292 [INFO]   - drift_alert: raw=2.33 score=46.60
2026-08-02 01:04:13,311 [INFO] ANOMALY DETECTED: entity=user_finance_14 score=100.04 conf=0.85
2026-08-02 01:04:13,311 [INFO]   - login_hour_rarity: raw=0.00 score=0.00
2026-08-02 01:04:13,311 [INFO]   - geolocation_rarity: raw=0.00 score=0.00
2026-08-02 01:04:13,311 [INFO]   - endpoint_set_rarity: raw=0.00 score=0.00
2026-08-02 01:04:13,311 [INFO]   - process_name_rarity: raw=0.03 score=0.04
2026-08-02 01:04:13,311 [INFO]   - command_line_embedding_similarity: raw=1.00 score=50.00
2026-08-02 01:04:13,311 [INFO]   - total_volume_delta: raw=3.42 score=0.00
2026-08-02 01:04:13,311 [INFO]   - drift_alert: raw=4.75 score=50.00
2026-08-02 01:04:14,947 [INFO] ANOMALY DETECTED: entity=user_engineer_1 score=100.06 conf=0.86
2026-08-02 01:04:14,947 [INFO]   - login_hour_rarity: raw=0.00 score=0.00
2026-08-02 01:04:14,947 [INFO]   - geolocation_rarity: raw=0.00 score=0.00
2026-08-02 01:04:14,947 [INFO]   - endpoint_set_rarity: raw=0.00 score=0.00
2026-08-02 01:04:14,947 [INFO]   - process_name_rarity: raw=0.04 score=0.06
2026-08-02 01:04:14,947 [INFO]   - command_line_embedding_similarity: raw=1.00 score=50.00
2026-08-02 01:04:14,947 [INFO]   - total_volume_delta: raw=3.50 score=0.00
2026-08-02 01:04:14,947 [INFO]   - drift_alert: raw=3.15 score=50.00
2026-08-02 01:04:16,143 [INFO] ANOMALY DETECTED: entity=user_hr_1 score=46.52 conf=0.84
2026-08-02 01:04:16,143 [INFO]   - login_hour_rarity: raw=0.00 score=0.00
2026-08-02 01:04:16,143 [INFO]   - geolocation_rarity: raw=0.00 score=0.00
2026-08-02 01:04:16,144 [INFO]   - endpoint_set_rarity: raw=0.00 score=0.00
2026-08-02 01:04:16,144 [INFO]   - process_name_rarity: raw=0.00 score=0.00
2026-08-02 01:04:16,144 [INFO]   - command_line_embedding_similarity: raw=0.27 score=0.00
2026-08-02 01:04:16,144 [INFO]   - total_volume_delta: raw=3.35 score=0.00
2026-08-02 01:04:16,144 [INFO]   - drift_alert: raw=2.33 score=46.52
2026-08-02 01:04:16,164 [INFO] ANOMALY DETECTED: entity=user_hr_4 score=50.05 conf=0.85
2026-08-02 01:04:16,164 [INFO]   - login_hour_rarity: raw=0.00 score=0.00
2026-08-02 01:04:16,164 [INFO]   - geolocation_rarity: raw=0.00 score=0.00
2026-08-02 01:04:16,164 [INFO]   - endpoint_set_rarity: raw=0.00 score=0.00
2026-08-02 01:04:16,164 [INFO]   - process_name_rarity: raw=0.03 score=0.05
2026-08-02 01:04:16,164 [INFO]   - command_line_embedding_similarity: raw=1.00 score=50.00
2026-08-02 01:04:16,164 [INFO]   - total_volume_delta: raw=3.02 score=0.00
2026-08-02 01:04:16,164 [INFO]   - drift_alert: raw=0.00 score=0.00
2026-08-02 01:04:16,698 [INFO] ANOMALY DETECTED: entity=user_hr_3 score=50.04 conf=0.83
2026-08-02 01:04:16,698 [INFO]   - login_hour_rarity: raw=0.00 score=0.00
2026-08-02 01:04:16,698 [INFO]   - geolocation_rarity: raw=0.00 score=0.00
2026-08-02 01:04:16,698 [INFO]   - endpoint_set_rarity: raw=0.00 score=0.00
2026-08-02 01:04:16,698 [INFO]   - process_name_rarity: raw=0.03 score=0.04
2026-08-02 01:04:16,699 [INFO]   - command_line_embedding_similarity: raw=1.00 score=50.00
2026-08-02 01:04:16,699 [INFO]   - total_volume_delta: raw=3.51 score=0.00
2026-08-02 01:04:16,699 [INFO]   - drift_alert: raw=0.00 score=0.00
2026-08-02 01:04:17,843 [INFO] ANOMALY DETECTED: entity=user_engineer_9 score=50.00 conf=0.84
2026-08-02 01:04:17,843 [INFO]   - login_hour_rarity: raw=0.00 score=0.00
2026-08-02 01:04:17,843 [INFO]   - geolocation_rarity: raw=0.00 score=0.00
2026-08-02 01:04:17,843 [INFO]   - endpoint_set_rarity: raw=0.00 score=0.00
2026-08-02 01:04:17,843 [INFO]   - process_name_rarity: raw=0.00 score=0.00
2026-08-02 01:04:17,843 [INFO]   - command_line_embedding_similarity: raw=0.31 score=0.00
2026-08-02 01:04:17,843 [INFO]   - total_volume_delta: raw=3.58 score=0.00
2026-08-02 01:04:17,843 [INFO]   - drift_alert: raw=4.61 score=50.00
2026-08-02 01:04:17,862 [INFO] ANOMALY DETECTED: entity=user_hr_7 score=50.00 conf=0.87
2026-08-02 01:04:17,862 [INFO]   - login_hour_rarity: raw=0.00 score=0.00
2026-08-02 01:04:17,862 [INFO]   - geolocation_rarity: raw=0.00 score=0.00
2026-08-02 01:04:17,862 [INFO]   - endpoint_set_rarity: raw=0.00 score=0.00
2026-08-02 01:04:17,862 [INFO]   - process_name_rarity: raw=0.00 score=0.00
2026-08-02 01:04:17,862 [INFO]   - command_line_embedding_similarity: raw=0.34 score=0.00
2026-08-02 01:04:17,862 [INFO]   - total_volume_delta: raw=2.89 score=0.00
2026-08-02 01:04:17,862 [INFO]   - drift_alert: raw=4.79 score=50.00
2026-08-02 01:04:18,971 [INFO] ANOMALY DETECTED: entity=user_finance_4 score=50.00 conf=0.82
2026-08-02 01:04:18,971 [INFO]   - login_hour_rarity: raw=0.00 score=0.00
2026-08-02 01:04:18,971 [INFO]   - geolocation_rarity: raw=0.00 score=0.00
2026-08-02 01:04:18,971 [INFO]   - endpoint_set_rarity: raw=0.00 score=0.00
2026-08-02 01:04:18,971 [INFO]   - process_name_rarity: raw=0.00 score=0.00
2026-08-02 01:04:18,971 [INFO]   - command_line_embedding_similarity: raw=0.30 score=0.00
2026-08-02 01:04:18,971 [INFO]   - total_volume_delta: raw=3.17 score=0.00
2026-08-02 01:04:18,971 [INFO]   - drift_alert: raw=2.85 score=50.00
2026-08-02 01:04:20,730 [INFO] ANOMALY DETECTED: entity=user_hr_14 score=100.04 conf=0.84
2026-08-02 01:04:20,730 [INFO]   - login_hour_rarity: raw=0.00 score=0.00
2026-08-02 01:04:20,730 [INFO]   - geolocation_rarity: raw=0.00 score=0.00
2026-08-02 01:04:20,730 [INFO]   - endpoint_set_rarity: raw=0.00 score=0.00
2026-08-02 01:04:20,730 [INFO]   - process_name_rarity: raw=0.02 score=0.04
2026-08-02 01:04:20,730 [INFO]   - command_line_embedding_similarity: raw=1.00 score=50.00
2026-08-02 01:04:20,730 [INFO]   - total_volume_delta: raw=4.95 score=0.00
2026-08-02 01:04:20,730 [INFO]   - drift_alert: raw=5.51 score=50.00
2026-08-02 01:04:22,508 [INFO] ANOMALY DETECTED: entity=user_finance_2 score=97.97 conf=0.84
2026-08-02 01:04:22,508 [INFO]   - login_hour_rarity: raw=0.00 score=0.00
2026-08-02 01:04:22,508 [INFO]   - geolocation_rarity: raw=0.00 score=0.00
2026-08-02 01:04:22,508 [INFO]   - endpoint_set_rarity: raw=0.00 score=0.00
2026-08-02 01:04:22,508 [INFO]   - process_name_rarity: raw=0.03 score=0.04
2026-08-02 01:04:22,508 [INFO]   - command_line_embedding_similarity: raw=1.00 score=50.00
2026-08-02 01:04:22,509 [INFO]   - total_volume_delta: raw=3.39 score=0.00
2026-08-02 01:04:22,509 [INFO]   - drift_alert: raw=2.40 score=47.93
2026-08-02 01:04:23,348 [INFO] ANOMALY DETECTED: entity=user_engineer_8 score=50.05 conf=0.86
2026-08-02 01:04:23,348 [INFO]   - login_hour_rarity: raw=0.00 score=0.00
2026-08-02 01:04:23,348 [INFO]   - geolocation_rarity: raw=0.00 score=0.00
2026-08-02 01:04:23,348 [INFO]   - endpoint_set_rarity: raw=0.00 score=0.00
2026-08-02 01:04:23,348 [INFO]   - process_name_rarity: raw=0.03 score=0.05
2026-08-02 01:04:23,348 [INFO]   - command_line_embedding_similarity: raw=1.00 score=50.00
2026-08-02 01:04:23,348 [INFO]   - total_volume_delta: raw=3.19 score=0.00
2026-08-02 01:04:23,348 [INFO]   - drift_alert: raw=0.00 score=0.00
2026-08-02 01:04:23,384 [INFO] ANOMALY DETECTED: entity=user_finance_2 score=47.93 conf=0.84
2026-08-02 01:04:23,384 [INFO]   - login_hour_rarity: raw=0.00 score=0.00
2026-08-02 01:04:23,384 [INFO]   - geolocation_rarity: raw=0.00 score=0.00
2026-08-02 01:04:23,384 [INFO]   - endpoint_set_rarity: raw=0.00 score=0.00
2026-08-02 01:04:23,384 [INFO]   - process_name_rarity: raw=0.00 score=0.00
2026-08-02 01:04:23,384 [INFO]   - command_line_embedding_similarity: raw=0.21 score=0.00
2026-08-02 01:04:23,384 [INFO]   - total_volume_delta: raw=3.39 score=0.00
2026-08-02 01:04:23,384 [INFO]   - drift_alert: raw=2.40 score=47.93
2026-08-02 01:04:23,404 [INFO] ANOMALY DETECTED: entity=user_finance_8 score=50.05 conf=0.86
2026-08-02 01:04:23,404 [INFO]   - login_hour_rarity: raw=0.00 score=0.00
2026-08-02 01:04:23,404 [INFO]   - geolocation_rarity: raw=0.00 score=0.00
2026-08-02 01:04:23,405 [INFO]   - endpoint_set_rarity: raw=0.00 score=0.00
2026-08-02 01:04:23,405 [INFO]   - process_name_rarity: raw=0.03 score=0.05
2026-08-02 01:04:23,405 [INFO]   - command_line_embedding_similarity: raw=1.00 score=50.00
2026-08-02 01:04:23,405 [INFO]   - total_volume_delta: raw=3.52 score=0.00
2026-08-02 01:04:23,405 [INFO]   - drift_alert: raw=0.00 score=0.00
2026-08-02 01:04:23,954 [WARNING] point_baseline_shadow_fallback entity_id=svc_backup_3 as_of=2026-01-05 13:48:00 active_shadow_count=0
2026-08-02 01:04:23,955 [INFO] ANOMALY DETECTED: entity=svc_backup_3 score=50.00 conf=0.83
2026-08-02 01:04:23,955 [INFO]   - login_hour_rarity: raw=0.00 score=0.00
2026-08-02 01:04:23,955 [INFO]   - geolocation_rarity: raw=0.00 score=0.00
2026-08-02 01:04:23,956 [INFO]   - endpoint_set_rarity: raw=0.00 score=0.00
2026-08-02 01:04:23,956 [INFO]   - process_name_rarity: raw=0.00 score=0.00
2026-08-02 01:04:23,956 [INFO]   - command_line_embedding_similarity: raw=0.00 score=0.00
2026-08-02 01:04:23,956 [INFO]   - total_volume_delta: raw=3.63 score=0.00
2026-08-02 01:04:23,956 [INFO]   - drift_alert: raw=2.66 score=50.00
2026-08-02 01:04:23,956 [INFO]   - service_account_execution_frequency_deviation: raw=0.00 score=0.00
2026-08-02 01:04:24,530 [INFO] ANOMALY DETECTED: entity=user_finance_14 score=50.00 conf=0.85
2026-08-02 01:04:24,530 [INFO]   - login_hour_rarity: raw=0.00 score=0.00
2026-08-02 01:04:24,530 [INFO]   - geolocation_rarity: raw=0.00 score=0.00
2026-08-02 01:04:24,530 [INFO]   - endpoint_set_rarity: raw=0.00 score=0.00
2026-08-02 01:04:24,530 [INFO]   - process_name_rarity: raw=0.00 score=0.00
2026-08-02 01:04:24,530 [INFO]   - command_line_embedding_similarity: raw=0.19 score=0.00
2026-08-02 01:04:24,530 [INFO]   - total_volume_delta: raw=3.42 score=0.00
2026-08-02 01:04:24,530 [INFO]   - drift_alert: raw=4.75 score=50.00
2026-08-02 01:04:25,053 [INFO] ANOMALY DETECTED: entity=user_engineer_2 score=85.06 conf=0.81
2026-08-02 01:04:25,053 [INFO]   - login_hour_rarity: raw=0.00 score=0.00
2026-08-02 01:04:25,053 [INFO]   - geolocation_rarity: raw=0.00 score=0.00
2026-08-02 01:04:25,053 [INFO]   - endpoint_set_rarity: raw=0.00 score=0.00
2026-08-02 01:04:25,053 [INFO]   - process_name_rarity: raw=0.02 score=0.03
2026-08-02 01:04:25,053 [INFO]   - command_line_embedding_similarity: raw=1.00 score=50.00
2026-08-02 01:04:25,053 [INFO]   - total_volume_delta: raw=2.89 score=0.00
2026-08-02 01:04:25,053 [INFO]   - drift_alert: raw=1.75 score=35.03
2026-08-02 01:04:25,074 [INFO] ANOMALY DETECTED: entity=user_hr_14 score=50.00 conf=0.84
2026-08-02 01:04:25,074 [INFO]   - login_hour_rarity: raw=0.00 score=0.00
2026-08-02 01:04:25,074 [INFO]   - geolocation_rarity: raw=0.00 score=0.00
2026-08-02 01:04:25,074 [INFO]   - endpoint_set_rarity: raw=0.00 score=0.00
2026-08-02 01:04:25,074 [INFO]   - process_name_rarity: raw=0.00 score=0.00
2026-08-02 01:04:25,074 [INFO]   - command_line_embedding_similarity: raw=0.29 score=0.00
2026-08-02 01:04:25,074 [INFO]   - total_volume_delta: raw=4.95 score=0.00
2026-08-02 01:04:25,074 [INFO]   - drift_alert: raw=5.51 score=50.00
2026-08-02 01:04:26,231 [INFO] ANOMALY DETECTED: entity=user_hr_7 score=100.05 conf=0.87
2026-08-02 01:04:26,231 [INFO]   - login_hour_rarity: raw=0.00 score=0.00
2026-08-02 01:04:26,231 [INFO]   - geolocation_rarity: raw=0.00 score=0.00
2026-08-02 01:04:26,231 [INFO]   - endpoint_set_rarity: raw=0.00 score=0.00
2026-08-02 01:04:26,231 [INFO]   - process_name_rarity: raw=0.03 score=0.05
2026-08-02 01:04:26,231 [INFO]   - command_line_embedding_similarity: raw=1.00 score=50.00
2026-08-02 01:04:26,232 [INFO]   - total_volume_delta: raw=2.89 score=0.00
2026-08-02 01:04:26,232 [INFO]   - drift_alert: raw=4.79 score=50.00
2026-08-02 01:04:26,272 [INFO] ANOMALY DETECTED: entity=user_finance_7 score=46.60 conf=0.88
2026-08-02 01:04:26,272 [INFO]   - login_hour_rarity: raw=0.00 score=0.00
2026-08-02 01:04:26,272 [INFO]   - geolocation_rarity: raw=0.00 score=0.00
2026-08-02 01:04:26,272 [INFO]   - endpoint_set_rarity: raw=0.00 score=0.00
2026-08-02 01:04:26,272 [INFO]   - process_name_rarity: raw=0.00 score=0.00
2026-08-02 01:04:26,272 [INFO]   - command_line_embedding_similarity: raw=0.42 score=0.00
2026-08-02 01:04:26,272 [INFO]   - total_volume_delta: raw=2.32 score=0.00
2026-08-02 01:04:26,272 [INFO]   - drift_alert: raw=2.33 score=46.60
2026-08-02 01:04:28,532 [INFO] ANOMALY DETECTED: entity=user_finance_5 score=50.00 conf=0.82
2026-08-02 01:04:28,532 [INFO]   - login_hour_rarity: raw=0.00 score=0.00
2026-08-02 01:04:28,532 [INFO]   - geolocation_rarity: raw=0.00 score=0.00
2026-08-02 01:04:28,532 [INFO]   - endpoint_set_rarity: raw=0.00 score=0.00
2026-08-02 01:04:28,532 [INFO]   - process_name_rarity: raw=0.00 score=0.00
2026-08-02 01:04:28,532 [INFO]   - command_line_embedding_similarity: raw=0.22 score=0.00
2026-08-02 01:04:28,532 [INFO]   - total_volume_delta: raw=3.46 score=0.00
2026-08-02 01:04:28,532 [INFO]   - drift_alert: raw=8.11 score=50.00
2026-08-02 01:04:29,098 [INFO] ANOMALY DETECTED: entity=user_engineer_11 score=50.02 conf=0.83
2026-08-02 01:04:29,098 [INFO]   - login_hour_rarity: raw=0.00 score=0.00
2026-08-02 01:04:29,098 [INFO]   - geolocation_rarity: raw=0.00 score=0.00
2026-08-02 01:04:29,098 [INFO]   - endpoint_set_rarity: raw=0.00 score=0.00
2026-08-02 01:04:29,098 [INFO]   - process_name_rarity: raw=0.02 score=0.02
2026-08-02 01:04:29,098 [INFO]   - command_line_embedding_similarity: raw=1.00 score=50.00
2026-08-02 01:04:29,098 [INFO]   - total_volume_delta: raw=3.25 score=0.00
2026-08-02 01:04:29,098 [INFO]   - drift_alert: raw=0.00 score=0.00
2026-08-02 01:04:29,665 [INFO] ANOMALY DETECTED: entity=user_hr_1 score=46.52 conf=0.84
2026-08-02 01:04:29,665 [INFO]   - login_hour_rarity: raw=0.00 score=0.00
2026-08-02 01:04:29,665 [INFO]   - geolocation_rarity: raw=0.00 score=0.00
2026-08-02 01:04:29,665 [INFO]   - endpoint_set_rarity: raw=0.00 score=0.00
2026-08-02 01:04:29,665 [INFO]   - process_name_rarity: raw=0.00 score=0.00
2026-08-02 01:04:29,665 [INFO]   - command_line_embedding_similarity: raw=0.42 score=0.00
2026-08-02 01:04:29,665 [INFO]   - total_volume_delta: raw=3.35 score=0.00
2026-08-02 01:04:29,665 [INFO]   - drift_alert: raw=2.33 score=46.52
2026-08-02 01:04:29,681 [INFO] ANOMALY DETECTED: entity=user_finance_13 score=50.04 conf=0.84
2026-08-02 01:04:29,681 [INFO]   - login_hour_rarity: raw=0.00 score=0.00
2026-08-02 01:04:29,681 [INFO]   - geolocation_rarity: raw=0.00 score=0.00
2026-08-02 01:04:29,681 [INFO]   - endpoint_set_rarity: raw=0.00 score=0.00
2026-08-02 01:04:29,681 [INFO]   - process_name_rarity: raw=0.03 score=0.04
2026-08-02 01:04:29,681 [INFO]   - command_line_embedding_similarity: raw=1.00 score=50.00
2026-08-02 01:04:29,681 [INFO]   - total_volume_delta: raw=2.35 score=0.00
2026-08-02 01:04:29,681 [INFO]   - drift_alert: raw=0.00 score=0.00
2026-08-02 01:04:30,224 [INFO] ANOMALY DETECTED: entity=user_hr_7 score=50.00 conf=0.87
2026-08-02 01:04:30,224 [INFO]   - login_hour_rarity: raw=0.00 score=0.00
2026-08-02 01:04:30,225 [INFO]   - geolocation_rarity: raw=0.00 score=0.00
2026-08-02 01:04:30,225 [INFO]   - endpoint_set_rarity: raw=0.00 score=0.00
2026-08-02 01:04:30,225 [INFO]   - process_name_rarity: raw=0.00 score=0.00
2026-08-02 01:04:30,225 [INFO]   - command_line_embedding_similarity: raw=0.20 score=0.00
2026-08-02 01:04:30,225 [INFO]   - total_volume_delta: raw=2.89 score=0.00
2026-08-02 01:04:30,225 [INFO]   - drift_alert: raw=4.79 score=50.00
2026-08-02 01:04:30,250 [INFO] ANOMALY DETECTED: entity=user_hr_14 score=100.04 conf=0.84
2026-08-02 01:04:30,250 [INFO]   - login_hour_rarity: raw=0.00 score=0.00
2026-08-02 01:04:30,250 [INFO]   - geolocation_rarity: raw=0.00 score=0.00
2026-08-02 01:04:30,250 [INFO]   - endpoint_set_rarity: raw=0.00 score=0.00
2026-08-02 01:04:30,250 [INFO]   - process_name_rarity: raw=0.02 score=0.04
2026-08-02 01:04:30,250 [INFO]   - command_line_embedding_similarity: raw=1.00 score=50.00
2026-08-02 01:04:30,250 [INFO]   - total_volume_delta: raw=4.95 score=0.00
2026-08-02 01:04:30,250 [INFO]   - drift_alert: raw=5.51 score=50.00
2026-08-02 01:04:30,783 [INFO] ANOMALY DETECTED: entity=user_finance_2 score=47.93 conf=0.84
2026-08-02 01:04:30,783 [INFO]   - login_hour_rarity: raw=0.00 score=0.00
2026-08-02 01:04:30,783 [INFO]   - geolocation_rarity: raw=0.00 score=0.00
2026-08-02 01:04:30,783 [INFO]   - endpoint_set_rarity: raw=0.00 score=0.00
2026-08-02 01:04:30,783 [INFO]   - process_name_rarity: raw=0.00 score=0.00
2026-08-02 01:04:30,783 [INFO]   - command_line_embedding_similarity: raw=0.34 score=0.00
2026-08-02 01:04:30,783 [INFO]   - total_volume_delta: raw=3.39 score=0.00
2026-08-02 01:04:30,783 [INFO]   - drift_alert: raw=2.40 score=47.93
2026-08-02 01:04:33,385 [INFO] ANOMALY DETECTED: entity=user_finance_2 score=47.93 conf=0.84
2026-08-02 01:04:33,386 [INFO]   - login_hour_rarity: raw=0.00 score=0.00
2026-08-02 01:04:33,386 [INFO]   - geolocation_rarity: raw=0.00 score=0.00
2026-08-02 01:04:33,386 [INFO]   - endpoint_set_rarity: raw=0.00 score=0.00
2026-08-02 01:04:33,386 [INFO]   - process_name_rarity: raw=0.00 score=0.00
2026-08-02 01:04:33,386 [INFO]   - command_line_embedding_similarity: raw=0.34 score=0.00
2026-08-02 01:04:33,386 [INFO]   - total_volume_delta: raw=3.39 score=0.00
2026-08-02 01:04:33,386 [INFO]   - drift_alert: raw=2.40 score=47.93
2026-08-02 01:04:34,956 [INFO] ANOMALY DETECTED: entity=user_finance_5 score=50.00 conf=0.82
2026-08-02 01:04:34,956 [INFO]   - login_hour_rarity: raw=0.00 score=0.00
2026-08-02 01:04:34,956 [INFO]   - geolocation_rarity: raw=0.00 score=0.00
2026-08-02 01:04:34,956 [INFO]   - endpoint_set_rarity: raw=0.00 score=0.00
2026-08-02 01:04:34,956 [INFO]   - process_name_rarity: raw=0.00 score=0.00
2026-08-02 01:04:34,956 [INFO]   - command_line_embedding_similarity: raw=0.38 score=0.00
2026-08-02 01:04:34,956 [INFO]   - total_volume_delta: raw=3.46 score=0.00
2026-08-02 01:04:34,956 [INFO]   - drift_alert: raw=8.11 score=50.00
2026-08-02 01:04:35,501 [INFO] ANOMALY DETECTED: entity=user_hr_1 score=46.52 conf=0.84
2026-08-02 01:04:35,502 [INFO]   - login_hour_rarity: raw=0.00 score=0.00
2026-08-02 01:04:35,502 [INFO]   - geolocation_rarity: raw=0.00 score=0.00
2026-08-02 01:04:35,502 [INFO]   - endpoint_set_rarity: raw=0.00 score=0.00
2026-08-02 01:04:35,502 [INFO]   - process_name_rarity: raw=0.00 score=0.00
2026-08-02 01:04:35,502 [INFO]   - command_line_embedding_similarity: raw=0.35 score=0.00
2026-08-02 01:04:35,502 [INFO]   - total_volume_delta: raw=3.35 score=0.00
2026-08-02 01:04:35,502 [INFO]   - drift_alert: raw=2.33 score=46.52
2026-08-02 01:04:36,142 [INFO] ANOMALY DETECTED: entity=user_finance_14 score=100.04 conf=0.85
2026-08-02 01:04:36,143 [INFO]   - login_hour_rarity: raw=0.00 score=0.00
2026-08-02 01:04:36,143 [INFO]   - geolocation_rarity: raw=0.00 score=0.00
2026-08-02 01:04:36,143 [INFO]   - endpoint_set_rarity: raw=0.00 score=0.00
2026-08-02 01:04:36,143 [INFO]   - process_name_rarity: raw=0.03 score=0.04
2026-08-02 01:04:36,143 [INFO]   - command_line_embedding_similarity: raw=1.00 score=50.00
2026-08-02 01:04:36,143 [INFO]   - total_volume_delta: raw=2.68 score=0.00
2026-08-02 01:04:36,143 [INFO]   - drift_alert: raw=4.75 score=50.00
2026-08-02 01:04:36,653 [INFO] ANOMALY DETECTED: entity=user_engineer_2 score=85.06 conf=0.81
2026-08-02 01:04:36,654 [INFO]   - login_hour_rarity: raw=0.00 score=0.00
2026-08-02 01:04:36,654 [INFO]   - geolocation_rarity: raw=0.00 score=0.00
2026-08-02 01:04:36,654 [INFO]   - endpoint_set_rarity: raw=0.00 score=0.00
2026-08-02 01:04:36,654 [INFO]   - process_name_rarity: raw=0.02 score=0.03
2026-08-02 01:04:36,654 [INFO]   - command_line_embedding_similarity: raw=1.00 score=50.00
2026-08-02 01:04:36,654 [INFO]   - total_volume_delta: raw=2.89 score=0.00
2026-08-02 01:04:36,654 [INFO]   - drift_alert: raw=1.75 score=35.03
2026-08-02 01:04:37,139 [INFO] ANOMALY DETECTED: entity=user_engineer_9 score=100.03 conf=0.84
2026-08-02 01:04:37,139 [INFO]   - login_hour_rarity: raw=0.00 score=0.00
2026-08-02 01:04:37,139 [INFO]   - geolocation_rarity: raw=0.00 score=0.00
2026-08-02 01:04:37,139 [INFO]   - endpoint_set_rarity: raw=0.00 score=0.00
2026-08-02 01:04:37,139 [INFO]   - process_name_rarity: raw=0.02 score=0.03
2026-08-02 01:04:37,139 [INFO]   - command_line_embedding_similarity: raw=1.00 score=50.00
2026-08-02 01:04:37,139 [INFO]   - total_volume_delta: raw=3.58 score=0.00
2026-08-02 01:04:37,139 [INFO]   - drift_alert: raw=4.61 score=50.00
2026-08-02 01:04:37,204 [INFO] ANOMALY DETECTED: entity=user_finance_4 score=50.00 conf=0.82
2026-08-02 01:04:37,204 [INFO]   - login_hour_rarity: raw=0.00 score=0.00
2026-08-02 01:04:37,204 [INFO]   - geolocation_rarity: raw=0.00 score=0.00
2026-08-02 01:04:37,204 [INFO]   - endpoint_set_rarity: raw=0.00 score=0.00
2026-08-02 01:04:37,204 [INFO]   - process_name_rarity: raw=0.00 score=0.00
2026-08-02 01:04:37,204 [INFO]   - command_line_embedding_similarity: raw=0.16 score=0.00
2026-08-02 01:04:37,204 [INFO]   - total_volume_delta: raw=3.17 score=0.00
2026-08-02 01:04:37,204 [INFO]   - drift_alert: raw=2.85 score=50.00
2026-08-02 01:04:37,221 [INFO] ANOMALY DETECTED: entity=user_finance_14 score=100.04 conf=0.85
2026-08-02 01:04:37,221 [INFO]   - login_hour_rarity: raw=0.00 score=0.00
2026-08-02 01:04:37,221 [INFO]   - geolocation_rarity: raw=0.00 score=0.00
2026-08-02 01:04:37,221 [INFO]   - endpoint_set_rarity: raw=0.00 score=0.00
2026-08-02 01:04:37,221 [INFO]   - process_name_rarity: raw=0.03 score=0.04
2026-08-02 01:04:37,221 [INFO]   - command_line_embedding_similarity: raw=1.00 score=50.00
2026-08-02 01:04:37,221 [INFO]   - total_volume_delta: raw=2.68 score=0.00
2026-08-02 01:04:37,221 [INFO]   - drift_alert: raw=4.75 score=50.00
2026-08-02 01:04:37,743 [INFO] ANOMALY DETECTED: entity=user_engineer_1 score=100.06 conf=0.86
2026-08-02 01:04:37,744 [INFO]   - login_hour_rarity: raw=0.00 score=0.00
2026-08-02 01:04:37,744 [INFO]   - geolocation_rarity: raw=0.00 score=0.00
2026-08-02 01:04:37,744 [INFO]   - endpoint_set_rarity: raw=0.00 score=0.00
2026-08-02 01:04:37,744 [INFO]   - process_name_rarity: raw=0.04 score=0.06
2026-08-02 01:04:37,744 [INFO]   - command_line_embedding_similarity: raw=1.00 score=50.00
2026-08-02 01:04:37,744 [INFO]   - total_volume_delta: raw=3.50 score=0.00
2026-08-02 01:04:37,744 [INFO]   - drift_alert: raw=3.15 score=50.00
2026-08-02 01:04:37,764 [INFO] ANOMALY DETECTED: entity=user_engineer_9 score=50.00 conf=0.84
2026-08-02 01:04:37,764 [INFO]   - login_hour_rarity: raw=0.00 score=0.00
2026-08-02 01:04:37,764 [INFO]   - geolocation_rarity: raw=0.00 score=0.00
2026-08-02 01:04:37,764 [INFO]   - endpoint_set_rarity: raw=0.00 score=0.00
2026-08-02 01:04:37,764 [INFO]   - process_name_rarity: raw=0.00 score=0.00
2026-08-02 01:04:37,764 [INFO]   - command_line_embedding_similarity: raw=0.26 score=0.00
2026-08-02 01:04:37,765 [INFO]   - total_volume_delta: raw=3.58 score=0.00
2026-08-02 01:04:37,765 [INFO]   - drift_alert: raw=4.61 score=50.00
2026-08-02 01:04:37,785 [INFO] ANOMALY DETECTED: entity=user_hr_7 score=50.00 conf=0.87
2026-08-02 01:04:37,785 [INFO]   - login_hour_rarity: raw=0.00 score=0.00
2026-08-02 01:04:37,785 [INFO]   - geolocation_rarity: raw=0.00 score=0.00
2026-08-02 01:04:37,785 [INFO]   - endpoint_set_rarity: raw=0.00 score=0.00
2026-08-02 01:04:37,785 [INFO]   - process_name_rarity: raw=0.00 score=0.00
2026-08-02 01:04:37,785 [INFO]   - command_line_embedding_similarity: raw=0.36 score=0.00
2026-08-02 01:04:37,785 [INFO]   - total_volume_delta: raw=2.89 score=0.00
2026-08-02 01:04:37,785 [INFO]   - drift_alert: raw=4.79 score=50.00
2026-08-02 01:04:37,804 [INFO] ANOMALY DETECTED: entity=user_finance_2 score=47.93 conf=0.84
2026-08-02 01:04:37,804 [INFO]   - login_hour_rarity: raw=0.00 score=0.00
2026-08-02 01:04:37,804 [INFO]   - geolocation_rarity: raw=0.00 score=0.00
2026-08-02 01:04:37,804 [INFO]   - endpoint_set_rarity: raw=0.00 score=0.00
2026-08-02 01:04:37,804 [INFO]   - process_name_rarity: raw=0.00 score=0.00
2026-08-02 01:04:37,804 [INFO]   - command_line_embedding_similarity: raw=0.34 score=0.00
2026-08-02 01:04:37,805 [INFO]   - total_volume_delta: raw=3.39 score=0.00
2026-08-02 01:04:37,805 [INFO]   - drift_alert: raw=2.40 score=47.93
2026-08-02 01:04:38,354 [INFO] ANOMALY DETECTED: entity=user_hr_7 score=50.00 conf=0.87
2026-08-02 01:04:38,354 [INFO]   - login_hour_rarity: raw=0.00 score=0.00
2026-08-02 01:04:38,354 [INFO]   - geolocation_rarity: raw=0.00 score=0.00
2026-08-02 01:04:38,354 [INFO]   - endpoint_set_rarity: raw=0.00 score=0.00
2026-08-02 01:04:38,354 [INFO]   - process_name_rarity: raw=0.00 score=0.00
2026-08-02 01:04:38,355 [INFO]   - command_line_embedding_similarity: raw=0.22 score=0.00
2026-08-02 01:04:38,355 [INFO]   - total_volume_delta: raw=2.89 score=0.00
2026-08-02 01:04:38,355 [INFO]   - drift_alert: raw=4.79 score=50.00
2026-08-02 01:04:38,916 [INFO] ANOMALY DETECTED: entity=user_engineer_14 score=48.57 conf=0.80
2026-08-02 01:04:38,916 [INFO]   - login_hour_rarity: raw=0.00 score=0.00
2026-08-02 01:04:38,916 [INFO]   - geolocation_rarity: raw=0.00 score=0.00
2026-08-02 01:04:38,916 [INFO]   - endpoint_set_rarity: raw=0.00 score=0.00
2026-08-02 01:04:38,916 [INFO]   - process_name_rarity: raw=0.00 score=0.00
2026-08-02 01:04:38,916 [INFO]   - command_line_embedding_similarity: raw=0.33 score=0.00
2026-08-02 01:04:38,916 [INFO]   - total_volume_delta: raw=4.03 score=0.00
2026-08-02 01:04:38,916 [INFO]   - drift_alert: raw=2.43 score=48.57
2026-08-02 01:04:39,489 [INFO] ANOMALY DETECTED: entity=user_hr_6 score=91.27 conf=0.85
2026-08-02 01:04:39,489 [INFO]   - login_hour_rarity: raw=0.00 score=0.00
2026-08-02 01:04:39,489 [INFO]   - geolocation_rarity: raw=0.00 score=0.00
2026-08-02 01:04:39,489 [INFO]   - endpoint_set_rarity: raw=0.00 score=0.00
2026-08-02 01:04:39,489 [INFO]   - process_name_rarity: raw=0.02 score=0.04
2026-08-02 01:04:39,489 [INFO]   - command_line_embedding_similarity: raw=1.00 score=50.00
2026-08-02 01:04:39,489 [INFO]   - total_volume_delta: raw=3.04 score=0.00
2026-08-02 01:04:39,489 [INFO]   - drift_alert: raw=2.06 score=41.24
2026-08-02 01:04:39,998 [INFO] ANOMALY DETECTED: entity=user_finance_5 score=50.00 conf=0.82
2026-08-02 01:04:39,998 [INFO]   - login_hour_rarity: raw=0.00 score=0.00
2026-08-02 01:04:39,998 [INFO]   - geolocation_rarity: raw=0.00 score=0.00
2026-08-02 01:04:39,998 [INFO]   - endpoint_set_rarity: raw=0.00 score=0.00
2026-08-02 01:04:39,998 [INFO]   - process_name_rarity: raw=0.00 score=0.00
2026-08-02 01:04:39,998 [INFO]   - command_line_embedding_similarity: raw=0.35 score=0.00
2026-08-02 01:04:39,998 [INFO]   - total_volume_delta: raw=3.46 score=0.00
2026-08-02 01:04:39,998 [INFO]   - drift_alert: raw=8.11 score=50.00
2026-08-02 01:04:40,531 [INFO] ANOMALY DETECTED: entity=user_hr_1 score=96.54 conf=0.84
2026-08-02 01:04:40,531 [INFO]   - login_hour_rarity: raw=0.00 score=0.00
2026-08-02 01:04:40,531 [INFO]   - geolocation_rarity: raw=0.00 score=0.00
2026-08-02 01:04:40,531 [INFO]   - endpoint_set_rarity: raw=0.00 score=0.00
2026-08-02 01:04:40,531 [INFO]   - process_name_rarity: raw=0.02 score=0.02
2026-08-02 01:04:40,531 [INFO]   - command_line_embedding_similarity: raw=1.00 score=50.00
2026-08-02 01:04:40,531 [INFO]   - total_volume_delta: raw=3.35 score=0.00
2026-08-02 01:04:40,531 [INFO]   - drift_alert: raw=2.33 score=46.52
2026-08-02 01:04:41,106 [INFO] ANOMALY DETECTED: entity=user_finance_14 score=100.04 conf=0.85
2026-08-02 01:04:41,106 [INFO]   - login_hour_rarity: raw=0.00 score=0.00
2026-08-02 01:04:41,106 [INFO]   - geolocation_rarity: raw=0.00 score=0.00
2026-08-02 01:04:41,106 [INFO]   - endpoint_set_rarity: raw=0.00 score=0.00
2026-08-02 01:04:41,106 [INFO]   - process_name_rarity: raw=0.03 score=0.04
2026-08-02 01:04:41,106 [INFO]   - command_line_embedding_similarity: raw=1.00 score=50.00
2026-08-02 01:04:41,106 [INFO]   - total_volume_delta: raw=2.68 score=0.00
2026-08-02 01:04:41,106 [INFO]   - drift_alert: raw=4.75 score=50.00
2026-08-02 01:04:41,722 [INFO] ANOMALY DETECTED: entity=user_finance_4 score=50.00 conf=0.82
2026-08-02 01:04:41,722 [INFO]   - login_hour_rarity: raw=0.00 score=0.00
2026-08-02 01:04:41,722 [INFO]   - geolocation_rarity: raw=0.00 score=0.00
2026-08-02 01:04:41,722 [INFO]   - endpoint_set_rarity: raw=0.00 score=0.00
2026-08-02 01:04:41,722 [INFO]   - process_name_rarity: raw=0.00 score=0.00
2026-08-02 01:04:41,722 [INFO]   - command_line_embedding_similarity: raw=0.30 score=0.00
2026-08-02 01:04:41,722 [INFO]   - total_volume_delta: raw=3.17 score=0.00
2026-08-02 01:04:41,722 [INFO]   - drift_alert: raw=2.85 score=50.00
2026-08-02 01:04:42,254 [INFO] ANOMALY DETECTED: entity=user_hr_6 score=91.27 conf=0.85
2026-08-02 01:04:42,255 [INFO]   - login_hour_rarity: raw=0.00 score=0.00
2026-08-02 01:04:42,255 [INFO]   - geolocation_rarity: raw=0.00 score=0.00
2026-08-02 01:04:42,255 [INFO]   - endpoint_set_rarity: raw=0.00 score=0.00
2026-08-02 01:04:42,255 [INFO]   - process_name_rarity: raw=0.02 score=0.04
2026-08-02 01:04:42,255 [INFO]   - command_line_embedding_similarity: raw=1.00 score=50.00
2026-08-02 01:04:42,255 [INFO]   - total_volume_delta: raw=3.04 score=0.00
2026-08-02 01:04:42,255 [INFO]   - drift_alert: raw=2.06 score=41.24
2026-08-02 01:04:42,493 [INFO] ANOMALY DETECTED: entity=user_finance_7 score=46.60 conf=0.88
2026-08-02 01:04:42,493 [INFO]   - login_hour_rarity: raw=0.00 score=0.00
2026-08-02 01:04:42,493 [INFO]   - geolocation_rarity: raw=0.00 score=0.00
2026-08-02 01:04:42,493 [INFO]   - endpoint_set_rarity: raw=0.00 score=0.00
2026-08-02 01:04:42,493 [INFO]   - process_name_rarity: raw=0.00 score=0.00
2026-08-02 01:04:42,493 [INFO]   - command_line_embedding_similarity: raw=0.23 score=0.00
2026-08-02 01:04:42,493 [INFO]   - total_volume_delta: raw=2.32 score=0.00
2026-08-02 01:04:42,493 [INFO]   - drift_alert: raw=2.33 score=46.60
2026-08-02 01:04:43,616 [INFO] ANOMALY DETECTED: entity=user_finance_4 score=100.03 conf=0.82
2026-08-02 01:04:43,616 [INFO]   - login_hour_rarity: raw=0.00 score=0.00
2026-08-02 01:04:43,616 [INFO]   - geolocation_rarity: raw=0.00 score=0.00
2026-08-02 01:04:43,616 [INFO]   - endpoint_set_rarity: raw=0.00 score=0.00
2026-08-02 01:04:43,616 [INFO]   - process_name_rarity: raw=0.02 score=0.03
2026-08-02 01:04:43,616 [INFO]   - command_line_embedding_similarity: raw=1.00 score=50.00
2026-08-02 01:04:43,616 [INFO]   - total_volume_delta: raw=3.17 score=0.00
2026-08-02 01:04:43,616 [INFO]   - drift_alert: raw=2.85 score=50.00
2026-08-02 01:04:44,198 [INFO] ANOMALY DETECTED: entity=user_finance_4 score=50.00 conf=0.82
2026-08-02 01:04:44,198 [INFO]   - login_hour_rarity: raw=0.00 score=0.00
2026-08-02 01:04:44,198 [INFO]   - geolocation_rarity: raw=0.00 score=0.00
2026-08-02 01:04:44,198 [INFO]   - endpoint_set_rarity: raw=0.00 score=0.00
2026-08-02 01:04:44,198 [INFO]   - process_name_rarity: raw=0.00 score=0.00
2026-08-02 01:04:44,198 [INFO]   - command_line_embedding_similarity: raw=0.26 score=0.00
2026-08-02 01:04:44,198 [INFO]   - total_volume_delta: raw=3.17 score=0.00
2026-08-02 01:04:44,198 [INFO]   - drift_alert: raw=2.85 score=50.00
2026-08-02 01:04:44,789 [INFO] ANOMALY DETECTED: entity=user_hr_1 score=96.54 conf=0.84
2026-08-02 01:04:44,789 [INFO]   - login_hour_rarity: raw=0.00 score=0.00
2026-08-02 01:04:44,789 [INFO]   - geolocation_rarity: raw=0.00 score=0.00
2026-08-02 01:04:44,789 [INFO]   - endpoint_set_rarity: raw=0.00 score=0.00
2026-08-02 01:04:44,789 [INFO]   - process_name_rarity: raw=0.02 score=0.02
2026-08-02 01:04:44,789 [INFO]   - command_line_embedding_similarity: raw=1.00 score=50.00
2026-08-02 01:04:44,789 [INFO]   - total_volume_delta: raw=3.35 score=0.00
2026-08-02 01:04:44,789 [INFO]   - drift_alert: raw=2.33 score=46.52
2026-08-02 01:04:45,389 [INFO] ANOMALY DETECTED: entity=user_engineer_14 score=48.57 conf=0.80
2026-08-02 01:04:45,390 [INFO]   - login_hour_rarity: raw=0.00 score=0.00
2026-08-02 01:04:45,390 [INFO]   - geolocation_rarity: raw=0.00 score=0.00
2026-08-02 01:04:45,390 [INFO]   - endpoint_set_rarity: raw=0.00 score=0.00
2026-08-02 01:04:45,390 [INFO]   - process_name_rarity: raw=0.00 score=0.00
2026-08-02 01:04:45,390 [INFO]   - command_line_embedding_similarity: raw=0.29 score=0.00
2026-08-02 01:04:45,390 [INFO]   - total_volume_delta: raw=4.03 score=0.00
2026-08-02 01:04:45,390 [INFO]   - drift_alert: raw=2.43 score=48.57
2026-08-02 01:04:45,997 [INFO] ANOMALY DETECTED: entity=user_engineer_1 score=50.00 conf=0.86
2026-08-02 01:04:45,997 [INFO]   - login_hour_rarity: raw=0.00 score=0.00
2026-08-02 01:04:45,997 [INFO]   - geolocation_rarity: raw=0.00 score=0.00
2026-08-02 01:04:45,997 [INFO]   - endpoint_set_rarity: raw=0.00 score=0.00
2026-08-02 01:04:45,997 [INFO]   - process_name_rarity: raw=0.00 score=0.00
2026-08-02 01:04:45,997 [INFO]   - command_line_embedding_similarity: raw=0.34 score=0.00
2026-08-02 01:04:45,997 [INFO]   - total_volume_delta: raw=3.50 score=0.00
2026-08-02 01:04:45,997 [INFO]   - drift_alert: raw=3.15 score=50.00
2026-08-02 01:04:46,581 [INFO] ANOMALY DETECTED: entity=user_engineer_7 score=50.00 conf=0.82
2026-08-02 01:04:46,582 [INFO]   - login_hour_rarity: raw=0.00 score=0.00
2026-08-02 01:04:46,582 [INFO]   - geolocation_rarity: raw=0.00 score=0.00
2026-08-02 01:04:46,582 [INFO]   - endpoint_set_rarity: raw=0.00 score=0.00
2026-08-02 01:04:46,582 [INFO]   - process_name_rarity: raw=0.00 score=0.00
2026-08-02 01:04:46,582 [INFO]   - command_line_embedding_similarity: raw=0.17 score=0.00
2026-08-02 01:04:46,582 [INFO]   - total_volume_delta: raw=2.12 score=0.00
2026-08-02 01:04:46,582 [INFO]   - drift_alert: raw=5.53 score=50.00
2026-08-02 01:04:47,154 [INFO] ANOMALY DETECTED: entity=user_engineer_10 score=50.03 conf=0.81
2026-08-02 01:04:47,154 [INFO]   - login_hour_rarity: raw=0.00 score=0.00
2026-08-02 01:04:47,154 [INFO]   - geolocation_rarity: raw=0.00 score=0.00
2026-08-02 01:04:47,154 [INFO]   - endpoint_set_rarity: raw=0.00 score=0.00
2026-08-02 01:04:47,154 [INFO]   - process_name_rarity: raw=0.02 score=0.03
2026-08-02 01:04:47,154 [INFO]   - command_line_embedding_similarity: raw=1.00 score=50.00
2026-08-02 01:04:47,155 [INFO]   - total_volume_delta: raw=2.89 score=0.00
2026-08-02 01:04:47,155 [INFO]   - drift_alert: raw=0.00 score=0.00
2026-08-02 01:04:49,552 [INFO] ANOMALY DETECTED: entity=user_hr_7 score=100.05 conf=0.87
2026-08-02 01:04:49,552 [INFO]   - login_hour_rarity: raw=0.00 score=0.00
2026-08-02 01:04:49,552 [INFO]   - geolocation_rarity: raw=0.00 score=0.00
2026-08-02 01:04:49,552 [INFO]   - endpoint_set_rarity: raw=0.00 score=0.00
2026-08-02 01:04:49,552 [INFO]   - process_name_rarity: raw=0.03 score=0.05
2026-08-02 01:04:49,552 [INFO]   - command_line_embedding_similarity: raw=1.00 score=50.00
2026-08-02 01:04:49,552 [INFO]   - total_volume_delta: raw=2.89 score=0.00
2026-08-02 01:04:49,552 [INFO]   - drift_alert: raw=4.79 score=50.00
2026-08-02 01:04:49,571 [INFO] ANOMALY DETECTED: entity=user_finance_9 score=50.05 conf=0.85
2026-08-02 01:04:49,571 [INFO]   - login_hour_rarity: raw=0.00 score=0.00
2026-08-02 01:04:49,571 [INFO]   - geolocation_rarity: raw=0.00 score=0.00
2026-08-02 01:04:49,571 [INFO]   - endpoint_set_rarity: raw=0.00 score=0.00
2026-08-02 01:04:49,571 [INFO]   - process_name_rarity: raw=0.04 score=0.05
2026-08-02 01:04:49,571 [INFO]   - command_line_embedding_similarity: raw=1.00 score=50.00
2026-08-02 01:04:49,571 [INFO]   - total_volume_delta: raw=3.48 score=0.00
2026-08-02 01:04:49,571 [INFO]   - drift_alert: raw=0.00 score=0.00
2026-08-02 01:04:50,101 [INFO] ANOMALY DETECTED: entity=user_hr_6 score=91.27 conf=0.85
2026-08-02 01:04:50,101 [INFO]   - login_hour_rarity: raw=0.00 score=0.00
2026-08-02 01:04:50,101 [INFO]   - geolocation_rarity: raw=0.00 score=0.00
2026-08-02 01:04:50,101 [INFO]   - endpoint_set_rarity: raw=0.00 score=0.00
2026-08-02 01:04:50,101 [INFO]   - process_name_rarity: raw=0.02 score=0.04
2026-08-02 01:04:50,101 [INFO]   - command_line_embedding_similarity: raw=1.00 score=50.00
2026-08-02 01:04:50,101 [INFO]   - total_volume_delta: raw=3.04 score=0.00
2026-08-02 01:04:50,101 [INFO]   - drift_alert: raw=2.06 score=41.24
2026-08-02 01:04:50,134 [INFO] ANOMALY DETECTED: entity=user_finance_5 score=50.00 conf=0.82
2026-08-02 01:04:50,134 [INFO]   - login_hour_rarity: raw=0.00 score=0.00
2026-08-02 01:04:50,134 [INFO]   - geolocation_rarity: raw=0.00 score=0.00
2026-08-02 01:04:50,134 [INFO]   - endpoint_set_rarity: raw=0.00 score=0.00
2026-08-02 01:04:50,134 [INFO]   - process_name_rarity: raw=0.00 score=0.00
2026-08-02 01:04:50,135 [INFO]   - command_line_embedding_similarity: raw=0.22 score=0.00
2026-08-02 01:04:50,135 [INFO]   - total_volume_delta: raw=3.46 score=0.00
2026-08-02 01:04:50,135 [INFO]   - drift_alert: raw=8.11 score=50.00
2026-08-02 01:04:51,211 [INFO] ANOMALY DETECTED: entity=user_hr_3 score=50.04 conf=0.83
2026-08-02 01:04:51,211 [INFO]   - login_hour_rarity: raw=0.00 score=0.00
2026-08-02 01:04:51,211 [INFO]   - geolocation_rarity: raw=0.00 score=0.00
2026-08-02 01:04:51,212 [INFO]   - endpoint_set_rarity: raw=0.00 score=0.00
2026-08-02 01:04:51,212 [INFO]   - process_name_rarity: raw=0.03 score=0.04
2026-08-02 01:04:51,212 [INFO]   - command_line_embedding_similarity: raw=1.00 score=50.00
2026-08-02 01:04:51,212 [INFO]   - total_volume_delta: raw=3.51 score=0.00
2026-08-02 01:04:51,212 [INFO]   - drift_alert: raw=0.00 score=0.00
2026-08-02 01:04:51,759 [INFO] ANOMALY DETECTED: entity=user_engineer_9 score=50.00 conf=0.84
2026-08-02 01:04:51,759 [INFO]   - login_hour_rarity: raw=0.00 score=0.00
2026-08-02 01:04:51,760 [INFO]   - geolocation_rarity: raw=0.00 score=0.00
2026-08-02 01:04:51,760 [INFO]   - endpoint_set_rarity: raw=0.00 score=0.00
2026-08-02 01:04:51,760 [INFO]   - process_name_rarity: raw=0.00 score=0.00
2026-08-02 01:04:51,760 [INFO]   - command_line_embedding_similarity: raw=0.28 score=0.00
2026-08-02 01:04:51,760 [INFO]   - total_volume_delta: raw=3.58 score=0.00
2026-08-02 01:04:51,760 [INFO]   - drift_alert: raw=4.61 score=50.00
2026-08-02 01:04:51,793 [INFO] ANOMALY DETECTED: entity=user_engineer_14 score=48.57 conf=0.80
2026-08-02 01:04:51,793 [INFO]   - login_hour_rarity: raw=0.00 score=0.00
2026-08-02 01:04:51,793 [INFO]   - geolocation_rarity: raw=0.00 score=0.00
2026-08-02 01:04:51,793 [INFO]   - endpoint_set_rarity: raw=0.00 score=0.00
2026-08-02 01:04:51,793 [INFO]   - process_name_rarity: raw=0.00 score=0.00
2026-08-02 01:04:51,793 [INFO]   - command_line_embedding_similarity: raw=0.23 score=0.00
2026-08-02 01:04:51,793 [INFO]   - total_volume_delta: raw=4.03 score=0.00
2026-08-02 01:04:51,793 [INFO]   - drift_alert: raw=2.43 score=48.57
2026-08-02 01:04:51,810 [INFO] ANOMALY DETECTED: entity=user_finance_4 score=50.00 conf=0.82
2026-08-02 01:04:51,810 [INFO]   - login_hour_rarity: raw=0.00 score=0.00
2026-08-02 01:04:51,810 [INFO]   - geolocation_rarity: raw=0.00 score=0.00
2026-08-02 01:04:51,810 [INFO]   - endpoint_set_rarity: raw=0.00 score=0.00
2026-08-02 01:04:51,810 [INFO]   - process_name_rarity: raw=0.00 score=0.00
2026-08-02 01:04:51,810 [INFO]   - command_line_embedding_similarity: raw=0.16 score=0.00
2026-08-02 01:04:51,810 [INFO]   - total_volume_delta: raw=3.17 score=0.00
2026-08-02 01:04:51,810 [INFO]   - drift_alert: raw=2.85 score=50.00
2026-08-02 01:04:52,349 [INFO] ANOMALY DETECTED: entity=user_engineer_4 score=80.61 conf=0.84
2026-08-02 01:04:52,349 [INFO]   - login_hour_rarity: raw=0.00 score=0.00
2026-08-02 01:04:52,349 [INFO]   - geolocation_rarity: raw=0.00 score=0.00
2026-08-02 01:04:52,349 [INFO]   - endpoint_set_rarity: raw=0.00 score=0.00
2026-08-02 01:04:52,349 [INFO]   - process_name_rarity: raw=0.03 score=0.04
2026-08-02 01:04:52,350 [INFO]   - command_line_embedding_similarity: raw=1.00 score=50.00
2026-08-02 01:04:52,350 [INFO]   - total_volume_delta: raw=2.63 score=0.00
2026-08-02 01:04:52,350 [INFO]   - drift_alert: raw=1.53 score=30.57
2026-08-02 01:04:52,397 [INFO] ANOMALY DETECTED: entity=user_hr_1 score=96.54 conf=0.84
2026-08-02 01:04:52,397 [INFO]   - login_hour_rarity: raw=0.00 score=0.00
2026-08-02 01:04:52,398 [INFO]   - geolocation_rarity: raw=0.00 score=0.00
2026-08-02 01:04:52,398 [INFO]   - endpoint_set_rarity: raw=0.00 score=0.00
2026-08-02 01:04:52,398 [INFO]   - process_name_rarity: raw=0.02 score=0.02
2026-08-02 01:04:52,398 [INFO]   - command_line_embedding_similarity: raw=1.00 score=50.00
2026-08-02 01:04:52,398 [INFO]   - total_volume_delta: raw=3.35 score=0.00
2026-08-02 01:04:52,398 [INFO]   - drift_alert: raw=2.33 score=46.52
2026-08-02 01:04:52,414 [INFO] ANOMALY DETECTED: entity=user_hr_10 score=51.71 conf=0.86
2026-08-02 01:04:52,414 [INFO]   - login_hour_rarity: raw=0.00 score=0.00
2026-08-02 01:04:52,414 [INFO]   - geolocation_rarity: raw=0.00 score=0.00
2026-08-02 01:04:52,414 [INFO]   - endpoint_set_rarity: raw=0.00 score=0.00
2026-08-02 01:04:52,414 [INFO]   - process_name_rarity: raw=0.04 score=0.06
2026-08-02 01:04:52,414 [INFO]   - command_line_embedding_similarity: raw=1.00 score=50.00
2026-08-02 01:04:52,414 [INFO]   - total_volume_delta: raw=2.77 score=0.00
2026-08-02 01:04:52,414 [INFO]   - drift_alert: raw=0.08 score=1.65
2026-08-02 01:04:52,431 [INFO] ANOMALY DETECTED: entity=user_hr_14 score=100.04 conf=0.84
2026-08-02 01:04:52,431 [INFO]   - login_hour_rarity: raw=0.00 score=0.00
2026-08-02 01:04:52,431 [INFO]   - geolocation_rarity: raw=0.00 score=0.00
2026-08-02 01:04:52,431 [INFO]   - endpoint_set_rarity: raw=0.00 score=0.00
2026-08-02 01:04:52,432 [INFO]   - process_name_rarity: raw=0.02 score=0.04
2026-08-02 01:04:52,432 [INFO]   - command_line_embedding_similarity: raw=1.00 score=50.00
2026-08-02 01:04:52,432 [INFO]   - total_volume_delta: raw=4.95 score=0.00
2026-08-02 01:04:52,432 [INFO]   - drift_alert: raw=5.51 score=50.00
2026-08-02 01:04:55,217 [INFO] ANOMALY DETECTED: entity=user_engineer_2 score=85.06 conf=0.81
2026-08-02 01:04:55,217 [INFO]   - login_hour_rarity: raw=0.00 score=0.00
2026-08-02 01:04:55,217 [INFO]   - geolocation_rarity: raw=0.00 score=0.00
2026-08-02 01:04:55,217 [INFO]   - endpoint_set_rarity: raw=0.00 score=0.00
2026-08-02 01:04:55,218 [INFO]   - process_name_rarity: raw=0.02 score=0.03
2026-08-02 01:04:55,218 [INFO]   - command_line_embedding_similarity: raw=1.00 score=50.00
2026-08-02 01:04:55,218 [INFO]   - total_volume_delta: raw=2.89 score=0.00
2026-08-02 01:04:55,218 [INFO]   - drift_alert: raw=1.75 score=35.03
2026-08-02 01:04:55,830 [INFO] ANOMALY DETECTED: entity=user_finance_2 score=47.93 conf=0.84
2026-08-02 01:04:55,831 [INFO]   - login_hour_rarity: raw=0.00 score=0.00
2026-08-02 01:04:55,831 [INFO]   - geolocation_rarity: raw=0.00 score=0.00
2026-08-02 01:04:55,831 [INFO]   - endpoint_set_rarity: raw=0.00 score=0.00
2026-08-02 01:04:55,831 [INFO]   - process_name_rarity: raw=0.00 score=0.00
2026-08-02 01:04:55,831 [INFO]   - command_line_embedding_similarity: raw=0.34 score=0.00
2026-08-02 01:04:55,831 [INFO]   - total_volume_delta: raw=3.39 score=0.00
2026-08-02 01:04:55,831 [INFO]   - drift_alert: raw=2.40 score=47.93
2026-08-02 01:04:56,389 [INFO] ANOMALY DETECTED: entity=user_engineer_1 score=50.00 conf=0.86
2026-08-02 01:04:56,389 [INFO]   - login_hour_rarity: raw=0.00 score=0.00
2026-08-02 01:04:56,389 [INFO]   - geolocation_rarity: raw=0.00 score=0.00
2026-08-02 01:04:56,389 [INFO]   - endpoint_set_rarity: raw=0.00 score=0.00
2026-08-02 01:04:56,389 [INFO]   - process_name_rarity: raw=0.00 score=0.00
2026-08-02 01:04:56,389 [INFO]   - command_line_embedding_similarity: raw=0.35 score=0.00
2026-08-02 01:04:56,390 [INFO]   - total_volume_delta: raw=3.50 score=0.00
2026-08-02 01:04:56,390 [INFO]   - drift_alert: raw=3.15 score=50.00
2026-08-02 01:04:56,406 [INFO] ANOMALY DETECTED: entity=user_finance_9 score=50.05 conf=0.85
2026-08-02 01:04:56,407 [INFO]   - login_hour_rarity: raw=0.00 score=0.00
2026-08-02 01:04:56,407 [INFO]   - geolocation_rarity: raw=0.00 score=0.00
2026-08-02 01:04:56,407 [INFO]   - endpoint_set_rarity: raw=0.00 score=0.00
2026-08-02 01:04:56,407 [INFO]   - process_name_rarity: raw=0.04 score=0.05
2026-08-02 01:04:56,407 [INFO]   - command_line_embedding_similarity: raw=1.00 score=50.00
2026-08-02 01:04:56,407 [INFO]   - total_volume_delta: raw=3.48 score=0.00
2026-08-02 01:04:56,407 [INFO]   - drift_alert: raw=0.00 score=0.00
2026-08-02 01:04:56,424 [INFO] ANOMALY DETECTED: entity=user_finance_14 score=50.00 conf=0.85
2026-08-02 01:04:56,424 [INFO]   - login_hour_rarity: raw=0.00 score=0.00
2026-08-02 01:04:56,424 [INFO]   - geolocation_rarity: raw=0.00 score=0.00
2026-08-02 01:04:56,424 [INFO]   - endpoint_set_rarity: raw=0.00 score=0.00
2026-08-02 01:04:56,425 [INFO]   - process_name_rarity: raw=0.00 score=0.00
2026-08-02 01:04:56,425 [INFO]   - command_line_embedding_similarity: raw=0.27 score=0.00
2026-08-02 01:04:56,425 [INFO]   - total_volume_delta: raw=2.68 score=0.00
2026-08-02 01:04:56,425 [INFO]   - drift_alert: raw=4.75 score=50.00
2026-08-02 01:04:56,934 [INFO] ANOMALY DETECTED: entity=user_engineer_7 score=50.00 conf=0.82
2026-08-02 01:04:56,934 [INFO]   - login_hour_rarity: raw=0.00 score=0.00
2026-08-02 01:04:56,934 [INFO]   - geolocation_rarity: raw=0.00 score=0.00
2026-08-02 01:04:56,934 [INFO]   - endpoint_set_rarity: raw=0.00 score=0.00
2026-08-02 01:04:56,934 [INFO]   - process_name_rarity: raw=0.00 score=0.00
2026-08-02 01:04:56,934 [INFO]   - command_line_embedding_similarity: raw=0.33 score=0.00
2026-08-02 01:04:56,934 [INFO]   - total_volume_delta: raw=2.12 score=0.00
2026-08-02 01:04:56,934 [INFO]   - drift_alert: raw=5.53 score=50.00
2026-08-02 01:04:56,951 [INFO] ANOMALY DETECTED: entity=user_hr_7 score=50.00 conf=0.87
2026-08-02 01:04:56,951 [INFO]   - login_hour_rarity: raw=0.00 score=0.00
2026-08-02 01:04:56,951 [INFO]   - geolocation_rarity: raw=0.00 score=0.00
2026-08-02 01:04:56,952 [INFO]   - endpoint_set_rarity: raw=0.00 score=0.00
2026-08-02 01:04:56,952 [INFO]   - process_name_rarity: raw=0.00 score=0.00
2026-08-02 01:04:56,952 [INFO]   - command_line_embedding_similarity: raw=0.19 score=0.00
2026-08-02 01:04:56,952 [INFO]   - total_volume_delta: raw=2.89 score=0.00
2026-08-02 01:04:56,952 [INFO]   - drift_alert: raw=4.79 score=50.00
2026-08-02 01:04:56,968 [INFO] ANOMALY DETECTED: entity=user_hr_10 score=51.71 conf=0.86
2026-08-02 01:04:56,969 [INFO]   - login_hour_rarity: raw=0.00 score=0.00
2026-08-02 01:04:56,969 [INFO]   - geolocation_rarity: raw=0.00 score=0.00
2026-08-02 01:04:56,969 [INFO]   - endpoint_set_rarity: raw=0.00 score=0.00
2026-08-02 01:04:56,969 [INFO]   - process_name_rarity: raw=0.04 score=0.06
2026-08-02 01:04:56,969 [INFO]   - command_line_embedding_similarity: raw=1.00 score=50.00
2026-08-02 01:04:56,969 [INFO]   - total_volume_delta: raw=2.77 score=0.00
2026-08-02 01:04:56,969 [INFO]   - drift_alert: raw=0.08 score=1.65
2026-08-02 01:04:57,991 [INFO] ANOMALY DETECTED: entity=user_hr_6 score=91.27 conf=0.85
2026-08-02 01:04:57,991 [INFO]   - login_hour_rarity: raw=0.00 score=0.00
2026-08-02 01:04:57,991 [INFO]   - geolocation_rarity: raw=0.00 score=0.00
2026-08-02 01:04:57,991 [INFO]   - endpoint_set_rarity: raw=0.00 score=0.00
2026-08-02 01:04:57,991 [INFO]   - process_name_rarity: raw=0.02 score=0.04
2026-08-02 01:04:57,991 [INFO]   - command_line_embedding_similarity: raw=1.00 score=50.00
2026-08-02 01:04:57,991 [INFO]   - total_volume_delta: raw=3.04 score=0.00
2026-08-02 01:04:57,991 [INFO]   - drift_alert: raw=2.06 score=41.24
2026-08-02 01:04:58,010 [INFO] ANOMALY DETECTED: entity=user_hr_14 score=50.00 conf=0.84
2026-08-02 01:04:58,010 [INFO]   - login_hour_rarity: raw=0.00 score=0.00
2026-08-02 01:04:58,010 [INFO]   - geolocation_rarity: raw=0.00 score=0.00
2026-08-02 01:04:58,010 [INFO]   - endpoint_set_rarity: raw=0.00 score=0.00
2026-08-02 01:04:58,010 [INFO]   - process_name_rarity: raw=0.00 score=0.00
2026-08-02 01:04:58,010 [INFO]   - command_line_embedding_similarity: raw=0.29 score=0.00
2026-08-02 01:04:58,010 [INFO]   - total_volume_delta: raw=4.95 score=0.00
2026-08-02 01:04:58,010 [INFO]   - drift_alert: raw=5.51 score=50.00
2026-08-02 01:04:58,026 [INFO] ANOMALY DETECTED: entity=user_finance_14 score=100.04 conf=0.85
2026-08-02 01:04:58,026 [INFO]   - login_hour_rarity: raw=0.00 score=0.00
2026-08-02 01:04:58,026 [INFO]   - geolocation_rarity: raw=0.00 score=0.00
2026-08-02 01:04:58,026 [INFO]   - endpoint_set_rarity: raw=0.00 score=0.00
2026-08-02 01:04:58,026 [INFO]   - process_name_rarity: raw=0.03 score=0.04
2026-08-02 01:04:58,026 [INFO]   - command_line_embedding_similarity: raw=1.00 score=50.00
2026-08-02 01:04:58,026 [INFO]   - total_volume_delta: raw=2.68 score=0.00
2026-08-02 01:04:58,027 [INFO]   - drift_alert: raw=4.75 score=50.00
2026-08-02 01:05:01,898 [INFO] ANOMALY DETECTED: entity=user_finance_14 score=100.04 conf=0.85
2026-08-02 01:05:01,898 [INFO]   - login_hour_rarity: raw=0.00 score=0.00
2026-08-02 01:05:01,898 [INFO]   - geolocation_rarity: raw=0.00 score=0.00
2026-08-02 01:05:01,898 [INFO]   - endpoint_set_rarity: raw=0.00 score=0.00
2026-08-02 01:05:01,898 [INFO]   - process_name_rarity: raw=0.03 score=0.04
2026-08-02 01:05:01,898 [INFO]   - command_line_embedding_similarity: raw=1.00 score=50.00
2026-08-02 01:05:01,898 [INFO]   - total_volume_delta: raw=2.68 score=0.00
2026-08-02 01:05:01,898 [INFO]   - drift_alert: raw=4.75 score=50.00
2026-08-02 01:05:02,414 [INFO] ANOMALY DETECTED: entity=user_finance_6 score=50.06 conf=0.87
2026-08-02 01:05:02,415 [INFO]   - login_hour_rarity: raw=0.00 score=0.00
2026-08-02 01:05:02,415 [INFO]   - geolocation_rarity: raw=0.00 score=0.00
2026-08-02 01:05:02,415 [INFO]   - endpoint_set_rarity: raw=0.00 score=0.00
2026-08-02 01:05:02,415 [INFO]   - process_name_rarity: raw=0.04 score=0.06
2026-08-02 01:05:02,415 [INFO]   - command_line_embedding_similarity: raw=1.00 score=50.00
2026-08-02 01:05:02,415 [INFO]   - total_volume_delta: raw=2.51 score=0.00
2026-08-02 01:05:02,415 [INFO]   - drift_alert: raw=0.00 score=0.00
2026-08-02 01:05:02,915 [INFO] ANOMALY DETECTED: entity=user_engineer_3 score=76.59 conf=0.86
2026-08-02 01:05:02,916 [INFO]   - login_hour_rarity: raw=0.00 score=0.00
2026-08-02 01:05:02,916 [INFO]   - geolocation_rarity: raw=0.00 score=0.00
2026-08-02 01:05:02,916 [INFO]   - endpoint_set_rarity: raw=0.00 score=0.00
2026-08-02 01:05:02,916 [INFO]   - process_name_rarity: raw=0.04 score=0.05
2026-08-02 01:05:02,916 [INFO]   - command_line_embedding_similarity: raw=1.00 score=50.00
2026-08-02 01:05:02,916 [INFO]   - total_volume_delta: raw=3.50 score=0.00
2026-08-02 01:05:02,916 [INFO]   - drift_alert: raw=1.33 score=26.53
2026-08-02 01:05:02,949 [INFO] ANOMALY DETECTED: entity=user_finance_13 score=50.04 conf=0.84
2026-08-02 01:05:02,949 [INFO]   - login_hour_rarity: raw=0.00 score=0.00
2026-08-02 01:05:02,949 [INFO]   - geolocation_rarity: raw=0.00 score=0.00
2026-08-02 01:05:02,949 [INFO]   - endpoint_set_rarity: raw=0.00 score=0.00
2026-08-02 01:05:02,949 [INFO]   - process_name_rarity: raw=0.03 score=0.04
2026-08-02 01:05:02,949 [INFO]   - command_line_embedding_similarity: raw=1.00 score=50.00
2026-08-02 01:05:02,949 [INFO]   - total_volume_delta: raw=2.35 score=0.00
2026-08-02 01:05:02,949 [INFO]   - drift_alert: raw=0.00 score=0.00
2026-08-02 01:05:03,485 [INFO] ANOMALY DETECTED: entity=user_engineer_0 score=60.65 conf=0.84
2026-08-02 01:05:03,485 [INFO]   - login_hour_rarity: raw=0.00 score=0.00
2026-08-02 01:05:03,485 [INFO]   - geolocation_rarity: raw=0.00 score=0.00
2026-08-02 01:05:03,485 [INFO]   - endpoint_set_rarity: raw=0.00 score=0.00
2026-08-02 01:05:03,485 [INFO]   - process_name_rarity: raw=0.02 score=0.03
2026-08-02 01:05:03,485 [INFO]   - command_line_embedding_similarity: raw=1.00 score=50.00
2026-08-02 01:05:03,485 [INFO]   - total_volume_delta: raw=3.37 score=0.00
2026-08-02 01:05:03,486 [INFO]   - drift_alert: raw=0.53 score=10.61
2026-08-02 01:05:04,254 [INFO] ANOMALY DETECTED: entity=user_hr_14 score=100.04 conf=0.84
2026-08-02 01:05:04,254 [INFO]   - login_hour_rarity: raw=0.00 score=0.00
2026-08-02 01:05:04,254 [INFO]   - geolocation_rarity: raw=0.00 score=0.00
2026-08-02 01:05:04,254 [INFO]   - endpoint_set_rarity: raw=0.00 score=0.00
2026-08-02 01:05:04,254 [INFO]   - process_name_rarity: raw=0.02 score=0.04
2026-08-02 01:05:04,254 [INFO]   - command_line_embedding_similarity: raw=1.00 score=50.00
2026-08-02 01:05:04,254 [INFO]   - total_volume_delta: raw=4.95 score=0.00
2026-08-02 01:05:04,254 [INFO]   - drift_alert: raw=5.51 score=50.00
2026-08-02 01:05:04,270 [INFO] ANOMALY DETECTED: entity=user_finance_14 score=50.00 conf=0.85
2026-08-02 01:05:04,271 [INFO]   - login_hour_rarity: raw=0.00 score=0.00
2026-08-02 01:05:04,271 [INFO]   - geolocation_rarity: raw=0.00 score=0.00
2026-08-02 01:05:04,271 [INFO]   - endpoint_set_rarity: raw=0.00 score=0.00
2026-08-02 01:05:04,271 [INFO]   - process_name_rarity: raw=0.00 score=0.00
2026-08-02 01:05:04,271 [INFO]   - command_line_embedding_similarity: raw=0.23 score=0.00
2026-08-02 01:05:04,271 [INFO]   - total_volume_delta: raw=2.68 score=0.00
2026-08-02 01:05:04,271 [INFO]   - drift_alert: raw=4.75 score=50.00
2026-08-02 01:05:04,788 [INFO] ANOMALY DETECTED: entity=user_engineer_14 score=98.59 conf=0.80
2026-08-02 01:05:04,789 [INFO]   - login_hour_rarity: raw=0.00 score=0.00
2026-08-02 01:05:04,789 [INFO]   - geolocation_rarity: raw=0.00 score=0.00
2026-08-02 01:05:04,789 [INFO]   - endpoint_set_rarity: raw=0.00 score=0.00
2026-08-02 01:05:04,789 [INFO]   - process_name_rarity: raw=0.01 score=0.02
2026-08-02 01:05:04,789 [INFO]   - command_line_embedding_similarity: raw=1.00 score=50.00
2026-08-02 01:05:04,789 [INFO]   - total_volume_delta: raw=4.03 score=0.00
2026-08-02 01:05:04,789 [INFO]   - drift_alert: raw=2.43 score=48.57
2026-08-02 01:05:05,842 [INFO] ANOMALY DETECTED: entity=user_hr_4 score=50.05 conf=0.85
2026-08-02 01:05:05,843 [INFO]   - login_hour_rarity: raw=0.00 score=0.00
2026-08-02 01:05:05,843 [INFO]   - geolocation_rarity: raw=0.00 score=0.00
2026-08-02 01:05:05,843 [INFO]   - endpoint_set_rarity: raw=0.00 score=0.00
2026-08-02 01:05:05,843 [INFO]   - process_name_rarity: raw=0.03 score=0.05
2026-08-02 01:05:05,843 [INFO]   - command_line_embedding_similarity: raw=1.00 score=50.00
2026-08-02 01:05:05,843 [INFO]   - total_volume_delta: raw=3.02 score=0.00
2026-08-02 01:05:05,843 [INFO]   - drift_alert: raw=0.00 score=0.00
2026-08-02 01:05:06,904 [INFO] ANOMALY DETECTED: entity=user_engineer_7 score=50.00 conf=0.82
2026-08-02 01:05:06,904 [INFO]   - login_hour_rarity: raw=0.00 score=0.00
2026-08-02 01:05:06,904 [INFO]   - geolocation_rarity: raw=0.00 score=0.00
2026-08-02 01:05:06,904 [INFO]   - endpoint_set_rarity: raw=0.00 score=0.00
2026-08-02 01:05:06,904 [INFO]   - process_name_rarity: raw=0.00 score=0.00
2026-08-02 01:05:06,904 [INFO]   - command_line_embedding_similarity: raw=0.33 score=0.00
2026-08-02 01:05:06,904 [INFO]   - total_volume_delta: raw=2.12 score=0.00
2026-08-02 01:05:06,904 [INFO]   - drift_alert: raw=5.53 score=50.00
2026-08-02 01:05:06,939 [INFO] ANOMALY DETECTED: entity=user_hr_1 score=46.52 conf=0.84
2026-08-02 01:05:06,939 [INFO]   - login_hour_rarity: raw=0.00 score=0.00
2026-08-02 01:05:06,939 [INFO]   - geolocation_rarity: raw=0.00 score=0.00
2026-08-02 01:05:06,939 [INFO]   - endpoint_set_rarity: raw=0.00 score=0.00
2026-08-02 01:05:06,939 [INFO]   - process_name_rarity: raw=0.00 score=0.00
2026-08-02 01:05:06,939 [INFO]   - command_line_embedding_similarity: raw=0.32 score=0.00
2026-08-02 01:05:06,939 [INFO]   - total_volume_delta: raw=3.35 score=0.00
2026-08-02 01:05:06,939 [INFO]   - drift_alert: raw=2.33 score=46.52
2026-08-02 01:05:06,957 [INFO] ANOMALY DETECTED: entity=user_hr_6 score=91.27 conf=0.85
2026-08-02 01:05:06,957 [INFO]   - login_hour_rarity: raw=0.00 score=0.00
2026-08-02 01:05:06,957 [INFO]   - geolocation_rarity: raw=0.00 score=0.00
2026-08-02 01:05:06,957 [INFO]   - endpoint_set_rarity: raw=0.00 score=0.00
2026-08-02 01:05:06,957 [INFO]   - process_name_rarity: raw=0.02 score=0.04
2026-08-02 01:05:06,957 [INFO]   - command_line_embedding_similarity: raw=1.00 score=50.00
2026-08-02 01:05:06,957 [INFO]   - total_volume_delta: raw=3.04 score=0.00
2026-08-02 01:05:06,957 [INFO]   - drift_alert: raw=2.06 score=41.24
2026-08-02 01:05:06,989 [INFO] ANOMALY DETECTED: entity=user_finance_8 score=50.05 conf=0.86
2026-08-02 01:05:06,989 [INFO]   - login_hour_rarity: raw=0.00 score=0.00
2026-08-02 01:05:06,989 [INFO]   - geolocation_rarity: raw=0.00 score=0.00
2026-08-02 01:05:06,989 [INFO]   - endpoint_set_rarity: raw=0.00 score=0.00
2026-08-02 01:05:06,989 [INFO]   - process_name_rarity: raw=0.03 score=0.05
2026-08-02 01:05:06,989 [INFO]   - command_line_embedding_similarity: raw=1.00 score=50.00
2026-08-02 01:05:06,989 [INFO]   - total_volume_delta: raw=3.52 score=0.00
2026-08-02 01:05:06,990 [INFO]   - drift_alert: raw=0.00 score=0.00
2026-08-02 01:05:07,529 [INFO] ANOMALY DETECTED: entity=user_finance_4 score=50.00 conf=0.82
2026-08-02 01:05:07,529 [INFO]   - login_hour_rarity: raw=0.00 score=0.00
2026-08-02 01:05:07,530 [INFO]   - geolocation_rarity: raw=0.00 score=0.00
2026-08-02 01:05:07,530 [INFO]   - endpoint_set_rarity: raw=0.00 score=0.00
2026-08-02 01:05:07,530 [INFO]   - process_name_rarity: raw=0.00 score=0.00
2026-08-02 01:05:07,530 [INFO]   - command_line_embedding_similarity: raw=0.25 score=0.00
2026-08-02 01:05:07,530 [INFO]   - total_volume_delta: raw=3.17 score=0.00
2026-08-02 01:05:07,530 [INFO]   - drift_alert: raw=2.85 score=50.00
2026-08-02 01:05:07,550 [INFO] ANOMALY DETECTED: entity=user_finance_14 score=100.04 conf=0.85
2026-08-02 01:05:07,550 [INFO]   - login_hour_rarity: raw=0.00 score=0.00
2026-08-02 01:05:07,550 [INFO]   - geolocation_rarity: raw=0.00 score=0.00
2026-08-02 01:05:07,550 [INFO]   - endpoint_set_rarity: raw=0.00 score=0.00
2026-08-02 01:05:07,550 [INFO]   - process_name_rarity: raw=0.03 score=0.04
2026-08-02 01:05:07,550 [INFO]   - command_line_embedding_similarity: raw=1.00 score=50.00
2026-08-02 01:05:07,550 [INFO]   - total_volume_delta: raw=2.68 score=0.00
2026-08-02 01:05:07,550 [INFO]   - drift_alert: raw=4.75 score=50.00
2026-08-02 01:05:08,183 [INFO] ANOMALY DETECTED: entity=user_engineer_14 score=98.59 conf=0.80
2026-08-02 01:05:08,183 [INFO]   - login_hour_rarity: raw=0.00 score=0.00
2026-08-02 01:05:08,184 [INFO]   - geolocation_rarity: raw=0.00 score=0.00
2026-08-02 01:05:08,184 [INFO]   - endpoint_set_rarity: raw=0.00 score=0.00
2026-08-02 01:05:08,184 [INFO]   - process_name_rarity: raw=0.01 score=0.02
2026-08-02 01:05:08,184 [INFO]   - command_line_embedding_similarity: raw=1.00 score=50.00
2026-08-02 01:05:08,184 [INFO]   - total_volume_delta: raw=4.03 score=0.00
2026-08-02 01:05:08,184 [INFO]   - drift_alert: raw=2.43 score=48.57
2026-08-02 01:05:10,070 [INFO] ANOMALY DETECTED: entity=user_finance_11 score=50.06 conf=0.87
2026-08-02 01:05:10,070 [INFO]   - login_hour_rarity: raw=0.00 score=0.00
2026-08-02 01:05:10,070 [INFO]   - geolocation_rarity: raw=0.00 score=0.00
2026-08-02 01:05:10,070 [INFO]   - endpoint_set_rarity: raw=0.00 score=0.00
2026-08-02 01:05:10,070 [INFO]   - process_name_rarity: raw=0.04 score=0.06
2026-08-02 01:05:10,070 [INFO]   - command_line_embedding_similarity: raw=1.00 score=50.00
2026-08-02 01:05:10,070 [INFO]   - total_volume_delta: raw=3.04 score=0.00
2026-08-02 01:05:10,070 [INFO]   - drift_alert: raw=0.00 score=0.00
2026-08-02 01:05:10,091 [INFO] ANOMALY DETECTED: entity=user_finance_13 score=50.04 conf=0.84
2026-08-02 01:05:10,091 [INFO]   - login_hour_rarity: raw=0.00 score=0.00
2026-08-02 01:05:10,091 [INFO]   - geolocation_rarity: raw=0.00 score=0.00
2026-08-02 01:05:10,091 [INFO]   - endpoint_set_rarity: raw=0.00 score=0.00
2026-08-02 01:05:10,091 [INFO]   - process_name_rarity: raw=0.03 score=0.04
2026-08-02 01:05:10,091 [INFO]   - command_line_embedding_similarity: raw=1.00 score=50.00
2026-08-02 01:05:10,091 [INFO]   - total_volume_delta: raw=2.35 score=0.00
2026-08-02 01:05:10,091 [INFO]   - drift_alert: raw=0.00 score=0.00
2026-08-02 01:05:11,246 [INFO] ANOMALY DETECTED: entity=user_finance_5 score=50.00 conf=0.82
2026-08-02 01:05:11,246 [INFO]   - login_hour_rarity: raw=0.00 score=0.00
2026-08-02 01:05:11,246 [INFO]   - geolocation_rarity: raw=0.00 score=0.00
2026-08-02 01:05:11,246 [INFO]   - endpoint_set_rarity: raw=0.00 score=0.00
2026-08-02 01:05:11,246 [INFO]   - process_name_rarity: raw=0.00 score=0.00
2026-08-02 01:05:11,246 [INFO]   - command_line_embedding_similarity: raw=0.38 score=0.00
2026-08-02 01:05:11,246 [INFO]   - total_volume_delta: raw=3.46 score=0.00
2026-08-02 01:05:11,246 [INFO]   - drift_alert: raw=8.11 score=50.00
2026-08-02 01:05:11,266 [INFO] ANOMALY DETECTED: entity=user_finance_10 score=50.04 conf=0.85
2026-08-02 01:05:11,266 [INFO]   - login_hour_rarity: raw=0.00 score=0.00
2026-08-02 01:05:11,266 [INFO]   - geolocation_rarity: raw=0.00 score=0.00
2026-08-02 01:05:11,266 [INFO]   - endpoint_set_rarity: raw=0.00 score=0.00
2026-08-02 01:05:11,266 [INFO]   - process_name_rarity: raw=0.03 score=0.04
2026-08-02 01:05:11,266 [INFO]   - command_line_embedding_similarity: raw=1.00 score=50.00
2026-08-02 01:05:11,266 [INFO]   - total_volume_delta: raw=3.22 score=0.00
2026-08-02 01:05:11,266 [INFO]   - drift_alert: raw=0.00 score=0.00
2026-08-02 01:05:11,826 [INFO] ANOMALY DETECTED: entity=user_finance_5 score=50.00 conf=0.82
2026-08-02 01:05:11,826 [INFO]   - login_hour_rarity: raw=0.00 score=0.00
2026-08-02 01:05:11,826 [INFO]   - geolocation_rarity: raw=0.00 score=0.00
2026-08-02 01:05:11,826 [INFO]   - endpoint_set_rarity: raw=0.00 score=0.00
2026-08-02 01:05:11,826 [INFO]   - process_name_rarity: raw=0.00 score=0.00
2026-08-02 01:05:11,826 [INFO]   - command_line_embedding_similarity: raw=0.16 score=0.00
2026-08-02 01:05:11,826 [INFO]   - total_volume_delta: raw=3.46 score=0.00
2026-08-02 01:05:11,826 [INFO]   - drift_alert: raw=8.11 score=50.00
2026-08-02 01:05:12,893 [INFO] ANOMALY DETECTED: entity=user_engineer_9 score=50.00 conf=0.84
2026-08-02 01:05:12,893 [INFO]   - login_hour_rarity: raw=0.00 score=0.00
2026-08-02 01:05:12,893 [INFO]   - geolocation_rarity: raw=0.00 score=0.00
2026-08-02 01:05:12,893 [INFO]   - endpoint_set_rarity: raw=0.00 score=0.00
2026-08-02 01:05:12,893 [INFO]   - process_name_rarity: raw=0.00 score=0.00
2026-08-02 01:05:12,893 [INFO]   - command_line_embedding_similarity: raw=0.22 score=0.00
2026-08-02 01:05:12,893 [INFO]   - total_volume_delta: raw=3.58 score=0.00
2026-08-02 01:05:12,893 [INFO]   - drift_alert: raw=4.61 score=50.00
2026-08-02 01:05:13,459 [INFO] ANOMALY DETECTED: entity=user_engineer_1 score=100.06 conf=0.86
2026-08-02 01:05:13,459 [INFO]   - login_hour_rarity: raw=0.00 score=0.00
2026-08-02 01:05:13,459 [INFO]   - geolocation_rarity: raw=0.00 score=0.00
2026-08-02 01:05:13,459 [INFO]   - endpoint_set_rarity: raw=0.00 score=0.00
2026-08-02 01:05:13,459 [INFO]   - process_name_rarity: raw=0.04 score=0.06
2026-08-02 01:05:13,459 [INFO]   - command_line_embedding_similarity: raw=1.00 score=50.00
2026-08-02 01:05:13,459 [INFO]   - total_volume_delta: raw=3.50 score=0.00
2026-08-02 01:05:13,459 [INFO]   - drift_alert: raw=3.15 score=50.00
2026-08-02 01:05:13,481 [INFO] ANOMALY DETECTED: entity=user_engineer_14 score=48.57 conf=0.80
2026-08-02 01:05:13,481 [INFO]   - login_hour_rarity: raw=0.00 score=0.00
2026-08-02 01:05:13,481 [INFO]   - geolocation_rarity: raw=0.00 score=0.00
2026-08-02 01:05:13,481 [INFO]   - endpoint_set_rarity: raw=0.00 score=0.00
2026-08-02 01:05:13,481 [INFO]   - process_name_rarity: raw=0.00 score=0.00
2026-08-02 01:05:13,481 [INFO]   - command_line_embedding_similarity: raw=0.33 score=0.00
2026-08-02 01:05:13,481 [INFO]   - total_volume_delta: raw=4.03 score=0.00
2026-08-02 01:05:13,481 [INFO]   - drift_alert: raw=2.43 score=48.57
2026-08-02 01:05:13,500 [INFO] ANOMALY DETECTED: entity=user_hr_7 score=50.00 conf=0.87
2026-08-02 01:05:13,500 [INFO]   - login_hour_rarity: raw=0.00 score=0.00
2026-08-02 01:05:13,500 [INFO]   - geolocation_rarity: raw=0.00 score=0.00
2026-08-02 01:05:13,500 [INFO]   - endpoint_set_rarity: raw=0.00 score=0.00
2026-08-02 01:05:13,500 [INFO]   - process_name_rarity: raw=0.00 score=0.00
2026-08-02 01:05:13,500 [INFO]   - command_line_embedding_similarity: raw=0.36 score=0.00
2026-08-02 01:05:13,500 [INFO]   - total_volume_delta: raw=2.89 score=0.00
2026-08-02 01:05:13,500 [INFO]   - drift_alert: raw=4.79 score=50.00
2026-08-02 01:05:13,527 [INFO] ANOMALY DETECTED: entity=user_hr_12 score=50.04 conf=0.85
2026-08-02 01:05:13,527 [INFO]   - login_hour_rarity: raw=0.00 score=0.00
2026-08-02 01:05:13,527 [INFO]   - geolocation_rarity: raw=0.00 score=0.00
2026-08-02 01:05:13,527 [INFO]   - endpoint_set_rarity: raw=0.00 score=0.00
2026-08-02 01:05:13,527 [INFO]   - process_name_rarity: raw=0.03 score=0.04
2026-08-02 01:05:13,527 [INFO]   - command_line_embedding_similarity: raw=1.00 score=50.00
2026-08-02 01:05:13,527 [INFO]   - total_volume_delta: raw=3.42 score=0.00
2026-08-02 01:05:13,527 [INFO]   - drift_alert: raw=0.00 score=0.00
2026-08-02 01:05:15,349 [INFO] ANOMALY DETECTED: entity=user_engineer_9 score=50.00 conf=0.84
2026-08-02 01:05:15,349 [INFO]   - login_hour_rarity: raw=0.00 score=0.00
2026-08-02 01:05:15,349 [INFO]   - geolocation_rarity: raw=0.00 score=0.00
2026-08-02 01:05:15,350 [INFO]   - endpoint_set_rarity: raw=0.00 score=0.00
2026-08-02 01:05:15,350 [INFO]   - process_name_rarity: raw=0.00 score=0.00
2026-08-02 01:05:15,350 [INFO]   - command_line_embedding_similarity: raw=0.26 score=0.00
2026-08-02 01:05:15,350 [INFO]   - total_volume_delta: raw=3.58 score=0.00
2026-08-02 01:05:15,350 [INFO]   - drift_alert: raw=4.61 score=50.00
2026-08-02 01:05:15,367 [INFO] ANOMALY DETECTED: entity=user_hr_1 score=96.54 conf=0.84
2026-08-02 01:05:15,367 [INFO]   - login_hour_rarity: raw=0.00 score=0.00
2026-08-02 01:05:15,367 [INFO]   - geolocation_rarity: raw=0.00 score=0.00
2026-08-02 01:05:15,367 [INFO]   - endpoint_set_rarity: raw=0.00 score=0.00
2026-08-02 01:05:15,367 [INFO]   - process_name_rarity: raw=0.02 score=0.02
2026-08-02 01:05:15,367 [INFO]   - command_line_embedding_similarity: raw=1.00 score=50.00
2026-08-02 01:05:15,367 [INFO]   - total_volume_delta: raw=3.35 score=0.00
2026-08-02 01:05:15,367 [INFO]   - drift_alert: raw=2.33 score=46.52
2026-08-02 01:05:15,941 [INFO] ANOMALY DETECTED: entity=user_finance_4 score=50.00 conf=0.82
2026-08-02 01:05:15,941 [INFO]   - login_hour_rarity: raw=0.00 score=0.00
2026-08-02 01:05:15,942 [INFO]   - geolocation_rarity: raw=0.00 score=0.00
2026-08-02 01:05:15,942 [INFO]   - endpoint_set_rarity: raw=0.00 score=0.00
2026-08-02 01:05:15,942 [INFO]   - process_name_rarity: raw=0.00 score=0.00
2026-08-02 01:05:15,942 [INFO]   - command_line_embedding_similarity: raw=0.19 score=0.00
2026-08-02 01:05:15,942 [INFO]   - total_volume_delta: raw=3.17 score=0.00
2026-08-02 01:05:15,942 [INFO]   - drift_alert: raw=2.85 score=50.00
2026-08-02 01:05:17,598 [INFO] ANOMALY DETECTED: entity=user_finance_5 score=50.00 conf=0.82
2026-08-02 01:05:17,598 [INFO]   - login_hour_rarity: raw=0.00 score=0.00
2026-08-02 01:05:17,598 [INFO]   - geolocation_rarity: raw=0.00 score=0.00
2026-08-02 01:05:17,598 [INFO]   - endpoint_set_rarity: raw=0.00 score=0.00
2026-08-02 01:05:17,598 [INFO]   - process_name_rarity: raw=0.00 score=0.00
2026-08-02 01:05:17,598 [INFO]   - command_line_embedding_similarity: raw=0.21 score=0.00
2026-08-02 01:05:17,598 [INFO]   - total_volume_delta: raw=3.46 score=0.00
2026-08-02 01:05:17,598 [INFO]   - drift_alert: raw=8.11 score=50.00
2026-08-02 01:05:18,743 [INFO] ANOMALY DETECTED: entity=user_hr_7 score=100.05 conf=0.87
2026-08-02 01:05:18,744 [INFO]   - login_hour_rarity: raw=0.00 score=0.00
2026-08-02 01:05:18,744 [INFO]   - geolocation_rarity: raw=0.00 score=0.00
2026-08-02 01:05:18,744 [INFO]   - endpoint_set_rarity: raw=0.00 score=0.00
2026-08-02 01:05:18,744 [INFO]   - process_name_rarity: raw=0.03 score=0.05
2026-08-02 01:05:18,744 [INFO]   - command_line_embedding_similarity: raw=1.00 score=50.00
2026-08-02 01:05:18,744 [INFO]   - total_volume_delta: raw=2.89 score=0.00
2026-08-02 01:05:18,744 [INFO]   - drift_alert: raw=4.79 score=50.00
2026-08-02 01:05:19,483 [INFO] ANOMALY DETECTED: entity=user_finance_7 score=96.65 conf=0.88
2026-08-02 01:05:19,483 [INFO]   - login_hour_rarity: raw=0.00 score=0.00
2026-08-02 01:05:19,483 [INFO]   - geolocation_rarity: raw=0.00 score=0.00
2026-08-02 01:05:19,483 [INFO]   - endpoint_set_rarity: raw=0.00 score=0.00
2026-08-02 01:05:19,483 [INFO]   - process_name_rarity: raw=0.03 score=0.05
2026-08-02 01:05:19,483 [INFO]   - command_line_embedding_similarity: raw=1.00 score=50.00
2026-08-02 01:05:19,483 [INFO]   - total_volume_delta: raw=2.32 score=0.00
2026-08-02 01:05:19,483 [INFO]   - drift_alert: raw=2.33 score=46.60
2026-08-02 01:05:21,127 [INFO] ANOMALY DETECTED: entity=user_finance_5 score=50.00 conf=0.82
2026-08-02 01:05:21,127 [INFO]   - login_hour_rarity: raw=0.00 score=0.00
2026-08-02 01:05:21,127 [INFO]   - geolocation_rarity: raw=0.00 score=0.00
2026-08-02 01:05:21,127 [INFO]   - endpoint_set_rarity: raw=0.00 score=0.00
2026-08-02 01:05:21,127 [INFO]   - process_name_rarity: raw=0.00 score=0.00
2026-08-02 01:05:21,127 [INFO]   - command_line_embedding_similarity: raw=0.42 score=0.00
2026-08-02 01:05:21,127 [INFO]   - total_volume_delta: raw=3.46 score=0.00
2026-08-02 01:05:21,127 [INFO]   - drift_alert: raw=8.11 score=50.00
2026-08-02 01:05:21,677 [INFO] ANOMALY DETECTED: entity=user_finance_14 score=50.00 conf=0.85
2026-08-02 01:05:21,677 [INFO]   - login_hour_rarity: raw=0.00 score=0.00
2026-08-02 01:05:21,677 [INFO]   - geolocation_rarity: raw=0.00 score=0.00
2026-08-02 01:05:21,677 [INFO]   - endpoint_set_rarity: raw=0.00 score=0.00
2026-08-02 01:05:21,677 [INFO]   - process_name_rarity: raw=0.00 score=0.00
2026-08-02 01:05:21,677 [INFO]   - command_line_embedding_similarity: raw=0.26 score=0.00
2026-08-02 01:05:21,678 [INFO]   - total_volume_delta: raw=3.42 score=0.00
2026-08-02 01:05:21,678 [INFO]   - drift_alert: raw=4.75 score=50.00
2026-08-02 01:05:22,710 [INFO] ANOMALY DETECTED: entity=user_engineer_1 score=50.00 conf=0.86
2026-08-02 01:05:22,710 [INFO]   - login_hour_rarity: raw=0.00 score=0.00
2026-08-02 01:05:22,710 [INFO]   - geolocation_rarity: raw=0.00 score=0.00
2026-08-02 01:05:22,710 [INFO]   - endpoint_set_rarity: raw=0.00 score=0.00
2026-08-02 01:05:22,710 [INFO]   - process_name_rarity: raw=0.00 score=0.00
2026-08-02 01:05:22,710 [INFO]   - command_line_embedding_similarity: raw=0.19 score=0.00
2026-08-02 01:05:22,711 [INFO]   - total_volume_delta: raw=3.50 score=0.00
2026-08-02 01:05:22,711 [INFO]   - drift_alert: raw=3.15 score=50.00
2026-08-02 01:05:22,747 [INFO] ANOMALY DETECTED: entity=user_hr_14 score=50.00 conf=0.84
2026-08-02 01:05:22,747 [INFO]   - login_hour_rarity: raw=0.00 score=0.00
2026-08-02 01:05:22,747 [INFO]   - geolocation_rarity: raw=0.00 score=0.00
2026-08-02 01:05:22,747 [INFO]   - endpoint_set_rarity: raw=0.00 score=0.00
2026-08-02 01:05:22,747 [INFO]   - process_name_rarity: raw=0.00 score=0.00
2026-08-02 01:05:22,747 [INFO]   - command_line_embedding_similarity: raw=0.37 score=0.00
2026-08-02 01:05:22,747 [INFO]   - total_volume_delta: raw=4.95 score=0.00
2026-08-02 01:05:22,747 [INFO]   - drift_alert: raw=5.51 score=50.00
2026-08-02 01:05:23,321 [INFO] ANOMALY DETECTED: entity=user_engineer_5 score=50.04 conf=0.86
2026-08-02 01:05:23,322 [INFO]   - login_hour_rarity: raw=0.00 score=0.00
2026-08-02 01:05:23,322 [INFO]   - geolocation_rarity: raw=0.00 score=0.00
2026-08-02 01:05:23,322 [INFO]   - endpoint_set_rarity: raw=0.00 score=0.00
2026-08-02 01:05:23,322 [INFO]   - process_name_rarity: raw=0.03 score=0.04
2026-08-02 01:05:23,322 [INFO]   - command_line_embedding_similarity: raw=1.00 score=50.00
2026-08-02 01:05:23,322 [INFO]   - total_volume_delta: raw=3.11 score=0.00
2026-08-02 01:05:23,322 [INFO]   - drift_alert: raw=0.00 score=0.00
2026-08-02 01:05:23,938 [INFO] ANOMALY DETECTED: entity=user_engineer_14 score=98.59 conf=0.80
2026-08-02 01:05:23,939 [INFO]   - login_hour_rarity: raw=0.00 score=0.00
2026-08-02 01:05:23,939 [INFO]   - geolocation_rarity: raw=0.00 score=0.00
2026-08-02 01:05:23,939 [INFO]   - endpoint_set_rarity: raw=0.00 score=0.00
2026-08-02 01:05:23,939 [INFO]   - process_name_rarity: raw=0.01 score=0.02
2026-08-02 01:05:23,939 [INFO]   - command_line_embedding_similarity: raw=1.00 score=50.00
2026-08-02 01:05:23,939 [INFO]   - total_volume_delta: raw=4.03 score=0.00
2026-08-02 01:05:23,939 [INFO]   - drift_alert: raw=2.43 score=48.57
2026-08-02 01:05:23,960 [INFO] ANOMALY DETECTED: entity=user_hr_1 score=46.52 conf=0.84
2026-08-02 01:05:23,960 [INFO]   - login_hour_rarity: raw=0.00 score=0.00
2026-08-02 01:05:23,960 [INFO]   - geolocation_rarity: raw=0.00 score=0.00
2026-08-02 01:05:23,960 [INFO]   - endpoint_set_rarity: raw=0.00 score=0.00
2026-08-02 01:05:23,960 [INFO]   - process_name_rarity: raw=0.00 score=0.00
2026-08-02 01:05:23,960 [INFO]   - command_line_embedding_similarity: raw=0.20 score=0.00
2026-08-02 01:05:23,960 [INFO]   - total_volume_delta: raw=3.35 score=0.00
2026-08-02 01:05:23,960 [INFO]   - drift_alert: raw=2.33 score=46.52
2026-08-02 01:05:26,162 [INFO] ANOMALY DETECTED: entity=user_hr_14 score=50.00 conf=0.84
2026-08-02 01:05:26,163 [INFO]   - login_hour_rarity: raw=0.00 score=0.00
2026-08-02 01:05:26,163 [INFO]   - geolocation_rarity: raw=0.00 score=0.00
2026-08-02 01:05:26,163 [INFO]   - endpoint_set_rarity: raw=0.00 score=0.00
2026-08-02 01:05:26,163 [INFO]   - process_name_rarity: raw=0.00 score=0.00
2026-08-02 01:05:26,163 [INFO]   - command_line_embedding_similarity: raw=0.25 score=0.00
2026-08-02 01:05:26,163 [INFO]   - total_volume_delta: raw=4.95 score=0.00
2026-08-02 01:05:26,163 [INFO]   - drift_alert: raw=5.51 score=50.00
2026-08-02 01:05:26,182 [INFO] ANOMALY DETECTED: entity=user_finance_9 score=50.05 conf=0.85
2026-08-02 01:05:26,182 [INFO]   - login_hour_rarity: raw=0.00 score=0.00
2026-08-02 01:05:26,182 [INFO]   - geolocation_rarity: raw=0.00 score=0.00
2026-08-02 01:05:26,182 [INFO]   - endpoint_set_rarity: raw=0.00 score=0.00
2026-08-02 01:05:26,182 [INFO]   - process_name_rarity: raw=0.04 score=0.05
2026-08-02 01:05:26,182 [INFO]   - command_line_embedding_similarity: raw=1.00 score=50.00
2026-08-02 01:05:26,182 [INFO]   - total_volume_delta: raw=3.48 score=0.00
2026-08-02 01:05:26,182 [INFO]   - drift_alert: raw=0.00 score=0.00
2026-08-02 01:05:26,731 [INFO] ANOMALY DETECTED: entity=user_engineer_8 score=50.05 conf=0.86
2026-08-02 01:05:26,731 [INFO]   - login_hour_rarity: raw=0.00 score=0.00
2026-08-02 01:05:26,731 [INFO]   - geolocation_rarity: raw=0.00 score=0.00
2026-08-02 01:05:26,731 [INFO]   - endpoint_set_rarity: raw=0.00 score=0.00
2026-08-02 01:05:26,731 [INFO]   - process_name_rarity: raw=0.03 score=0.05
2026-08-02 01:05:26,731 [INFO]   - command_line_embedding_similarity: raw=1.00 score=50.00
2026-08-02 01:05:26,731 [INFO]   - total_volume_delta: raw=3.19 score=0.00
2026-08-02 01:05:26,731 [INFO]   - drift_alert: raw=0.00 score=0.00
2026-08-02 01:05:26,754 [INFO] ANOMALY DETECTED: entity=user_hr_14 score=50.00 conf=0.84
2026-08-02 01:05:26,754 [INFO]   - login_hour_rarity: raw=0.00 score=0.00
2026-08-02 01:05:26,754 [INFO]   - geolocation_rarity: raw=0.00 score=0.00
2026-08-02 01:05:26,754 [INFO]   - endpoint_set_rarity: raw=0.00 score=0.00
2026-08-02 01:05:26,754 [INFO]   - process_name_rarity: raw=0.00 score=0.00
2026-08-02 01:05:26,754 [INFO]   - command_line_embedding_similarity: raw=0.29 score=0.00
2026-08-02 01:05:26,754 [INFO]   - total_volume_delta: raw=4.95 score=0.00
2026-08-02 01:05:26,754 [INFO]   - drift_alert: raw=5.51 score=50.00
2026-08-02 01:05:27,300 [INFO] ANOMALY DETECTED: entity=user_hr_11 score=50.04 conf=0.83
2026-08-02 01:05:27,300 [INFO]   - login_hour_rarity: raw=0.00 score=0.00
2026-08-02 01:05:27,300 [INFO]   - geolocation_rarity: raw=0.00 score=0.00
2026-08-02 01:05:27,300 [INFO]   - endpoint_set_rarity: raw=0.00 score=0.00
2026-08-02 01:05:27,300 [INFO]   - process_name_rarity: raw=0.02 score=0.04
2026-08-02 01:05:27,300 [INFO]   - command_line_embedding_similarity: raw=1.00 score=50.00
2026-08-02 01:05:27,300 [INFO]   - total_volume_delta: raw=3.83 score=0.00
2026-08-02 01:05:27,300 [INFO]   - drift_alert: raw=0.00 score=0.00
2026-08-02 01:05:27,817 [INFO] ANOMALY DETECTED: entity=user_engineer_0 score=60.65 conf=0.84
2026-08-02 01:05:27,817 [INFO]   - login_hour_rarity: raw=0.00 score=0.00
2026-08-02 01:05:27,817 [INFO]   - geolocation_rarity: raw=0.00 score=0.00
2026-08-02 01:05:27,817 [INFO]   - endpoint_set_rarity: raw=0.00 score=0.00
2026-08-02 01:05:27,817 [INFO]   - process_name_rarity: raw=0.02 score=0.03
2026-08-02 01:05:27,818 [INFO]   - command_line_embedding_similarity: raw=1.00 score=50.00
2026-08-02 01:05:27,818 [INFO]   - total_volume_delta: raw=3.37 score=0.00
2026-08-02 01:05:27,818 [INFO]   - drift_alert: raw=0.53 score=10.61
2026-08-02 01:05:27,866 [INFO] ANOMALY DETECTED: entity=user_finance_8 score=50.05 conf=0.86
2026-08-02 01:05:27,866 [INFO]   - login_hour_rarity: raw=0.00 score=0.00
2026-08-02 01:05:27,866 [INFO]   - geolocation_rarity: raw=0.00 score=0.00
2026-08-02 01:05:27,866 [INFO]   - endpoint_set_rarity: raw=0.00 score=0.00
2026-08-02 01:05:27,866 [INFO]   - process_name_rarity: raw=0.03 score=0.05
2026-08-02 01:05:27,867 [INFO]   - command_line_embedding_similarity: raw=1.00 score=50.00
2026-08-02 01:05:27,867 [INFO]   - total_volume_delta: raw=3.52 score=0.00
2026-08-02 01:05:27,867 [INFO]   - drift_alert: raw=0.00 score=0.00
2026-08-02 01:05:28,373 [INFO] ANOMALY DETECTED: entity=user_finance_7 score=50.00 conf=0.88
2026-08-02 01:05:28,373 [INFO]   - login_hour_rarity: raw=0.00 score=0.00
2026-08-02 01:05:28,374 [INFO]   - geolocation_rarity: raw=0.00 score=0.00
2026-08-02 01:05:28,374 [INFO]   - endpoint_set_rarity: raw=0.00 score=0.00
2026-08-02 01:05:28,374 [INFO]   - process_name_rarity: raw=0.00 score=0.00
2026-08-02 01:05:28,374 [INFO]   - command_line_embedding_similarity: raw=0.18 score=0.00
2026-08-02 01:05:28,374 [INFO]   - total_volume_delta: raw=2.27 score=0.00
2026-08-02 01:05:28,374 [INFO]   - drift_alert: raw=2.90 score=50.00
2026-08-02 01:05:29,447 [INFO] ANOMALY DETECTED: entity=user_hr_8 score=59.91 conf=0.85
2026-08-02 01:05:29,447 [INFO]   - login_hour_rarity: raw=0.00 score=0.00
2026-08-02 01:05:29,447 [INFO]   - geolocation_rarity: raw=0.00 score=0.00
2026-08-02 01:05:29,447 [INFO]   - endpoint_set_rarity: raw=0.00 score=0.00
2026-08-02 01:05:29,447 [INFO]   - process_name_rarity: raw=0.03 score=0.04
2026-08-02 01:05:29,447 [INFO]   - command_line_embedding_similarity: raw=1.00 score=50.00
2026-08-02 01:05:29,447 [INFO]   - total_volume_delta: raw=3.42 score=0.00
2026-08-02 01:05:29,447 [INFO]   - drift_alert: raw=0.49 score=9.87
2026-08-02 01:05:30,028 [INFO] ANOMALY DETECTED: entity=user_engineer_9 score=50.00 conf=0.84
2026-08-02 01:05:30,028 [INFO]   - login_hour_rarity: raw=0.00 score=0.00
2026-08-02 01:05:30,028 [INFO]   - geolocation_rarity: raw=0.00 score=0.00
2026-08-02 01:05:30,029 [INFO]   - endpoint_set_rarity: raw=0.00 score=0.00
2026-08-02 01:05:30,029 [INFO]   - process_name_rarity: raw=0.00 score=0.00
2026-08-02 01:05:30,029 [INFO]   - command_line_embedding_similarity: raw=0.30 score=0.00
2026-08-02 01:05:30,029 [INFO]   - total_volume_delta: raw=3.58 score=0.00
2026-08-02 01:05:30,029 [INFO]   - drift_alert: raw=4.61 score=50.00
2026-08-02 01:05:30,067 [INFO] ANOMALY DETECTED: entity=user_hr_14 score=48.45 conf=0.84
2026-08-02 01:05:30,067 [INFO]   - login_hour_rarity: raw=0.00 score=0.00
2026-08-02 01:05:30,067 [INFO]   - geolocation_rarity: raw=0.00 score=0.00
2026-08-02 01:05:30,067 [INFO]   - endpoint_set_rarity: raw=0.00 score=0.00
2026-08-02 01:05:30,067 [INFO]   - process_name_rarity: raw=0.00 score=0.00
2026-08-02 01:05:30,067 [INFO]   - command_line_embedding_similarity: raw=0.23 score=0.00
2026-08-02 01:05:30,067 [INFO]   - total_volume_delta: raw=4.17 score=0.00
2026-08-02 01:05:30,067 [INFO]   - drift_alert: raw=2.42 score=48.45
2026-08-02 01:05:31,224 [INFO] ANOMALY DETECTED: entity=user_engineer_9 score=50.00 conf=0.84
2026-08-02 01:05:31,224 [INFO]   - login_hour_rarity: raw=0.00 score=0.00
2026-08-02 01:05:31,224 [INFO]   - geolocation_rarity: raw=0.00 score=0.00
2026-08-02 01:05:31,224 [INFO]   - endpoint_set_rarity: raw=0.00 score=0.00
2026-08-02 01:05:31,224 [INFO]   - process_name_rarity: raw=0.00 score=0.00
2026-08-02 01:05:31,224 [INFO]   - command_line_embedding_similarity: raw=0.25 score=0.00
2026-08-02 01:05:31,224 [INFO]   - total_volume_delta: raw=3.58 score=0.00
2026-08-02 01:05:31,224 [INFO]   - drift_alert: raw=4.61 score=50.00
2026-08-02 01:05:31,247 [INFO] ANOMALY DETECTED: entity=user_finance_9 score=50.05 conf=0.85
2026-08-02 01:05:31,247 [INFO]   - login_hour_rarity: raw=0.00 score=0.00
2026-08-02 01:05:31,247 [INFO]   - geolocation_rarity: raw=0.00 score=0.00
2026-08-02 01:05:31,247 [INFO]   - endpoint_set_rarity: raw=0.00 score=0.00
2026-08-02 01:05:31,247 [INFO]   - process_name_rarity: raw=0.04 score=0.05
2026-08-02 01:05:31,247 [INFO]   - command_line_embedding_similarity: raw=1.00 score=50.00
2026-08-02 01:05:31,247 [INFO]   - total_volume_delta: raw=3.48 score=0.00
2026-08-02 01:05:31,247 [INFO]   - drift_alert: raw=0.00 score=0.00
2026-08-02 01:05:32,417 [INFO] ANOMALY DETECTED: entity=user_hr_7 score=50.00 conf=0.87
2026-08-02 01:05:32,418 [INFO]   - login_hour_rarity: raw=0.00 score=0.00
2026-08-02 01:05:32,418 [INFO]   - geolocation_rarity: raw=0.00 score=0.00
2026-08-02 01:05:32,418 [INFO]   - endpoint_set_rarity: raw=0.00 score=0.00
2026-08-02 01:05:32,418 [INFO]   - process_name_rarity: raw=0.00 score=0.00
2026-08-02 01:05:32,418 [INFO]   - command_line_embedding_similarity: raw=0.33 score=0.00
2026-08-02 01:05:32,418 [INFO]   - total_volume_delta: raw=2.89 score=0.00
2026-08-02 01:05:32,418 [INFO]   - drift_alert: raw=4.79 score=50.00
2026-08-02 01:05:32,971 [INFO] ANOMALY DETECTED: entity=user_hr_7 score=50.00 conf=0.87
2026-08-02 01:05:32,971 [INFO]   - login_hour_rarity: raw=0.00 score=0.00
2026-08-02 01:05:32,971 [INFO]   - geolocation_rarity: raw=0.00 score=0.00
2026-08-02 01:05:32,971 [INFO]   - endpoint_set_rarity: raw=0.00 score=0.00
2026-08-02 01:05:32,971 [INFO]   - process_name_rarity: raw=0.00 score=0.00
2026-08-02 01:05:32,971 [INFO]   - command_line_embedding_similarity: raw=0.36 score=0.00
2026-08-02 01:05:32,971 [INFO]   - total_volume_delta: raw=2.89 score=0.00
2026-08-02 01:05:32,971 [INFO]   - drift_alert: raw=4.79 score=50.00
2026-08-02 01:05:32,994 [INFO] ANOMALY DETECTED: entity=user_finance_10 score=50.04 conf=0.85
2026-08-02 01:05:32,994 [INFO]   - login_hour_rarity: raw=0.00 score=0.00
2026-08-02 01:05:32,994 [INFO]   - geolocation_rarity: raw=0.00 score=0.00
2026-08-02 01:05:32,994 [INFO]   - endpoint_set_rarity: raw=0.00 score=0.00
2026-08-02 01:05:32,994 [INFO]   - process_name_rarity: raw=0.03 score=0.04
2026-08-02 01:05:32,994 [INFO]   - command_line_embedding_similarity: raw=1.00 score=50.00
2026-08-02 01:05:32,994 [INFO]   - total_volume_delta: raw=3.22 score=0.00
2026-08-02 01:05:32,994 [INFO]   - drift_alert: raw=0.00 score=0.00
2026-08-02 01:05:33,615 [INFO] ANOMALY DETECTED: entity=user_hr_7 score=100.05 conf=0.87
2026-08-02 01:05:33,615 [INFO]   - login_hour_rarity: raw=0.00 score=0.00
2026-08-02 01:05:33,615 [INFO]   - geolocation_rarity: raw=0.00 score=0.00
2026-08-02 01:05:33,615 [INFO]   - endpoint_set_rarity: raw=0.00 score=0.00
2026-08-02 01:05:33,615 [INFO]   - process_name_rarity: raw=0.03 score=0.05
2026-08-02 01:05:33,615 [INFO]   - command_line_embedding_similarity: raw=1.00 score=50.00
2026-08-02 01:05:33,615 [INFO]   - total_volume_delta: raw=2.89 score=0.00
2026-08-02 01:05:33,615 [INFO]   - drift_alert: raw=4.79 score=50.00
2026-08-02 01:05:33,673 [INFO] ANOMALY DETECTED: entity=user_finance_14 score=50.00 conf=0.85
2026-08-02 01:05:33,673 [INFO]   - login_hour_rarity: raw=0.00 score=0.00
2026-08-02 01:05:33,673 [INFO]   - geolocation_rarity: raw=0.00 score=0.00
2026-08-02 01:05:33,673 [INFO]   - endpoint_set_rarity: raw=0.00 score=0.00
2026-08-02 01:05:33,673 [INFO]   - process_name_rarity: raw=0.00 score=0.00
2026-08-02 01:05:33,673 [INFO]   - command_line_embedding_similarity: raw=0.26 score=0.00
2026-08-02 01:05:33,673 [INFO]   - total_volume_delta: raw=3.42 score=0.00
2026-08-02 01:05:33,673 [INFO]   - drift_alert: raw=4.75 score=50.00
2026-08-02 01:05:34,253 [INFO] ANOMALY DETECTED: entity=user_finance_2 score=47.93 conf=0.84
2026-08-02 01:05:34,253 [INFO]   - login_hour_rarity: raw=0.00 score=0.00
2026-08-02 01:05:34,253 [INFO]   - geolocation_rarity: raw=0.00 score=0.00
2026-08-02 01:05:34,253 [INFO]   - endpoint_set_rarity: raw=0.00 score=0.00
2026-08-02 01:05:34,253 [INFO]   - process_name_rarity: raw=0.00 score=0.00
2026-08-02 01:05:34,253 [INFO]   - command_line_embedding_similarity: raw=0.42 score=0.00
2026-08-02 01:05:34,253 [INFO]   - total_volume_delta: raw=3.39 score=0.00
2026-08-02 01:05:34,253 [INFO]   - drift_alert: raw=2.40 score=47.93
2026-08-02 01:05:34,802 [INFO] ANOMALY DETECTED: entity=user_hr_7 score=50.00 conf=0.87
2026-08-02 01:05:34,802 [INFO]   - login_hour_rarity: raw=0.00 score=0.00
2026-08-02 01:05:34,803 [INFO]   - geolocation_rarity: raw=0.00 score=0.00
2026-08-02 01:05:34,803 [INFO]   - endpoint_set_rarity: raw=0.00 score=0.00
2026-08-02 01:05:34,803 [INFO]   - process_name_rarity: raw=0.00 score=0.00
2026-08-02 01:05:34,803 [INFO]   - command_line_embedding_similarity: raw=0.34 score=0.00
2026-08-02 01:05:34,803 [INFO]   - total_volume_delta: raw=2.89 score=0.00
2026-08-02 01:05:34,803 [INFO]   - drift_alert: raw=4.79 score=50.00
2026-08-02 01:05:35,373 [INFO] ANOMALY DETECTED: entity=user_hr_8 score=100.08 conf=0.85
2026-08-02 01:05:35,373 [INFO]   - login_hour_rarity: raw=0.00 score=0.00
2026-08-02 01:05:35,373 [INFO]   - geolocation_rarity: raw=0.00 score=0.00
2026-08-02 01:05:35,373 [INFO]   - endpoint_set_rarity: raw=0.00 score=0.00
2026-08-02 01:05:35,373 [INFO]   - process_name_rarity: raw=0.05 score=0.08
2026-08-02 01:05:35,373 [INFO]   - command_line_embedding_similarity: raw=1.00 score=50.00
2026-08-02 01:05:35,373 [INFO]   - total_volume_delta: raw=3.62 score=0.00
2026-08-02 01:05:35,373 [INFO]   - drift_alert: raw=3.89 score=50.00
2026-08-02 01:05:37,407 [INFO] ANOMALY DETECTED: entity=user_finance_4 score=50.00 conf=0.82
2026-08-02 01:05:37,407 [INFO]   - login_hour_rarity: raw=0.00 score=0.00
2026-08-02 01:05:37,407 [INFO]   - geolocation_rarity: raw=0.00 score=0.00
2026-08-02 01:05:37,407 [INFO]   - endpoint_set_rarity: raw=0.00 score=0.00
2026-08-02 01:05:37,407 [INFO]   - process_name_rarity: raw=0.00 score=0.00
2026-08-02 01:05:37,407 [INFO]   - command_line_embedding_similarity: raw=0.30 score=0.00
2026-08-02 01:05:37,407 [INFO]   - total_volume_delta: raw=3.17 score=0.00
2026-08-02 01:05:37,407 [INFO]   - drift_alert: raw=2.85 score=50.00
2026-08-02 01:05:38,526 [INFO] ANOMALY DETECTED: entity=user_engineer_9 score=50.00 conf=0.84
2026-08-02 01:05:38,526 [INFO]   - login_hour_rarity: raw=0.00 score=0.00
2026-08-02 01:05:38,526 [INFO]   - geolocation_rarity: raw=0.00 score=0.00
2026-08-02 01:05:38,526 [INFO]   - endpoint_set_rarity: raw=0.00 score=0.00
2026-08-02 01:05:38,526 [INFO]   - process_name_rarity: raw=0.00 score=0.00
2026-08-02 01:05:38,526 [INFO]   - command_line_embedding_similarity: raw=0.20 score=0.00
2026-08-02 01:05:38,526 [INFO]   - total_volume_delta: raw=3.58 score=0.00
2026-08-02 01:05:38,526 [INFO]   - drift_alert: raw=4.61 score=50.00
2026-08-02 01:05:38,572 [INFO] ANOMALY DETECTED: entity=user_hr_7 score=50.00 conf=0.87
2026-08-02 01:05:38,572 [INFO]   - login_hour_rarity: raw=0.00 score=0.00
2026-08-02 01:05:38,572 [INFO]   - geolocation_rarity: raw=0.00 score=0.00
2026-08-02 01:05:38,572 [INFO]   - endpoint_set_rarity: raw=0.00 score=0.00
2026-08-02 01:05:38,572 [INFO]   - process_name_rarity: raw=0.00 score=0.00
2026-08-02 01:05:38,572 [INFO]   - command_line_embedding_similarity: raw=0.36 score=0.00
2026-08-02 01:05:38,572 [INFO]   - total_volume_delta: raw=2.89 score=0.00
2026-08-02 01:05:38,572 [INFO]   - drift_alert: raw=4.79 score=50.00
2026-08-02 01:05:38,593 [INFO] ANOMALY DETECTED: entity=user_finance_4 score=50.00 conf=0.82
2026-08-02 01:05:38,593 [INFO]   - login_hour_rarity: raw=0.00 score=0.00
2026-08-02 01:05:38,593 [INFO]   - geolocation_rarity: raw=0.00 score=0.00
2026-08-02 01:05:38,593 [INFO]   - endpoint_set_rarity: raw=0.00 score=0.00
2026-08-02 01:05:38,593 [INFO]   - process_name_rarity: raw=0.00 score=0.00
2026-08-02 01:05:38,593 [INFO]   - command_line_embedding_similarity: raw=0.30 score=0.00
2026-08-02 01:05:38,593 [INFO]   - total_volume_delta: raw=3.17 score=0.00
2026-08-02 01:05:38,593 [INFO]   - drift_alert: raw=2.85 score=50.00
2026-08-02 01:05:39,170 [INFO] ANOMALY DETECTED: entity=user_engineer_9 score=50.00 conf=0.84
2026-08-02 01:05:39,170 [INFO]   - login_hour_rarity: raw=0.00 score=0.00
2026-08-02 01:05:39,170 [INFO]   - geolocation_rarity: raw=0.00 score=0.00
2026-08-02 01:05:39,170 [INFO]   - endpoint_set_rarity: raw=0.00 score=0.00
2026-08-02 01:05:39,170 [INFO]   - process_name_rarity: raw=0.00 score=0.00
2026-08-02 01:05:39,170 [INFO]   - command_line_embedding_similarity: raw=0.26 score=0.00
2026-08-02 01:05:39,170 [INFO]   - total_volume_delta: raw=3.58 score=0.00
2026-08-02 01:05:39,170 [INFO]   - drift_alert: raw=4.61 score=50.00
2026-08-02 01:05:39,212 [INFO] ANOMALY DETECTED: entity=user_finance_3 score=85.45 conf=0.84
2026-08-02 01:05:39,212 [INFO]   - login_hour_rarity: raw=0.00 score=0.00
2026-08-02 01:05:39,212 [INFO]   - geolocation_rarity: raw=0.00 score=0.00
2026-08-02 01:05:39,212 [INFO]   - endpoint_set_rarity: raw=0.00 score=0.00
2026-08-02 01:05:39,212 [INFO]   - process_name_rarity: raw=0.02 score=0.03
2026-08-02 01:05:39,212 [INFO]   - command_line_embedding_similarity: raw=1.00 score=50.00
2026-08-02 01:05:39,212 [INFO]   - total_volume_delta: raw=3.10 score=0.00
2026-08-02 01:05:39,212 [INFO]   - drift_alert: raw=1.77 score=35.41
2026-08-02 01:05:39,760 [INFO] ANOMALY DETECTED: entity=user_hr_2 score=50.03 conf=0.82
2026-08-02 01:05:39,760 [INFO]   - login_hour_rarity: raw=0.00 score=0.00
2026-08-02 01:05:39,760 [INFO]   - geolocation_rarity: raw=0.00 score=0.00
2026-08-02 01:05:39,760 [INFO]   - endpoint_set_rarity: raw=0.00 score=0.00
2026-08-02 01:05:39,760 [INFO]   - process_name_rarity: raw=0.02 score=0.03
2026-08-02 01:05:39,760 [INFO]   - command_line_embedding_similarity: raw=1.00 score=50.00
2026-08-02 01:05:39,760 [INFO]   - total_volume_delta: raw=3.20 score=0.00
2026-08-02 01:05:39,760 [INFO]   - drift_alert: raw=0.00 score=0.00
2026-08-02 01:05:40,306 [WARNING] point_baseline_shadow_fallback entity_id=svc_backup_3 as_of=2026-01-05 15:49:00 active_shadow_count=0
2026-08-02 01:05:40,307 [INFO] ANOMALY DETECTED: entity=svc_backup_3 score=50.00 conf=0.83
2026-08-02 01:05:40,307 [INFO]   - login_hour_rarity: raw=0.00 score=0.00
2026-08-02 01:05:40,307 [INFO]   - geolocation_rarity: raw=0.00 score=0.00
2026-08-02 01:05:40,307 [INFO]   - endpoint_set_rarity: raw=0.00 score=0.00
2026-08-02 01:05:40,307 [INFO]   - process_name_rarity: raw=0.00 score=0.00
2026-08-02 01:05:40,307 [INFO]   - command_line_embedding_similarity: raw=0.00 score=0.00
2026-08-02 01:05:40,308 [INFO]   - total_volume_delta: raw=3.63 score=0.00
2026-08-02 01:05:40,308 [INFO]   - drift_alert: raw=2.66 score=50.00
2026-08-02 01:05:40,308 [INFO]   - service_account_execution_frequency_deviation: raw=0.00 score=0.00
2026-08-02 01:05:42,125 [INFO] ANOMALY DETECTED: entity=user_engineer_11 score=50.02 conf=0.83
2026-08-02 01:05:42,125 [INFO]   - login_hour_rarity: raw=0.00 score=0.00
2026-08-02 01:05:42,125 [INFO]   - geolocation_rarity: raw=0.00 score=0.00
2026-08-02 01:05:42,125 [INFO]   - endpoint_set_rarity: raw=0.00 score=0.00
2026-08-02 01:05:42,125 [INFO]   - process_name_rarity: raw=0.02 score=0.02
2026-08-02 01:05:42,125 [INFO]   - command_line_embedding_similarity: raw=1.00 score=50.00
2026-08-02 01:05:42,125 [INFO]   - total_volume_delta: raw=3.25 score=0.00
2026-08-02 01:05:42,125 [INFO]   - drift_alert: raw=0.00 score=0.00
2026-08-02 01:05:42,149 [INFO] ANOMALY DETECTED: entity=user_hr_7 score=50.00 conf=0.87
2026-08-02 01:05:42,149 [INFO]   - login_hour_rarity: raw=0.00 score=0.00
2026-08-02 01:05:42,149 [INFO]   - geolocation_rarity: raw=0.00 score=0.00
2026-08-02 01:05:42,149 [INFO]   - endpoint_set_rarity: raw=0.00 score=0.00
2026-08-02 01:05:42,149 [INFO]   - process_name_rarity: raw=0.00 score=0.00
2026-08-02 01:05:42,149 [INFO]   - command_line_embedding_similarity: raw=0.28 score=0.00
2026-08-02 01:05:42,149 [INFO]   - total_volume_delta: raw=2.89 score=0.00
2026-08-02 01:05:42,149 [INFO]   - drift_alert: raw=4.79 score=50.00
2026-08-02 01:05:43,318 [INFO] ANOMALY DETECTED: entity=user_finance_14 score=50.00 conf=0.85
2026-08-02 01:05:43,318 [INFO]   - login_hour_rarity: raw=0.00 score=0.00
2026-08-02 01:05:43,318 [INFO]   - geolocation_rarity: raw=0.00 score=0.00
2026-08-02 01:05:43,318 [INFO]   - endpoint_set_rarity: raw=0.00 score=0.00
2026-08-02 01:05:43,319 [INFO]   - process_name_rarity: raw=0.00 score=0.00
2026-08-02 01:05:43,319 [INFO]   - command_line_embedding_similarity: raw=0.24 score=0.00
2026-08-02 01:05:43,319 [INFO]   - total_volume_delta: raw=3.38 score=0.00
2026-08-02 01:05:43,319 [INFO]   - drift_alert: raw=3.82 score=50.00
2026-08-02 01:05:43,864 [INFO] ANOMALY DETECTED: entity=user_engineer_11 score=50.06 conf=0.83
2026-08-02 01:05:43,864 [INFO]   - login_hour_rarity: raw=0.00 score=0.00
2026-08-02 01:05:43,864 [INFO]   - geolocation_rarity: raw=0.00 score=0.00
2026-08-02 01:05:43,864 [INFO]   - endpoint_set_rarity: raw=0.00 score=0.00
2026-08-02 01:05:43,864 [INFO]   - process_name_rarity: raw=0.04 score=0.06
2026-08-02 01:05:43,864 [INFO]   - command_line_embedding_similarity: raw=1.00 score=50.00
2026-08-02 01:05:43,864 [INFO]   - total_volume_delta: raw=3.04 score=0.00
2026-08-02 01:05:43,864 [INFO]   - drift_alert: raw=0.00 score=0.00
2026-08-02 01:05:43,884 [INFO] ANOMALY DETECTED: entity=user_finance_4 score=50.00 conf=0.82
2026-08-02 01:05:43,884 [INFO]   - login_hour_rarity: raw=0.00 score=0.00
2026-08-02 01:05:43,884 [INFO]   - geolocation_rarity: raw=0.00 score=0.00
2026-08-02 01:05:43,885 [INFO]   - endpoint_set_rarity: raw=0.00 score=0.00
2026-08-02 01:05:43,885 [INFO]   - process_name_rarity: raw=0.00 score=0.00
2026-08-02 01:05:43,885 [INFO]   - command_line_embedding_similarity: raw=0.25 score=0.00
2026-08-02 01:05:43,885 [INFO]   - total_volume_delta: raw=3.17 score=0.00
2026-08-02 01:05:43,885 [INFO]   - drift_alert: raw=2.85 score=50.00
2026-08-02 01:05:44,448 [INFO] ANOMALY DETECTED: entity=user_hr_4 score=50.09 conf=0.85
2026-08-02 01:05:44,448 [INFO]   - login_hour_rarity: raw=0.00 score=0.00
2026-08-02 01:05:44,448 [INFO]   - geolocation_rarity: raw=0.00 score=0.00
2026-08-02 01:05:44,448 [INFO]   - endpoint_set_rarity: raw=0.00 score=0.00
2026-08-02 01:05:44,448 [INFO]   - process_name_rarity: raw=0.06 score=0.09
2026-08-02 01:05:44,448 [INFO]   - command_line_embedding_similarity: raw=1.00 score=50.00
2026-08-02 01:05:44,448 [INFO]   - total_volume_delta: raw=3.05 score=0.00
2026-08-02 01:05:44,448 [INFO]   - drift_alert: raw=0.00 score=0.00
2026-08-02 01:05:44,996 [INFO] ANOMALY DETECTED: entity=user_hr_1 score=46.52 conf=0.84
2026-08-02 01:05:44,996 [INFO]   - login_hour_rarity: raw=0.00 score=0.00
2026-08-02 01:05:44,996 [INFO]   - geolocation_rarity: raw=0.00 score=0.00
2026-08-02 01:05:44,996 [INFO]   - endpoint_set_rarity: raw=0.00 score=0.00
2026-08-02 01:05:44,996 [INFO]   - process_name_rarity: raw=0.00 score=0.00
2026-08-02 01:05:44,996 [INFO]   - command_line_embedding_similarity: raw=0.32 score=0.00
2026-08-02 01:05:44,996 [INFO]   - total_volume_delta: raw=3.35 score=0.00
2026-08-02 01:05:44,996 [INFO]   - drift_alert: raw=2.33 score=46.52
2026-08-02 01:05:45,701 [INFO] ANOMALY DETECTED: entity=user_engineer_7 score=50.00 conf=0.82
2026-08-02 01:05:45,701 [INFO]   - login_hour_rarity: raw=0.00 score=0.00
2026-08-02 01:05:45,701 [INFO]   - geolocation_rarity: raw=0.00 score=0.00
2026-08-02 01:05:45,701 [INFO]   - endpoint_set_rarity: raw=0.00 score=0.00
2026-08-02 01:05:45,701 [INFO]   - process_name_rarity: raw=0.00 score=0.00
2026-08-02 01:05:45,701 [INFO]   - command_line_embedding_similarity: raw=0.17 score=0.00
2026-08-02 01:05:45,701 [INFO]   - total_volume_delta: raw=2.12 score=0.00
2026-08-02 01:05:45,701 [INFO]   - drift_alert: raw=5.53 score=50.00
2026-08-02 01:05:45,721 [INFO] ANOMALY DETECTED: entity=user_hr_2 score=67.55 conf=0.82
2026-08-02 01:05:45,721 [INFO]   - login_hour_rarity: raw=0.00 score=0.00
2026-08-02 01:05:45,721 [INFO]   - geolocation_rarity: raw=0.00 score=0.00
2026-08-02 01:05:45,721 [INFO]   - endpoint_set_rarity: raw=0.00 score=0.00
2026-08-02 01:05:45,721 [INFO]   - process_name_rarity: raw=0.05 score=0.07
2026-08-02 01:05:45,721 [INFO]   - command_line_embedding_similarity: raw=1.00 score=50.00
2026-08-02 01:05:45,721 [INFO]   - total_volume_delta: raw=3.51 score=0.00
2026-08-02 01:05:45,721 [INFO]   - drift_alert: raw=0.87 score=17.48
2026-08-02 01:05:45,763 [INFO] ANOMALY DETECTED: entity=user_finance_4 score=50.00 conf=0.82
2026-08-02 01:05:45,763 [INFO]   - login_hour_rarity: raw=0.00 score=0.00
2026-08-02 01:05:45,764 [INFO]   - geolocation_rarity: raw=0.00 score=0.00
2026-08-02 01:05:45,764 [INFO]   - endpoint_set_rarity: raw=0.00 score=0.00
2026-08-02 01:05:45,764 [INFO]   - process_name_rarity: raw=0.00 score=0.00
2026-08-02 01:05:45,764 [INFO]   - command_line_embedding_similarity: raw=0.30 score=0.00
2026-08-02 01:05:45,764 [INFO]   - total_volume_delta: raw=3.17 score=0.00
2026-08-02 01:05:45,764 [INFO]   - drift_alert: raw=2.85 score=50.00
2026-08-02 01:05:46,375 [INFO] ANOMALY DETECTED: entity=user_engineer_13 score=50.04 conf=0.82
2026-08-02 01:05:46,375 [INFO]   - login_hour_rarity: raw=0.00 score=0.00
2026-08-02 01:05:46,375 [INFO]   - geolocation_rarity: raw=0.00 score=0.00
2026-08-02 01:05:46,375 [INFO]   - endpoint_set_rarity: raw=0.00 score=0.00
2026-08-02 01:05:46,375 [INFO]   - process_name_rarity: raw=0.02 score=0.04
2026-08-02 01:05:46,376 [INFO]   - command_line_embedding_similarity: raw=1.00 score=50.00
2026-08-02 01:05:46,376 [INFO]   - total_volume_delta: raw=2.81 score=0.00
2026-08-02 01:05:46,376 [INFO]   - drift_alert: raw=0.00 score=0.00
2026-08-02 01:05:48,179 [INFO] ANOMALY DETECTED: entity=user_hr_9 score=50.65 conf=0.85
2026-08-02 01:05:48,179 [INFO]   - login_hour_rarity: raw=0.00 score=0.00
2026-08-02 01:05:48,179 [INFO]   - geolocation_rarity: raw=0.00 score=0.00
2026-08-02 01:05:48,179 [INFO]   - endpoint_set_rarity: raw=0.00 score=0.00
2026-08-02 01:05:48,179 [INFO]   - process_name_rarity: raw=0.03 score=0.05
2026-08-02 01:05:48,179 [INFO]   - command_line_embedding_similarity: raw=1.00 score=50.00
2026-08-02 01:05:48,179 [INFO]   - total_volume_delta: raw=3.68 score=0.00
2026-08-02 01:05:48,179 [INFO]   - drift_alert: raw=0.03 score=0.60
2026-08-02 01:05:48,764 [INFO] ANOMALY DETECTED: entity=user_engineer_9 score=50.00 conf=0.84
2026-08-02 01:05:48,764 [INFO]   - login_hour_rarity: raw=0.00 score=0.00
2026-08-02 01:05:48,764 [INFO]   - geolocation_rarity: raw=0.00 score=0.00
2026-08-02 01:05:48,764 [INFO]   - endpoint_set_rarity: raw=0.00 score=0.00
2026-08-02 01:05:48,764 [INFO]   - process_name_rarity: raw=0.00 score=0.00
2026-08-02 01:05:48,764 [INFO]   - command_line_embedding_similarity: raw=0.22 score=0.00
2026-08-02 01:05:48,764 [INFO]   - total_volume_delta: raw=3.58 score=0.00
2026-08-02 01:05:48,764 [INFO]   - drift_alert: raw=4.61 score=50.00
2026-08-02 01:05:49,325 [INFO] ANOMALY DETECTED: entity=user_finance_5 score=50.00 conf=0.82
2026-08-02 01:05:49,325 [INFO]   - login_hour_rarity: raw=0.00 score=0.00
2026-08-02 01:05:49,325 [INFO]   - geolocation_rarity: raw=0.00 score=0.00
2026-08-02 01:05:49,325 [INFO]   - endpoint_set_rarity: raw=0.00 score=0.00
2026-08-02 01:05:49,325 [INFO]   - process_name_rarity: raw=0.00 score=0.00
2026-08-02 01:05:49,325 [INFO]   - command_line_embedding_similarity: raw=0.38 score=0.00
2026-08-02 01:05:49,325 [INFO]   - total_volume_delta: raw=3.46 score=0.00
2026-08-02 01:05:49,325 [INFO]   - drift_alert: raw=8.11 score=50.00
2026-08-02 01:05:49,868 [INFO] ANOMALY DETECTED: entity=user_engineer_7 score=50.00 conf=0.82
2026-08-02 01:05:49,868 [INFO]   - login_hour_rarity: raw=0.00 score=0.00
2026-08-02 01:05:49,868 [INFO]   - geolocation_rarity: raw=0.00 score=0.00
2026-08-02 01:05:49,868 [INFO]   - endpoint_set_rarity: raw=0.00 score=0.00
2026-08-02 01:05:49,868 [INFO]   - process_name_rarity: raw=0.00 score=0.00
2026-08-02 01:05:49,868 [INFO]   - command_line_embedding_similarity: raw=0.36 score=0.00
2026-08-02 01:05:49,868 [INFO]   - total_volume_delta: raw=2.12 score=0.00
2026-08-02 01:05:49,868 [INFO]   - drift_alert: raw=5.53 score=50.00
2026-08-02 01:05:50,421 [INFO] ANOMALY DETECTED: entity=user_engineer_14 score=48.57 conf=0.80
2026-08-02 01:05:50,421 [INFO]   - login_hour_rarity: raw=0.00 score=0.00
2026-08-02 01:05:50,421 [INFO]   - geolocation_rarity: raw=0.00 score=0.00
2026-08-02 01:05:50,421 [INFO]   - endpoint_set_rarity: raw=0.00 score=0.00
2026-08-02 01:05:50,421 [INFO]   - process_name_rarity: raw=0.00 score=0.00
2026-08-02 01:05:50,421 [INFO]   - command_line_embedding_similarity: raw=0.29 score=0.00
2026-08-02 01:05:50,421 [INFO]   - total_volume_delta: raw=4.03 score=0.00
2026-08-02 01:05:50,421 [INFO]   - drift_alert: raw=2.43 score=48.57
2026-08-02 01:05:52,171 [INFO] ANOMALY DETECTED: entity=user_engineer_1 score=50.00 conf=0.86
2026-08-02 01:05:52,171 [INFO]   - login_hour_rarity: raw=0.00 score=0.00
2026-08-02 01:05:52,171 [INFO]   - geolocation_rarity: raw=0.00 score=0.00
2026-08-02 01:05:52,171 [INFO]   - endpoint_set_rarity: raw=0.00 score=0.00
2026-08-02 01:05:52,171 [INFO]   - process_name_rarity: raw=0.00 score=0.00
2026-08-02 01:05:52,171 [INFO]   - command_line_embedding_similarity: raw=0.19 score=0.00
2026-08-02 01:05:52,171 [INFO]   - total_volume_delta: raw=3.50 score=0.00
2026-08-02 01:05:52,172 [INFO]   - drift_alert: raw=3.15 score=50.00
2026-08-02 01:05:52,192 [INFO] ANOMALY DETECTED: entity=user_engineer_7 score=50.00 conf=0.82
2026-08-02 01:05:52,193 [INFO]   - login_hour_rarity: raw=0.00 score=0.00
2026-08-02 01:05:52,193 [INFO]   - geolocation_rarity: raw=0.00 score=0.00
2026-08-02 01:05:52,193 [INFO]   - endpoint_set_rarity: raw=0.00 score=0.00
2026-08-02 01:05:52,193 [INFO]   - process_name_rarity: raw=0.00 score=0.00
2026-08-02 01:05:52,193 [INFO]   - command_line_embedding_similarity: raw=0.22 score=0.00
2026-08-02 01:05:52,193 [INFO]   - total_volume_delta: raw=2.12 score=0.00
2026-08-02 01:05:52,193 [INFO]   - drift_alert: raw=5.53 score=50.00
2026-08-02 01:05:52,339 [INFO] ANOMALY DETECTED: entity=user_engineer_14 score=48.57 conf=0.80
2026-08-02 01:05:52,339 [INFO]   - login_hour_rarity: raw=0.00 score=0.00
2026-08-02 01:05:52,339 [INFO]   - geolocation_rarity: raw=0.00 score=0.00
2026-08-02 01:05:52,339 [INFO]   - endpoint_set_rarity: raw=0.00 score=0.00
2026-08-02 01:05:52,339 [INFO]   - process_name_rarity: raw=0.00 score=0.00
2026-08-02 01:05:52,339 [INFO]   - command_line_embedding_similarity: raw=0.24 score=0.00
2026-08-02 01:05:52,339 [INFO]   - total_volume_delta: raw=4.03 score=0.00
2026-08-02 01:05:52,339 [INFO]   - drift_alert: raw=2.43 score=48.57
2026-08-02 01:05:53,975 [INFO] ANOMALY DETECTED: entity=user_engineer_6 score=50.05 conf=0.85
2026-08-02 01:05:53,975 [INFO]   - login_hour_rarity: raw=0.00 score=0.00
2026-08-02 01:05:53,975 [INFO]   - geolocation_rarity: raw=0.00 score=0.00
2026-08-02 01:05:53,975 [INFO]   - endpoint_set_rarity: raw=0.00 score=0.00
2026-08-02 01:05:53,975 [INFO]   - process_name_rarity: raw=0.03 score=0.05
2026-08-02 01:05:53,975 [INFO]   - command_line_embedding_similarity: raw=1.00 score=50.00
2026-08-02 01:05:53,975 [INFO]   - total_volume_delta: raw=3.46 score=0.00
2026-08-02 01:05:53,976 [INFO]   - drift_alert: raw=0.00 score=0.00
2026-08-02 01:05:55,592 [INFO] ANOMALY DETECTED: entity=user_hr_11 score=50.04 conf=0.83
2026-08-02 01:05:55,592 [INFO]   - login_hour_rarity: raw=0.00 score=0.00
2026-08-02 01:05:55,592 [INFO]   - geolocation_rarity: raw=0.00 score=0.00
2026-08-02 01:05:55,592 [INFO]   - endpoint_set_rarity: raw=0.00 score=0.00
2026-08-02 01:05:55,592 [INFO]   - process_name_rarity: raw=0.02 score=0.04
2026-08-02 01:05:55,592 [INFO]   - command_line_embedding_similarity: raw=1.00 score=50.00
2026-08-02 01:05:55,592 [INFO]   - total_volume_delta: raw=3.83 score=0.00
2026-08-02 01:05:55,592 [INFO]   - drift_alert: raw=0.00 score=0.00
2026-08-02 01:05:56,669 [INFO] ANOMALY DETECTED: entity=user_finance_6 score=50.06 conf=0.87
2026-08-02 01:05:56,669 [INFO]   - login_hour_rarity: raw=0.00 score=0.00
2026-08-02 01:05:56,669 [INFO]   - geolocation_rarity: raw=0.00 score=0.00
2026-08-02 01:05:56,669 [INFO]   - endpoint_set_rarity: raw=0.00 score=0.00
2026-08-02 01:05:56,669 [INFO]   - process_name_rarity: raw=0.04 score=0.06
2026-08-02 01:05:56,669 [INFO]   - command_line_embedding_similarity: raw=1.00 score=50.00
2026-08-02 01:05:56,669 [INFO]   - total_volume_delta: raw=2.51 score=0.00
2026-08-02 01:05:56,669 [INFO]   - drift_alert: raw=0.00 score=0.00
2026-08-02 01:05:57,186 [INFO] ANOMALY DETECTED: entity=user_hr_7 score=50.00 conf=0.87
2026-08-02 01:05:57,186 [INFO]   - login_hour_rarity: raw=0.00 score=0.00
2026-08-02 01:05:57,187 [INFO]   - geolocation_rarity: raw=0.00 score=0.00
2026-08-02 01:05:57,187 [INFO]   - endpoint_set_rarity: raw=0.00 score=0.00
2026-08-02 01:05:57,187 [INFO]   - process_name_rarity: raw=0.00 score=0.00
2026-08-02 01:05:57,187 [INFO]   - command_line_embedding_similarity: raw=0.23 score=0.00
2026-08-02 01:05:57,187 [INFO]   - total_volume_delta: raw=2.89 score=0.00
2026-08-02 01:05:57,187 [INFO]   - drift_alert: raw=4.79 score=50.00
2026-08-02 01:05:58,872 [INFO] ANOMALY DETECTED: entity=user_engineer_9 score=100.03 conf=0.84
2026-08-02 01:05:58,872 [INFO]   - login_hour_rarity: raw=0.00 score=0.00
2026-08-02 01:05:58,872 [INFO]   - geolocation_rarity: raw=0.00 score=0.00
2026-08-02 01:05:58,872 [INFO]   - endpoint_set_rarity: raw=0.00 score=0.00
2026-08-02 01:05:58,872 [INFO]   - process_name_rarity: raw=0.02 score=0.03
2026-08-02 01:05:58,872 [INFO]   - command_line_embedding_similarity: raw=1.00 score=50.00
2026-08-02 01:05:58,872 [INFO]   - total_volume_delta: raw=3.58 score=0.00
2026-08-02 01:05:58,872 [INFO]   - drift_alert: raw=4.61 score=50.00
2026-08-02 01:05:59,458 [INFO] ANOMALY DETECTED: entity=user_hr_5 score=62.41 conf=0.84
2026-08-02 01:05:59,458 [INFO]   - login_hour_rarity: raw=0.00 score=0.00
2026-08-02 01:05:59,458 [INFO]   - geolocation_rarity: raw=0.00 score=0.00
2026-08-02 01:05:59,458 [INFO]   - endpoint_set_rarity: raw=0.00 score=0.00
2026-08-02 01:05:59,458 [INFO]   - process_name_rarity: raw=0.02 score=0.04
2026-08-02 01:05:59,458 [INFO]   - command_line_embedding_similarity: raw=1.00 score=50.00
2026-08-02 01:05:59,458 [INFO]   - total_volume_delta: raw=3.58 score=0.00
2026-08-02 01:05:59,458 [INFO]   - drift_alert: raw=0.62 score=12.38
2026-08-02 01:06:00,013 [INFO] ANOMALY DETECTED: entity=user_engineer_10 score=50.00 conf=0.81
2026-08-02 01:06:00,013 [INFO]   - login_hour_rarity: raw=0.00 score=0.00
2026-08-02 01:06:00,013 [INFO]   - geolocation_rarity: raw=0.00 score=0.00
2026-08-02 01:06:00,014 [INFO]   - endpoint_set_rarity: raw=0.00 score=0.00
2026-08-02 01:06:00,014 [INFO]   - process_name_rarity: raw=0.00 score=0.00
2026-08-02 01:06:00,014 [INFO]   - command_line_embedding_similarity: raw=0.29 score=0.00
2026-08-02 01:06:00,014 [INFO]   - total_volume_delta: raw=3.04 score=0.00
2026-08-02 01:06:00,014 [INFO]   - drift_alert: raw=3.67 score=50.00
2026-08-02 01:06:00,037 [INFO] ANOMALY DETECTED: entity=user_hr_11 score=50.04 conf=0.83
2026-08-02 01:06:00,038 [INFO]   - login_hour_rarity: raw=0.00 score=0.00
2026-08-02 01:06:00,038 [INFO]   - geolocation_rarity: raw=0.00 score=0.00
2026-08-02 01:06:00,038 [INFO]   - endpoint_set_rarity: raw=0.00 score=0.00
2026-08-02 01:06:00,038 [INFO]   - process_name_rarity: raw=0.02 score=0.04
2026-08-02 01:06:00,038 [INFO]   - command_line_embedding_similarity: raw=1.00 score=50.00
2026-08-02 01:06:00,038 [INFO]   - total_volume_delta: raw=3.83 score=0.00
2026-08-02 01:06:00,038 [INFO]   - drift_alert: raw=0.00 score=0.00
2026-08-02 01:06:02,738 [INFO] ANOMALY DETECTED: entity=user_engineer_6 score=50.05 conf=0.85
2026-08-02 01:06:02,738 [INFO]   - login_hour_rarity: raw=0.00 score=0.00
2026-08-02 01:06:02,738 [INFO]   - geolocation_rarity: raw=0.00 score=0.00
2026-08-02 01:06:02,738 [INFO]   - endpoint_set_rarity: raw=0.00 score=0.00
2026-08-02 01:06:02,738 [INFO]   - process_name_rarity: raw=0.03 score=0.05
2026-08-02 01:06:02,738 [INFO]   - command_line_embedding_similarity: raw=1.00 score=50.00
2026-08-02 01:06:02,738 [INFO]   - total_volume_delta: raw=3.46 score=0.00
2026-08-02 01:06:02,738 [INFO]   - drift_alert: raw=0.00 score=0.00
2026-08-02 01:06:04,859 [INFO] ANOMALY DETECTED: entity=user_engineer_1 score=100.06 conf=0.86
2026-08-02 01:06:04,859 [INFO]   - login_hour_rarity: raw=0.00 score=0.00
2026-08-02 01:06:04,860 [INFO]   - geolocation_rarity: raw=0.00 score=0.00
2026-08-02 01:06:04,860 [INFO]   - endpoint_set_rarity: raw=0.00 score=0.00
2026-08-02 01:06:04,860 [INFO]   - process_name_rarity: raw=0.04 score=0.06
2026-08-02 01:06:04,860 [INFO]   - command_line_embedding_similarity: raw=1.00 score=50.00
2026-08-02 01:06:04,860 [INFO]   - total_volume_delta: raw=3.50 score=0.00
2026-08-02 01:06:04,860 [INFO]   - drift_alert: raw=3.15 score=50.00
2026-08-02 01:06:04,881 [INFO] ANOMALY DETECTED: entity=user_finance_4 score=50.00 conf=0.82
2026-08-02 01:06:04,881 [INFO]   - login_hour_rarity: raw=0.00 score=0.00
2026-08-02 01:06:04,881 [INFO]   - geolocation_rarity: raw=0.00 score=0.00
2026-08-02 01:06:04,881 [INFO]   - endpoint_set_rarity: raw=0.00 score=0.00
2026-08-02 01:06:04,881 [INFO]   - process_name_rarity: raw=0.00 score=0.00
2026-08-02 01:06:04,881 [INFO]   - command_line_embedding_similarity: raw=0.26 score=0.00
2026-08-02 01:06:04,881 [INFO]   - total_volume_delta: raw=3.17 score=0.00
2026-08-02 01:06:04,881 [INFO]   - drift_alert: raw=2.85 score=50.00
2026-08-02 01:06:05,473 [INFO] ANOMALY DETECTED: entity=user_hr_9 score=50.65 conf=0.85
2026-08-02 01:06:05,473 [INFO]   - login_hour_rarity: raw=0.00 score=0.00
2026-08-02 01:06:05,473 [INFO]   - geolocation_rarity: raw=0.00 score=0.00
2026-08-02 01:06:05,473 [INFO]   - endpoint_set_rarity: raw=0.00 score=0.00
2026-08-02 01:06:05,473 [INFO]   - process_name_rarity: raw=0.03 score=0.05
2026-08-02 01:06:05,473 [INFO]   - command_line_embedding_similarity: raw=1.00 score=50.00
2026-08-02 01:06:05,473 [INFO]   - total_volume_delta: raw=3.68 score=0.00
2026-08-02 01:06:05,473 [INFO]   - drift_alert: raw=0.03 score=0.60
2026-08-02 01:06:07,116 [INFO] ANOMALY DETECTED: entity=user_hr_1 score=46.52 conf=0.84
2026-08-02 01:06:07,116 [INFO]   - login_hour_rarity: raw=0.00 score=0.00
2026-08-02 01:06:07,116 [INFO]   - geolocation_rarity: raw=0.00 score=0.00
2026-08-02 01:06:07,116 [INFO]   - endpoint_set_rarity: raw=0.00 score=0.00
2026-08-02 01:06:07,116 [INFO]   - process_name_rarity: raw=0.00 score=0.00
2026-08-02 01:06:07,116 [INFO]   - command_line_embedding_similarity: raw=0.20 score=0.00
2026-08-02 01:06:07,116 [INFO]   - total_volume_delta: raw=3.35 score=0.00
2026-08-02 01:06:07,116 [INFO]   - drift_alert: raw=2.33 score=46.52
2026-08-02 01:06:08,672 [INFO] ANOMALY DETECTED: entity=user_engineer_14 score=98.59 conf=0.80
2026-08-02 01:06:08,672 [INFO]   - login_hour_rarity: raw=0.00 score=0.00
2026-08-02 01:06:08,672 [INFO]   - geolocation_rarity: raw=0.00 score=0.00
2026-08-02 01:06:08,672 [INFO]   - endpoint_set_rarity: raw=0.00 score=0.00
2026-08-02 01:06:08,672 [INFO]   - process_name_rarity: raw=0.01 score=0.02
2026-08-02 01:06:08,672 [INFO]   - command_line_embedding_similarity: raw=1.00 score=50.00
2026-08-02 01:06:08,672 [INFO]   - total_volume_delta: raw=4.03 score=0.00
2026-08-02 01:06:08,672 [INFO]   - drift_alert: raw=2.43 score=48.57
2026-08-02 01:06:09,777 [INFO] ANOMALY DETECTED: entity=user_engineer_1 score=50.00 conf=0.86
2026-08-02 01:06:09,777 [INFO]   - login_hour_rarity: raw=0.00 score=0.00
2026-08-02 01:06:09,778 [INFO]   - geolocation_rarity: raw=0.00 score=0.00
2026-08-02 01:06:09,778 [INFO]   - endpoint_set_rarity: raw=0.00 score=0.00
2026-08-02 01:06:09,778 [INFO]   - process_name_rarity: raw=0.00 score=0.00
2026-08-02 01:06:09,778 [INFO]   - command_line_embedding_similarity: raw=0.34 score=0.00
2026-08-02 01:06:09,778 [INFO]   - total_volume_delta: raw=3.50 score=0.00
2026-08-02 01:06:09,778 [INFO]   - drift_alert: raw=3.15 score=50.00
2026-08-02 01:06:09,820 [INFO] ANOMALY DETECTED: entity=user_finance_2 score=47.93 conf=0.84
2026-08-02 01:06:09,821 [INFO]   - login_hour_rarity: raw=0.00 score=0.00
2026-08-02 01:06:09,821 [INFO]   - geolocation_rarity: raw=0.00 score=0.00
2026-08-02 01:06:09,821 [INFO]   - endpoint_set_rarity: raw=0.00 score=0.00
2026-08-02 01:06:09,821 [INFO]   - process_name_rarity: raw=0.00 score=0.00
2026-08-02 01:06:09,821 [INFO]   - command_line_embedding_similarity: raw=0.34 score=0.00
2026-08-02 01:06:09,821 [INFO]   - total_volume_delta: raw=3.39 score=0.00
2026-08-02 01:06:09,821 [INFO]   - drift_alert: raw=2.40 score=47.93
2026-08-02 01:06:09,842 [INFO] ANOMALY DETECTED: entity=user_finance_9 score=50.05 conf=0.85
2026-08-02 01:06:09,842 [INFO]   - login_hour_rarity: raw=0.00 score=0.00
2026-08-02 01:06:09,842 [INFO]   - geolocation_rarity: raw=0.00 score=0.00
2026-08-02 01:06:09,842 [INFO]   - endpoint_set_rarity: raw=0.00 score=0.00
2026-08-02 01:06:09,842 [INFO]   - process_name_rarity: raw=0.04 score=0.05
2026-08-02 01:06:09,842 [INFO]   - command_line_embedding_similarity: raw=1.00 score=50.00
2026-08-02 01:06:09,842 [INFO]   - total_volume_delta: raw=3.48 score=0.00
2026-08-02 01:06:09,842 [INFO]   - drift_alert: raw=0.00 score=0.00
2026-08-02 01:06:10,465 [INFO] ANOMALY DETECTED: entity=user_finance_4 score=100.03 conf=0.82
2026-08-02 01:06:10,465 [INFO]   - login_hour_rarity: raw=0.00 score=0.00
2026-08-02 01:06:10,465 [INFO]   - geolocation_rarity: raw=0.00 score=0.00
2026-08-02 01:06:10,465 [INFO]   - endpoint_set_rarity: raw=0.00 score=0.00
2026-08-02 01:06:10,465 [INFO]   - process_name_rarity: raw=0.02 score=0.03
2026-08-02 01:06:10,466 [INFO]   - command_line_embedding_similarity: raw=1.00 score=50.00
2026-08-02 01:06:10,466 [INFO]   - total_volume_delta: raw=3.17 score=0.00
2026-08-02 01:06:10,466 [INFO]   - drift_alert: raw=2.85 score=50.00
2026-08-02 01:06:11,041 [INFO] ANOMALY DETECTED: entity=user_hr_6 score=100.08 conf=0.85
2026-08-02 01:06:11,041 [INFO]   - login_hour_rarity: raw=0.00 score=0.00
2026-08-02 01:06:11,041 [INFO]   - geolocation_rarity: raw=0.00 score=0.00
2026-08-02 01:06:11,041 [INFO]   - endpoint_set_rarity: raw=0.00 score=0.00
2026-08-02 01:06:11,041 [INFO]   - process_name_rarity: raw=0.06 score=0.08
2026-08-02 01:06:11,041 [INFO]   - command_line_embedding_similarity: raw=1.00 score=50.00
2026-08-02 01:06:11,041 [INFO]   - total_volume_delta: raw=3.06 score=0.00
2026-08-02 01:06:11,041 [INFO]   - drift_alert: raw=5.01 score=50.00
2026-08-02 01:06:14,456 [INFO] ANOMALY DETECTED: entity=user_engineer_9 score=50.00 conf=0.84
2026-08-02 01:06:14,456 [INFO]   - login_hour_rarity: raw=0.00 score=0.00
2026-08-02 01:06:14,456 [INFO]   - geolocation_rarity: raw=0.00 score=0.00
2026-08-02 01:06:14,456 [INFO]   - endpoint_set_rarity: raw=0.00 score=0.00
2026-08-02 01:06:14,456 [INFO]   - process_name_rarity: raw=0.00 score=0.00
2026-08-02 01:06:14,456 [INFO]   - command_line_embedding_similarity: raw=0.28 score=0.00
2026-08-02 01:06:14,456 [INFO]   - total_volume_delta: raw=3.58 score=0.00
2026-08-02 01:06:14,456 [INFO]   - drift_alert: raw=4.61 score=50.00
2026-08-02 01:06:15,045 [INFO] ANOMALY DETECTED: entity=user_hr_7 score=50.00 conf=0.87
2026-08-02 01:06:15,046 [INFO]   - login_hour_rarity: raw=0.00 score=0.00
2026-08-02 01:06:15,046 [INFO]   - geolocation_rarity: raw=0.00 score=0.00
2026-08-02 01:06:15,046 [INFO]   - endpoint_set_rarity: raw=0.00 score=0.00
2026-08-02 01:06:15,046 [INFO]   - process_name_rarity: raw=0.00 score=0.00
2026-08-02 01:06:15,046 [INFO]   - command_line_embedding_similarity: raw=0.30 score=0.00
2026-08-02 01:06:15,046 [INFO]   - total_volume_delta: raw=2.70 score=0.00
2026-08-02 01:06:15,046 [INFO]   - drift_alert: raw=9.74 score=50.00
2026-08-02 01:06:15,612 [INFO] ANOMALY DETECTED: entity=user_engineer_9 score=50.00 conf=0.84
2026-08-02 01:06:15,612 [INFO]   - login_hour_rarity: raw=0.00 score=0.00
2026-08-02 01:06:15,612 [INFO]   - geolocation_rarity: raw=0.00 score=0.00
2026-08-02 01:06:15,612 [INFO]   - endpoint_set_rarity: raw=0.00 score=0.00
2026-08-02 01:06:15,612 [INFO]   - process_name_rarity: raw=0.00 score=0.00
2026-08-02 01:06:15,612 [INFO]   - command_line_embedding_similarity: raw=0.28 score=0.00
2026-08-02 01:06:15,612 [INFO]   - total_volume_delta: raw=3.58 score=0.00
2026-08-02 01:06:15,612 [INFO]   - drift_alert: raw=4.61 score=50.00
2026-08-02 01:06:15,650 [INFO] ANOMALY DETECTED: entity=user_finance_10 score=50.04 conf=0.85
2026-08-02 01:06:15,650 [INFO]   - login_hour_rarity: raw=0.00 score=0.00
2026-08-02 01:06:15,650 [INFO]   - geolocation_rarity: raw=0.00 score=0.00
2026-08-02 01:06:15,650 [INFO]   - endpoint_set_rarity: raw=0.00 score=0.00
2026-08-02 01:06:15,650 [INFO]   - process_name_rarity: raw=0.03 score=0.04
2026-08-02 01:06:15,650 [INFO]   - command_line_embedding_similarity: raw=1.00 score=50.00
2026-08-02 01:06:15,650 [INFO]   - total_volume_delta: raw=3.22 score=0.00
2026-08-02 01:06:15,650 [INFO]   - drift_alert: raw=0.00 score=0.00
2026-08-02 01:06:17,347 [INFO] ANOMALY DETECTED: entity=user_engineer_9 score=50.00 conf=0.84
2026-08-02 01:06:17,348 [INFO]   - login_hour_rarity: raw=0.00 score=0.00
2026-08-02 01:06:17,348 [INFO]   - geolocation_rarity: raw=0.00 score=0.00
2026-08-02 01:06:17,348 [INFO]   - endpoint_set_rarity: raw=0.00 score=0.00
2026-08-02 01:06:17,348 [INFO]   - process_name_rarity: raw=0.00 score=0.00
2026-08-02 01:06:17,348 [INFO]   - command_line_embedding_similarity: raw=0.22 score=0.00
2026-08-02 01:06:17,348 [INFO]   - total_volume_delta: raw=3.58 score=0.00
2026-08-02 01:06:17,348 [INFO]   - drift_alert: raw=4.61 score=50.00
2026-08-02 01:06:17,387 [INFO] ANOMALY DETECTED: entity=user_finance_4 score=50.00 conf=0.82
2026-08-02 01:06:17,388 [INFO]   - login_hour_rarity: raw=0.00 score=0.00
2026-08-02 01:06:17,388 [INFO]   - geolocation_rarity: raw=0.00 score=0.00
2026-08-02 01:06:17,388 [INFO]   - endpoint_set_rarity: raw=0.00 score=0.00
2026-08-02 01:06:17,388 [INFO]   - process_name_rarity: raw=0.00 score=0.00
2026-08-02 01:06:17,388 [INFO]   - command_line_embedding_similarity: raw=0.25 score=0.00
2026-08-02 01:06:17,388 [INFO]   - total_volume_delta: raw=3.17 score=0.00
2026-08-02 01:06:17,388 [INFO]   - drift_alert: raw=2.85 score=50.00
2026-08-02 01:06:18,454 [INFO] ANOMALY DETECTED: entity=user_finance_2 score=47.93 conf=0.84
2026-08-02 01:06:18,454 [INFO]   - login_hour_rarity: raw=0.00 score=0.00
2026-08-02 01:06:18,454 [INFO]   - geolocation_rarity: raw=0.00 score=0.00
2026-08-02 01:06:18,454 [INFO]   - endpoint_set_rarity: raw=0.00 score=0.00
2026-08-02 01:06:18,454 [INFO]   - process_name_rarity: raw=0.00 score=0.00
2026-08-02 01:06:18,454 [INFO]   - command_line_embedding_similarity: raw=0.20 score=0.00
2026-08-02 01:06:18,454 [INFO]   - total_volume_delta: raw=3.39 score=0.00
2026-08-02 01:06:18,454 [INFO]   - drift_alert: raw=2.40 score=47.93
2026-08-02 01:06:19,164 [INFO] ANOMALY DETECTED: entity=user_engineer_9 score=50.00 conf=0.84
2026-08-02 01:06:19,164 [INFO]   - login_hour_rarity: raw=0.00 score=0.00
2026-08-02 01:06:19,164 [INFO]   - geolocation_rarity: raw=0.00 score=0.00
2026-08-02 01:06:19,164 [INFO]   - endpoint_set_rarity: raw=0.00 score=0.00
2026-08-02 01:06:19,164 [INFO]   - process_name_rarity: raw=0.00 score=0.00
2026-08-02 01:06:19,164 [INFO]   - command_line_embedding_similarity: raw=0.28 score=0.00
2026-08-02 01:06:19,164 [INFO]   - total_volume_delta: raw=3.58 score=0.00
2026-08-02 01:06:19,164 [INFO]   - drift_alert: raw=4.61 score=50.00
2026-08-02 01:06:21,292 [INFO] ANOMALY DETECTED: entity=user_finance_5 score=57.26 conf=0.82
2026-08-02 01:06:21,292 [INFO]   - login_hour_rarity: raw=0.00 score=0.00
2026-08-02 01:06:21,292 [INFO]   - geolocation_rarity: raw=0.00 score=0.00
2026-08-02 01:06:21,292 [INFO]   - endpoint_set_rarity: raw=0.00 score=0.00
2026-08-02 01:06:21,292 [INFO]   - process_name_rarity: raw=0.06 score=0.08
2026-08-02 01:06:21,292 [INFO]   - command_line_embedding_similarity: raw=1.00 score=50.00
2026-08-02 01:06:21,292 [INFO]   - total_volume_delta: raw=3.41 score=0.00
2026-08-02 01:06:21,292 [INFO]   - drift_alert: raw=0.36 score=7.18
2026-08-02 01:06:22,401 [INFO] ANOMALY DETECTED: entity=user_engineer_9 score=100.03 conf=0.84
2026-08-02 01:06:22,401 [INFO]   - login_hour_rarity: raw=0.00 score=0.00
2026-08-02 01:06:22,401 [INFO]   - geolocation_rarity: raw=0.00 score=0.00
2026-08-02 01:06:22,401 [INFO]   - endpoint_set_rarity: raw=0.00 score=0.00
2026-08-02 01:06:22,401 [INFO]   - process_name_rarity: raw=0.02 score=0.03
2026-08-02 01:06:22,401 [INFO]   - command_line_embedding_similarity: raw=1.00 score=50.00
2026-08-02 01:06:22,401 [INFO]   - total_volume_delta: raw=3.58 score=0.00
2026-08-02 01:06:22,401 [INFO]   - drift_alert: raw=4.61 score=50.00
2026-08-02 01:06:22,421 [INFO] ANOMALY DETECTED: entity=user_finance_3 score=54.95 conf=0.84
2026-08-02 01:06:22,421 [INFO]   - login_hour_rarity: raw=0.00 score=0.00
2026-08-02 01:06:22,421 [INFO]   - geolocation_rarity: raw=0.00 score=0.00
2026-08-02 01:06:22,421 [INFO]   - endpoint_set_rarity: raw=0.00 score=0.00
2026-08-02 01:06:22,421 [INFO]   - process_name_rarity: raw=0.06 score=0.08
2026-08-02 01:06:22,421 [INFO]   - command_line_embedding_similarity: raw=1.00 score=50.00
2026-08-02 01:06:22,421 [INFO]   - total_volume_delta: raw=3.32 score=0.00
2026-08-02 01:06:22,421 [INFO]   - drift_alert: raw=0.24 score=4.86
2026-08-02 01:06:23,003 [INFO] ANOMALY DETECTED: entity=user_finance_2 score=50.11 conf=0.84
2026-08-02 01:06:23,003 [INFO]   - login_hour_rarity: raw=0.00 score=0.00
2026-08-02 01:06:23,003 [INFO]   - geolocation_rarity: raw=0.00 score=0.00
2026-08-02 01:06:23,003 [INFO]   - endpoint_set_rarity: raw=0.00 score=0.00
2026-08-02 01:06:23,003 [INFO]   - process_name_rarity: raw=0.07 score=0.11
2026-08-02 01:06:23,003 [INFO]   - command_line_embedding_similarity: raw=1.00 score=50.00
2026-08-02 01:06:23,003 [INFO]   - total_volume_delta: raw=3.87 score=0.00
2026-08-02 01:06:23,003 [INFO]   - drift_alert: raw=0.00 score=0.00
2026-08-02 01:06:26,298 [INFO] ANOMALY DETECTED: entity=user_engineer_9 score=50.00 conf=0.84
2026-08-02 01:06:26,298 [INFO]   - login_hour_rarity: raw=0.00 score=0.00
2026-08-02 01:06:26,298 [INFO]   - geolocation_rarity: raw=0.00 score=0.00
2026-08-02 01:06:26,299 [INFO]   - endpoint_set_rarity: raw=0.00 score=0.00
2026-08-02 01:06:26,299 [INFO]   - process_name_rarity: raw=0.00 score=0.00
2026-08-02 01:06:26,299 [INFO]   - command_line_embedding_similarity: raw=0.22 score=0.00
2026-08-02 01:06:26,299 [INFO]   - total_volume_delta: raw=3.58 score=0.00
2026-08-02 01:06:26,299 [INFO]   - drift_alert: raw=4.61 score=50.00
2026-08-02 01:06:26,846 [INFO] ANOMALY DETECTED: entity=user_finance_12 score=65.08 conf=0.84
2026-08-02 01:06:26,846 [INFO]   - login_hour_rarity: raw=0.00 score=0.00
2026-08-02 01:06:26,846 [INFO]   - geolocation_rarity: raw=0.00 score=0.00
2026-08-02 01:06:26,846 [INFO]   - endpoint_set_rarity: raw=0.00 score=0.00
2026-08-02 01:06:26,846 [INFO]   - process_name_rarity: raw=0.03 score=0.04
2026-08-02 01:06:26,846 [INFO]   - command_line_embedding_similarity: raw=1.00 score=50.00
2026-08-02 01:06:26,846 [INFO]   - total_volume_delta: raw=2.37 score=0.00
2026-08-02 01:06:26,846 [INFO]   - drift_alert: raw=0.75 score=15.04
2026-08-02 01:06:27,988 [INFO] ANOMALY DETECTED: entity=user_engineer_3 score=76.59 conf=0.86
2026-08-02 01:06:27,988 [INFO]   - login_hour_rarity: raw=0.00 score=0.00
2026-08-02 01:06:27,988 [INFO]   - geolocation_rarity: raw=0.00 score=0.00
2026-08-02 01:06:27,988 [INFO]   - endpoint_set_rarity: raw=0.00 score=0.00
2026-08-02 01:06:27,988 [INFO]   - process_name_rarity: raw=0.04 score=0.05
2026-08-02 01:06:27,988 [INFO]   - command_line_embedding_similarity: raw=1.00 score=50.00
2026-08-02 01:06:27,988 [INFO]   - total_volume_delta: raw=3.50 score=0.00
2026-08-02 01:06:27,988 [INFO]   - drift_alert: raw=1.33 score=26.53
2026-08-02 01:06:28,009 [INFO] ANOMALY DETECTED: entity=user_engineer_9 score=50.00 conf=0.84
2026-08-02 01:06:28,010 [INFO]   - login_hour_rarity: raw=0.00 score=0.00
2026-08-02 01:06:28,010 [INFO]   - geolocation_rarity: raw=0.00 score=0.00
2026-08-02 01:06:28,010 [INFO]   - endpoint_set_rarity: raw=0.00 score=0.00
2026-08-02 01:06:28,010 [INFO]   - process_name_rarity: raw=0.00 score=0.00
2026-08-02 01:06:28,010 [INFO]   - command_line_embedding_similarity: raw=0.29 score=0.00
2026-08-02 01:06:28,010 [INFO]   - total_volume_delta: raw=3.78 score=0.00
2026-08-02 01:06:28,010 [INFO]   - drift_alert: raw=3.57 score=50.00
2026-08-02 01:06:28,615 [INFO] ANOMALY DETECTED: entity=user_engineer_14 score=48.57 conf=0.80
2026-08-02 01:06:28,615 [INFO]   - login_hour_rarity: raw=0.00 score=0.00
2026-08-02 01:06:28,615 [INFO]   - geolocation_rarity: raw=0.00 score=0.00
2026-08-02 01:06:28,615 [INFO]   - endpoint_set_rarity: raw=0.00 score=0.00
2026-08-02 01:06:28,616 [INFO]   - process_name_rarity: raw=0.00 score=0.00
2026-08-02 01:06:28,616 [INFO]   - command_line_embedding_similarity: raw=0.21 score=0.00
2026-08-02 01:06:28,616 [INFO]   - total_volume_delta: raw=4.03 score=0.00
2026-08-02 01:06:28,616 [INFO]   - drift_alert: raw=2.43 score=48.57
2026-08-02 01:06:28,650 [INFO] ANOMALY DETECTED: entity=user_hr_13 score=50.06 conf=0.86
2026-08-02 01:06:28,650 [INFO]   - login_hour_rarity: raw=0.00 score=0.00
2026-08-02 01:06:28,650 [INFO]   - geolocation_rarity: raw=0.00 score=0.00
2026-08-02 01:06:28,650 [INFO]   - endpoint_set_rarity: raw=0.00 score=0.00
2026-08-02 01:06:28,650 [INFO]   - process_name_rarity: raw=0.04 score=0.06
2026-08-02 01:06:28,650 [INFO]   - command_line_embedding_similarity: raw=1.00 score=50.00
2026-08-02 01:06:28,650 [INFO]   - total_volume_delta: raw=2.65 score=0.00
2026-08-02 01:06:28,650 [INFO]   - drift_alert: raw=0.00 score=0.00
2026-08-02 01:06:29,958 [INFO] ANOMALY DETECTED: entity=user_engineer_14 score=48.57 conf=0.80
2026-08-02 01:06:29,958 [INFO]   - login_hour_rarity: raw=0.00 score=0.00
2026-08-02 01:06:29,958 [INFO]   - geolocation_rarity: raw=0.00 score=0.00
2026-08-02 01:06:29,958 [INFO]   - endpoint_set_rarity: raw=0.00 score=0.00
2026-08-02 01:06:29,958 [INFO]   - process_name_rarity: raw=0.00 score=0.00
2026-08-02 01:06:29,958 [INFO]   - command_line_embedding_similarity: raw=0.23 score=0.00
2026-08-02 01:06:29,958 [INFO]   - total_volume_delta: raw=4.03 score=0.00
2026-08-02 01:06:29,958 [INFO]   - drift_alert: raw=2.43 score=48.57
2026-08-02 01:06:31,088 [INFO] ANOMALY DETECTED: entity=user_engineer_14 score=48.57 conf=0.80
2026-08-02 01:06:31,088 [INFO]   - login_hour_rarity: raw=0.00 score=0.00
2026-08-02 01:06:31,088 [INFO]   - geolocation_rarity: raw=0.00 score=0.00
2026-08-02 01:06:31,088 [INFO]   - endpoint_set_rarity: raw=0.00 score=0.00
2026-08-02 01:06:31,088 [INFO]   - process_name_rarity: raw=0.00 score=0.00
2026-08-02 01:06:31,088 [INFO]   - command_line_embedding_similarity: raw=0.23 score=0.00
2026-08-02 01:06:31,088 [INFO]   - total_volume_delta: raw=4.03 score=0.00
2026-08-02 01:06:31,088 [INFO]   - drift_alert: raw=2.43 score=48.57
2026-08-02 01:06:31,712 [INFO] ANOMALY DETECTED: entity=user_hr_1 score=96.54 conf=0.84
2026-08-02 01:06:31,712 [INFO]   - login_hour_rarity: raw=0.00 score=0.00
2026-08-02 01:06:31,712 [INFO]   - geolocation_rarity: raw=0.00 score=0.00
2026-08-02 01:06:31,712 [INFO]   - endpoint_set_rarity: raw=0.00 score=0.00
2026-08-02 01:06:31,712 [INFO]   - process_name_rarity: raw=0.02 score=0.02
2026-08-02 01:06:31,712 [INFO]   - command_line_embedding_similarity: raw=1.00 score=50.00
2026-08-02 01:06:31,712 [INFO]   - total_volume_delta: raw=3.35 score=0.00
2026-08-02 01:06:31,712 [INFO]   - drift_alert: raw=2.33 score=46.52
2026-08-02 01:06:35,761 [INFO] ANOMALY DETECTED: entity=user_hr_10 score=51.71 conf=0.86
2026-08-02 01:06:35,762 [INFO]   - login_hour_rarity: raw=0.00 score=0.00
2026-08-02 01:06:35,762 [INFO]   - geolocation_rarity: raw=0.00 score=0.00
2026-08-02 01:06:35,762 [INFO]   - endpoint_set_rarity: raw=0.00 score=0.00
2026-08-02 01:06:35,762 [INFO]   - process_name_rarity: raw=0.04 score=0.06
2026-08-02 01:06:35,762 [INFO]   - command_line_embedding_similarity: raw=1.00 score=50.00
2026-08-02 01:06:35,762 [INFO]   - total_volume_delta: raw=2.77 score=0.00
2026-08-02 01:06:35,762 [INFO]   - drift_alert: raw=0.08 score=1.65
2026-08-02 01:06:37,801 [INFO] ANOMALY DETECTED: entity=user_hr_1 score=46.52 conf=0.84
2026-08-02 01:06:37,801 [INFO]   - login_hour_rarity: raw=0.00 score=0.00
2026-08-02 01:06:37,802 [INFO]   - geolocation_rarity: raw=0.00 score=0.00
2026-08-02 01:06:37,802 [INFO]   - endpoint_set_rarity: raw=0.00 score=0.00
2026-08-02 01:06:37,802 [INFO]   - process_name_rarity: raw=0.00 score=0.00
2026-08-02 01:06:37,802 [INFO]   - command_line_embedding_similarity: raw=0.20 score=0.00
2026-08-02 01:06:37,802 [INFO]   - total_volume_delta: raw=3.35 score=0.00
2026-08-02 01:06:37,802 [INFO]   - drift_alert: raw=2.33 score=46.52
2026-08-02 01:06:38,372 [INFO] ANOMALY DETECTED: entity=user_finance_8 score=50.05 conf=0.86
2026-08-02 01:06:38,372 [INFO]   - login_hour_rarity: raw=0.00 score=0.00
2026-08-02 01:06:38,373 [INFO]   - geolocation_rarity: raw=0.00 score=0.00
2026-08-02 01:06:38,373 [INFO]   - endpoint_set_rarity: raw=0.00 score=0.00
2026-08-02 01:06:38,373 [INFO]   - process_name_rarity: raw=0.03 score=0.05
2026-08-02 01:06:38,373 [INFO]   - command_line_embedding_similarity: raw=1.00 score=50.00
2026-08-02 01:06:38,373 [INFO]   - total_volume_delta: raw=3.52 score=0.00
2026-08-02 01:06:38,373 [INFO]   - drift_alert: raw=0.00 score=0.00
2026-08-02 01:06:38,897 [INFO] ANOMALY DETECTED: entity=user_engineer_7 score=50.00 conf=0.82
2026-08-02 01:06:38,898 [INFO]   - login_hour_rarity: raw=0.00 score=0.00
2026-08-02 01:06:38,898 [INFO]   - geolocation_rarity: raw=0.00 score=0.00
2026-08-02 01:06:38,898 [INFO]   - endpoint_set_rarity: raw=0.00 score=0.00
2026-08-02 01:06:38,898 [INFO]   - process_name_rarity: raw=0.00 score=0.00
2026-08-02 01:06:38,898 [INFO]   - command_line_embedding_similarity: raw=0.18 score=0.00
2026-08-02 01:06:38,898 [INFO]   - total_volume_delta: raw=2.12 score=0.00
2026-08-02 01:06:38,898 [INFO]   - drift_alert: raw=5.53 score=50.00
2026-08-02 01:06:38,915 [INFO] ANOMALY DETECTED: entity=user_finance_4 score=100.03 conf=0.82
2026-08-02 01:06:38,915 [INFO]   - login_hour_rarity: raw=0.00 score=0.00
2026-08-02 01:06:38,915 [INFO]   - geolocation_rarity: raw=0.00 score=0.00
2026-08-02 01:06:38,915 [INFO]   - endpoint_set_rarity: raw=0.00 score=0.00
2026-08-02 01:06:38,915 [INFO]   - process_name_rarity: raw=0.02 score=0.03
2026-08-02 01:06:38,915 [INFO]   - command_line_embedding_similarity: raw=1.00 score=50.00
2026-08-02 01:06:38,915 [INFO]   - total_volume_delta: raw=3.17 score=0.00
2026-08-02 01:06:38,915 [INFO]   - drift_alert: raw=2.85 score=50.00
2026-08-02 01:06:41,307 [INFO] ANOMALY DETECTED: entity=user_hr_3 score=50.04 conf=0.83
2026-08-02 01:06:41,307 [INFO]   - login_hour_rarity: raw=0.00 score=0.00
2026-08-02 01:06:41,307 [INFO]   - geolocation_rarity: raw=0.00 score=0.00
2026-08-02 01:06:41,307 [INFO]   - endpoint_set_rarity: raw=0.00 score=0.00
2026-08-02 01:06:41,307 [INFO]   - process_name_rarity: raw=0.03 score=0.04
2026-08-02 01:06:41,307 [INFO]   - command_line_embedding_similarity: raw=1.00 score=50.00
2026-08-02 01:06:41,307 [INFO]   - total_volume_delta: raw=3.51 score=0.00
2026-08-02 01:06:41,307 [INFO]   - drift_alert: raw=0.00 score=0.00
2026-08-02 01:06:41,345 [INFO] ANOMALY DETECTED: entity=user_finance_13 score=50.04 conf=0.84
2026-08-02 01:06:41,345 [INFO]   - login_hour_rarity: raw=0.00 score=0.00
2026-08-02 01:06:41,345 [INFO]   - geolocation_rarity: raw=0.00 score=0.00
2026-08-02 01:06:41,345 [INFO]   - endpoint_set_rarity: raw=0.00 score=0.00
2026-08-02 01:06:41,345 [INFO]   - process_name_rarity: raw=0.03 score=0.04
2026-08-02 01:06:41,345 [INFO]   - command_line_embedding_similarity: raw=1.00 score=50.00
2026-08-02 01:06:41,345 [INFO]   - total_volume_delta: raw=2.35 score=0.00
2026-08-02 01:06:41,345 [INFO]   - drift_alert: raw=0.00 score=0.00
2026-08-02 01:06:44,029 [INFO] ANOMALY DETECTED: entity=user_finance_4 score=50.00 conf=0.82
2026-08-02 01:06:44,030 [INFO]   - login_hour_rarity: raw=0.00 score=0.00
2026-08-02 01:06:44,030 [INFO]   - geolocation_rarity: raw=0.00 score=0.00
2026-08-02 01:06:44,030 [INFO]   - endpoint_set_rarity: raw=0.00 score=0.00
2026-08-02 01:06:44,030 [INFO]   - process_name_rarity: raw=0.00 score=0.00
2026-08-02 01:06:44,030 [INFO]   - command_line_embedding_similarity: raw=0.25 score=0.00
2026-08-02 01:06:44,030 [INFO]   - total_volume_delta: raw=3.17 score=0.00
2026-08-02 01:06:44,030 [INFO]   - drift_alert: raw=2.85 score=50.00
2026-08-02 01:06:44,592 [INFO] ANOMALY DETECTED: entity=user_engineer_14 score=48.57 conf=0.80
2026-08-02 01:06:44,592 [INFO]   - login_hour_rarity: raw=0.00 score=0.00
2026-08-02 01:06:44,592 [INFO]   - geolocation_rarity: raw=0.00 score=0.00
2026-08-02 01:06:44,592 [INFO]   - endpoint_set_rarity: raw=0.00 score=0.00
2026-08-02 01:06:44,592 [INFO]   - process_name_rarity: raw=0.00 score=0.00
2026-08-02 01:06:44,592 [INFO]   - command_line_embedding_similarity: raw=0.34 score=0.00
2026-08-02 01:06:44,592 [INFO]   - total_volume_delta: raw=4.03 score=0.00
2026-08-02 01:06:44,592 [INFO]   - drift_alert: raw=2.43 score=48.57
2026-08-02 01:06:44,632 [INFO] ANOMALY DETECTED: entity=user_finance_1 score=50.05 conf=0.86
2026-08-02 01:06:44,632 [INFO]   - login_hour_rarity: raw=0.00 score=0.00
2026-08-02 01:06:44,633 [INFO]   - geolocation_rarity: raw=0.00 score=0.00
2026-08-02 01:06:44,633 [INFO]   - endpoint_set_rarity: raw=0.00 score=0.00
2026-08-02 01:06:44,633 [INFO]   - process_name_rarity: raw=0.03 score=0.05
2026-08-02 01:06:44,633 [INFO]   - command_line_embedding_similarity: raw=1.00 score=50.00
2026-08-02 01:06:44,633 [INFO]   - total_volume_delta: raw=3.28 score=0.00
2026-08-02 01:06:44,633 [INFO]   - drift_alert: raw=0.00 score=0.00
2026-08-02 01:06:49,252 [INFO] ANOMALY DETECTED: entity=user_finance_6 score=50.06 conf=0.87
2026-08-02 01:06:49,253 [INFO]   - login_hour_rarity: raw=0.00 score=0.00
2026-08-02 01:06:49,253 [INFO]   - geolocation_rarity: raw=0.00 score=0.00
2026-08-02 01:06:49,253 [INFO]   - endpoint_set_rarity: raw=0.00 score=0.00
2026-08-02 01:06:49,253 [INFO]   - process_name_rarity: raw=0.04 score=0.06
2026-08-02 01:06:49,253 [INFO]   - command_line_embedding_similarity: raw=1.00 score=50.00
2026-08-02 01:06:49,253 [INFO]   - total_volume_delta: raw=2.51 score=0.00
2026-08-02 01:06:49,253 [INFO]   - drift_alert: raw=0.00 score=0.00
2026-08-02 01:06:50,991 [INFO] ANOMALY DETECTED: entity=user_engineer_6 score=50.05 conf=0.85
2026-08-02 01:06:50,991 [INFO]   - login_hour_rarity: raw=0.00 score=0.00
2026-08-02 01:06:50,991 [INFO]   - geolocation_rarity: raw=0.00 score=0.00
2026-08-02 01:06:50,991 [INFO]   - endpoint_set_rarity: raw=0.00 score=0.00
2026-08-02 01:06:50,991 [INFO]   - process_name_rarity: raw=0.03 score=0.05
2026-08-02 01:06:50,991 [INFO]   - command_line_embedding_similarity: raw=1.00 score=50.00
2026-08-02 01:06:50,991 [INFO]   - total_volume_delta: raw=3.46 score=0.00
2026-08-02 01:06:50,991 [INFO]   - drift_alert: raw=0.00 score=0.00
2026-08-02 01:06:52,138 [INFO] ANOMALY DETECTED: entity=user_engineer_14 score=48.57 conf=0.80
2026-08-02 01:06:52,138 [INFO]   - login_hour_rarity: raw=0.00 score=0.00
2026-08-02 01:06:52,138 [INFO]   - geolocation_rarity: raw=0.00 score=0.00
2026-08-02 01:06:52,138 [INFO]   - endpoint_set_rarity: raw=0.00 score=0.00
2026-08-02 01:06:52,138 [INFO]   - process_name_rarity: raw=0.00 score=0.00
2026-08-02 01:06:52,138 [INFO]   - command_line_embedding_similarity: raw=0.29 score=0.00
2026-08-02 01:06:52,138 [INFO]   - total_volume_delta: raw=4.03 score=0.00
2026-08-02 01:06:52,138 [INFO]   - drift_alert: raw=2.43 score=48.57
2026-08-02 01:06:54,211 [INFO] ANOMALY DETECTED: entity=user_hr_1 score=50.00 conf=0.84
2026-08-02 01:06:54,211 [INFO]   - login_hour_rarity: raw=0.00 score=0.00
2026-08-02 01:06:54,212 [INFO]   - geolocation_rarity: raw=0.00 score=0.00
2026-08-02 01:06:54,212 [INFO]   - endpoint_set_rarity: raw=0.00 score=0.00
2026-08-02 01:06:54,212 [INFO]   - process_name_rarity: raw=0.00 score=0.00
2026-08-02 01:06:54,212 [INFO]   - command_line_embedding_similarity: raw=0.22 score=0.00
2026-08-02 01:06:54,212 [INFO]   - total_volume_delta: raw=3.70 score=0.00
2026-08-02 01:06:54,212 [INFO]   - drift_alert: raw=5.40 score=50.00
2026-08-02 01:06:54,228 [WARNING] point_baseline_shadow_fallback entity_id=svc_backup_3 as_of=2026-01-05 17:49:00 active_shadow_count=0
2026-08-02 01:06:54,229 [INFO] ANOMALY DETECTED: entity=svc_backup_3 score=50.00 conf=0.83
2026-08-02 01:06:54,229 [INFO]   - login_hour_rarity: raw=0.00 score=0.00
2026-08-02 01:06:54,229 [INFO]   - geolocation_rarity: raw=0.00 score=0.00
2026-08-02 01:06:54,229 [INFO]   - endpoint_set_rarity: raw=0.00 score=0.00
2026-08-02 01:06:54,229 [INFO]   - process_name_rarity: raw=0.00 score=0.00
2026-08-02 01:06:54,229 [INFO]   - command_line_embedding_similarity: raw=0.00 score=0.00
2026-08-02 01:06:54,229 [INFO]   - total_volume_delta: raw=3.63 score=0.00
2026-08-02 01:06:54,230 [INFO]   - drift_alert: raw=2.66 score=50.00
2026-08-02 01:06:54,230 [INFO]   - service_account_execution_frequency_deviation: raw=0.00 score=0.00
2026-08-02 01:06:55,245 [INFO] ANOMALY DETECTED: entity=user_engineer_7 score=50.00 conf=0.82
2026-08-02 01:06:55,245 [INFO]   - login_hour_rarity: raw=0.00 score=0.00
2026-08-02 01:06:55,245 [INFO]   - geolocation_rarity: raw=0.00 score=0.00
2026-08-02 01:06:55,245 [INFO]   - endpoint_set_rarity: raw=0.00 score=0.00
2026-08-02 01:06:55,245 [INFO]   - process_name_rarity: raw=0.00 score=0.00
2026-08-02 01:06:55,245 [INFO]   - command_line_embedding_similarity: raw=0.23 score=0.00
2026-08-02 01:06:55,245 [INFO]   - total_volume_delta: raw=2.47 score=0.00
2026-08-02 01:06:55,245 [INFO]   - drift_alert: raw=9.06 score=50.00
2026-08-02 01:06:55,878 [INFO] ANOMALY DETECTED: entity=user_finance_4 score=50.00 conf=0.82
2026-08-02 01:06:55,878 [INFO]   - login_hour_rarity: raw=0.00 score=0.00
2026-08-02 01:06:55,878 [INFO]   - geolocation_rarity: raw=0.00 score=0.00
2026-08-02 01:06:55,878 [INFO]   - endpoint_set_rarity: raw=0.00 score=0.00
2026-08-02 01:06:55,878 [INFO]   - process_name_rarity: raw=0.00 score=0.00
2026-08-02 01:06:55,878 [INFO]   - command_line_embedding_similarity: raw=0.19 score=0.00
2026-08-02 01:06:55,878 [INFO]   - total_volume_delta: raw=3.17 score=0.00
2026-08-02 01:06:55,878 [INFO]   - drift_alert: raw=2.85 score=50.00
2026-08-02 01:06:57,907 [INFO] ANOMALY DETECTED: entity=user_finance_4 score=50.00 conf=0.82
2026-08-02 01:06:57,908 [INFO]   - login_hour_rarity: raw=0.00 score=0.00
2026-08-02 01:06:57,908 [INFO]   - geolocation_rarity: raw=0.00 score=0.00
2026-08-02 01:06:57,908 [INFO]   - endpoint_set_rarity: raw=0.00 score=0.00
2026-08-02 01:06:57,908 [INFO]   - process_name_rarity: raw=0.00 score=0.00
2026-08-02 01:06:57,908 [INFO]   - command_line_embedding_similarity: raw=0.30 score=0.00
2026-08-02 01:06:57,908 [INFO]   - total_volume_delta: raw=3.17 score=0.00
2026-08-02 01:06:57,908 [INFO]   - drift_alert: raw=2.85 score=50.00
2026-08-02 01:06:58,412 [INFO] ANOMALY DETECTED: entity=user_hr_10 score=51.71 conf=0.86
2026-08-02 01:06:58,412 [INFO]   - login_hour_rarity: raw=0.00 score=0.00
2026-08-02 01:06:58,412 [INFO]   - geolocation_rarity: raw=0.00 score=0.00
2026-08-02 01:06:58,412 [INFO]   - endpoint_set_rarity: raw=0.00 score=0.00
2026-08-02 01:06:58,412 [INFO]   - process_name_rarity: raw=0.04 score=0.06
2026-08-02 01:06:58,412 [INFO]   - command_line_embedding_similarity: raw=1.00 score=50.00
2026-08-02 01:06:58,412 [INFO]   - total_volume_delta: raw=2.77 score=0.00
2026-08-02 01:06:58,412 [INFO]   - drift_alert: raw=0.08 score=1.65
2026-08-02 01:06:59,936 [INFO] ANOMALY DETECTED: entity=user_engineer_6 score=50.05 conf=0.85
2026-08-02 01:06:59,936 [INFO]   - login_hour_rarity: raw=0.00 score=0.00
2026-08-02 01:06:59,937 [INFO]   - geolocation_rarity: raw=0.00 score=0.00
2026-08-02 01:06:59,937 [INFO]   - endpoint_set_rarity: raw=0.00 score=0.00
2026-08-02 01:06:59,937 [INFO]   - process_name_rarity: raw=0.03 score=0.05
2026-08-02 01:06:59,937 [INFO]   - command_line_embedding_similarity: raw=1.00 score=50.00
2026-08-02 01:06:59,937 [INFO]   - total_volume_delta: raw=3.46 score=0.00
2026-08-02 01:06:59,937 [INFO]   - drift_alert: raw=0.00 score=0.00
2026-08-02 01:07:06,392 [INFO] ANOMALY DETECTED: entity=user_finance_4 score=100.03 conf=0.82
2026-08-02 01:07:06,392 [INFO]   - login_hour_rarity: raw=0.00 score=0.00
2026-08-02 01:07:06,392 [INFO]   - geolocation_rarity: raw=0.00 score=0.00
2026-08-02 01:07:06,392 [INFO]   - endpoint_set_rarity: raw=0.00 score=0.00
2026-08-02 01:07:06,393 [INFO]   - process_name_rarity: raw=0.02 score=0.03
2026-08-02 01:07:06,393 [INFO]   - command_line_embedding_similarity: raw=1.00 score=50.00
2026-08-02 01:07:06,393 [INFO]   - total_volume_delta: raw=3.17 score=0.00
2026-08-02 01:07:06,393 [INFO]   - drift_alert: raw=2.85 score=50.00
2026-08-02 01:07:06,915 [INFO] ANOMALY DETECTED: entity=user_finance_4 score=50.00 conf=0.82
2026-08-02 01:07:06,915 [INFO]   - login_hour_rarity: raw=0.00 score=0.00
2026-08-02 01:07:06,915 [INFO]   - geolocation_rarity: raw=0.00 score=0.00
2026-08-02 01:07:06,915 [INFO]   - endpoint_set_rarity: raw=0.00 score=0.00
2026-08-02 01:07:06,915 [INFO]   - process_name_rarity: raw=0.00 score=0.00
2026-08-02 01:07:06,915 [INFO]   - command_line_embedding_similarity: raw=0.26 score=0.00
2026-08-02 01:07:06,915 [INFO]   - total_volume_delta: raw=3.17 score=0.00
2026-08-02 01:07:06,915 [INFO]   - drift_alert: raw=2.85 score=50.00
2026-08-02 01:07:08,890 [INFO] ANOMALY DETECTED: entity=user_finance_9 score=50.05 conf=0.85
2026-08-02 01:07:08,891 [INFO]   - login_hour_rarity: raw=0.00 score=0.00
2026-08-02 01:07:08,891 [INFO]   - geolocation_rarity: raw=0.00 score=0.00
2026-08-02 01:07:08,891 [INFO]   - endpoint_set_rarity: raw=0.00 score=0.00
2026-08-02 01:07:08,891 [INFO]   - process_name_rarity: raw=0.04 score=0.05
2026-08-02 01:07:08,891 [INFO]   - command_line_embedding_similarity: raw=1.00 score=50.00
2026-08-02 01:07:08,891 [INFO]   - total_volume_delta: raw=3.48 score=0.00
2026-08-02 01:07:08,891 [INFO]   - drift_alert: raw=0.00 score=0.00
2026-08-02 01:07:11,582 [INFO] ANOMALY DETECTED: entity=user_engineer_14 score=48.57 conf=0.80
2026-08-02 01:07:11,583 [INFO]   - login_hour_rarity: raw=0.00 score=0.00
2026-08-02 01:07:11,583 [INFO]   - geolocation_rarity: raw=0.00 score=0.00
2026-08-02 01:07:11,583 [INFO]   - endpoint_set_rarity: raw=0.00 score=0.00
2026-08-02 01:07:11,583 [INFO]   - process_name_rarity: raw=0.00 score=0.00
2026-08-02 01:07:11,583 [INFO]   - command_line_embedding_similarity: raw=0.23 score=0.00
2026-08-02 01:07:11,583 [INFO]   - total_volume_delta: raw=4.03 score=0.00
2026-08-02 01:07:11,583 [INFO]   - drift_alert: raw=2.43 score=48.57
2026-08-02 01:07:12,118 [INFO] ANOMALY DETECTED: entity=user_engineer_14 score=98.59 conf=0.80
2026-08-02 01:07:12,118 [INFO]   - login_hour_rarity: raw=0.00 score=0.00
2026-08-02 01:07:12,118 [INFO]   - geolocation_rarity: raw=0.00 score=0.00
2026-08-02 01:07:12,118 [INFO]   - endpoint_set_rarity: raw=0.00 score=0.00
2026-08-02 01:07:12,118 [INFO]   - process_name_rarity: raw=0.01 score=0.02
2026-08-02 01:07:12,118 [INFO]   - command_line_embedding_similarity: raw=1.00 score=50.00
2026-08-02 01:07:12,118 [INFO]   - total_volume_delta: raw=4.03 score=0.00
2026-08-02 01:07:12,118 [INFO]   - drift_alert: raw=2.43 score=48.57
2026-08-02 01:07:14,133 [INFO] ANOMALY DETECTED: entity=user_finance_4 score=100.03 conf=0.82
2026-08-02 01:07:14,133 [INFO]   - login_hour_rarity: raw=0.00 score=0.00
2026-08-02 01:07:14,133 [INFO]   - geolocation_rarity: raw=0.00 score=0.00
2026-08-02 01:07:14,133 [INFO]   - endpoint_set_rarity: raw=0.00 score=0.00
2026-08-02 01:07:14,133 [INFO]   - process_name_rarity: raw=0.02 score=0.03
2026-08-02 01:07:14,133 [INFO]   - command_line_embedding_similarity: raw=1.00 score=50.00
2026-08-02 01:07:14,133 [INFO]   - total_volume_delta: raw=3.17 score=0.00
2026-08-02 01:07:14,133 [INFO]   - drift_alert: raw=2.85 score=50.00
2026-08-02 01:07:18,119 [INFO] ANOMALY DETECTED: entity=user_engineer_14 score=48.57 conf=0.80
2026-08-02 01:07:18,119 [INFO]   - login_hour_rarity: raw=0.00 score=0.00
2026-08-02 01:07:18,119 [INFO]   - geolocation_rarity: raw=0.00 score=0.00
2026-08-02 01:07:18,119 [INFO]   - endpoint_set_rarity: raw=0.00 score=0.00
2026-08-02 01:07:18,119 [INFO]   - process_name_rarity: raw=0.00 score=0.00
2026-08-02 01:07:18,119 [INFO]   - command_line_embedding_similarity: raw=0.44 score=0.00
2026-08-02 01:07:18,119 [INFO]   - total_volume_delta: raw=4.03 score=0.00
2026-08-02 01:07:18,119 [INFO]   - drift_alert: raw=2.43 score=48.57
2026-08-02 01:07:20,683 [INFO] ANOMALY DETECTED: entity=user_finance_9 score=50.05 conf=0.85
2026-08-02 01:07:20,683 [INFO]   - login_hour_rarity: raw=0.00 score=0.00
2026-08-02 01:07:20,683 [INFO]   - geolocation_rarity: raw=0.00 score=0.00
2026-08-02 01:07:20,683 [INFO]   - endpoint_set_rarity: raw=0.00 score=0.00
2026-08-02 01:07:20,683 [INFO]   - process_name_rarity: raw=0.04 score=0.05
2026-08-02 01:07:20,683 [INFO]   - command_line_embedding_similarity: raw=1.00 score=50.00
2026-08-02 01:07:20,683 [INFO]   - total_volume_delta: raw=3.48 score=0.00
2026-08-02 01:07:20,684 [INFO]   - drift_alert: raw=0.00 score=0.00
2026-08-02 01:07:24,402 [INFO] ANOMALY DETECTED: entity=user_engineer_6 score=50.05 conf=0.85
2026-08-02 01:07:24,402 [INFO]   - login_hour_rarity: raw=0.00 score=0.00
2026-08-02 01:07:24,402 [INFO]   - geolocation_rarity: raw=0.00 score=0.00
2026-08-02 01:07:24,402 [INFO]   - endpoint_set_rarity: raw=0.00 score=0.00
2026-08-02 01:07:24,402 [INFO]   - process_name_rarity: raw=0.03 score=0.05
2026-08-02 01:07:24,403 [INFO]   - command_line_embedding_similarity: raw=1.00 score=50.00
2026-08-02 01:07:24,403 [INFO]   - total_volume_delta: raw=3.46 score=0.00
2026-08-02 01:07:24,403 [INFO]   - drift_alert: raw=0.00 score=0.00
2026-08-02 01:07:27,770 [INFO] ANOMALY DETECTED: entity=user_finance_1 score=50.09 conf=0.86
2026-08-02 01:07:27,770 [INFO]   - login_hour_rarity: raw=0.00 score=0.00
2026-08-02 01:07:27,770 [INFO]   - geolocation_rarity: raw=0.00 score=0.00
2026-08-02 01:07:27,770 [INFO]   - endpoint_set_rarity: raw=0.00 score=0.00
2026-08-02 01:07:27,770 [INFO]   - process_name_rarity: raw=0.06 score=0.09
2026-08-02 01:07:27,770 [INFO]   - command_line_embedding_similarity: raw=1.00 score=50.00
2026-08-02 01:07:27,770 [INFO]   - total_volume_delta: raw=3.35 score=0.00
2026-08-02 01:07:27,770 [INFO]   - drift_alert: raw=0.00 score=0.00
2026-08-02 01:07:28,282 [INFO] ANOMALY DETECTED: entity=user_finance_4 score=50.00 conf=0.82
2026-08-02 01:07:28,282 [INFO]   - login_hour_rarity: raw=0.00 score=0.00
2026-08-02 01:07:28,282 [INFO]   - geolocation_rarity: raw=0.00 score=0.00
2026-08-02 01:07:28,282 [INFO]   - endpoint_set_rarity: raw=0.00 score=0.00
2026-08-02 01:07:28,282 [INFO]   - process_name_rarity: raw=0.00 score=0.00
2026-08-02 01:07:28,282 [INFO]   - command_line_embedding_similarity: raw=0.35 score=0.00
2026-08-02 01:07:28,283 [INFO]   - total_volume_delta: raw=3.17 score=0.00
2026-08-02 01:07:28,283 [INFO]   - drift_alert: raw=2.85 score=50.00
2026-08-02 01:07:29,336 [INFO] ANOMALY DETECTED: entity=user_hr_10 score=51.71 conf=0.86
2026-08-02 01:07:29,336 [INFO]   - login_hour_rarity: raw=0.00 score=0.00
2026-08-02 01:07:29,336 [INFO]   - geolocation_rarity: raw=0.00 score=0.00
2026-08-02 01:07:29,336 [INFO]   - endpoint_set_rarity: raw=0.00 score=0.00
2026-08-02 01:07:29,336 [INFO]   - process_name_rarity: raw=0.04 score=0.06
2026-08-02 01:07:29,336 [INFO]   - command_line_embedding_similarity: raw=1.00 score=50.00
2026-08-02 01:07:29,336 [INFO]   - total_volume_delta: raw=2.77 score=0.00
2026-08-02 01:07:29,336 [INFO]   - drift_alert: raw=0.08 score=1.65
2026-08-02 01:07:29,839 [INFO] ANOMALY DETECTED: entity=user_finance_4 score=100.03 conf=0.82
2026-08-02 01:07:29,839 [INFO]   - login_hour_rarity: raw=0.00 score=0.00
2026-08-02 01:07:29,839 [INFO]   - geolocation_rarity: raw=0.00 score=0.00
2026-08-02 01:07:29,839 [INFO]   - endpoint_set_rarity: raw=0.00 score=0.00
2026-08-02 01:07:29,839 [INFO]   - process_name_rarity: raw=0.02 score=0.03
2026-08-02 01:07:29,839 [INFO]   - command_line_embedding_similarity: raw=1.00 score=50.00
2026-08-02 01:07:29,840 [INFO]   - total_volume_delta: raw=3.17 score=0.00
2026-08-02 01:07:29,840 [INFO]   - drift_alert: raw=2.85 score=50.00
2026-08-02 01:07:32,587 [INFO] ANOMALY DETECTED: entity=user_engineer_6 score=50.00 conf=0.85
2026-08-02 01:07:32,587 [INFO]   - login_hour_rarity: raw=0.00 score=0.00
2026-08-02 01:07:32,587 [INFO]   - geolocation_rarity: raw=0.00 score=0.00
2026-08-02 01:07:32,587 [INFO]   - endpoint_set_rarity: raw=0.00 score=0.00
2026-08-02 01:07:32,587 [INFO]   - process_name_rarity: raw=0.00 score=0.00
2026-08-02 01:07:32,587 [INFO]   - command_line_embedding_similarity: raw=0.24 score=0.00
2026-08-02 01:07:32,587 [INFO]   - total_volume_delta: raw=3.10 score=0.00
2026-08-02 01:07:32,587 [INFO]   - drift_alert: raw=2.72 score=50.00
2026-08-02 01:07:33,684 [INFO] ANOMALY DETECTED: entity=user_finance_9 score=100.10 conf=0.85
2026-08-02 01:07:33,684 [INFO]   - login_hour_rarity: raw=0.00 score=0.00
2026-08-02 01:07:33,684 [INFO]   - geolocation_rarity: raw=0.00 score=0.00
2026-08-02 01:07:33,684 [INFO]   - endpoint_set_rarity: raw=0.00 score=0.00
2026-08-02 01:07:33,684 [INFO]   - process_name_rarity: raw=0.07 score=0.10
2026-08-02 01:07:33,684 [INFO]   - command_line_embedding_similarity: raw=1.00 score=50.00
2026-08-02 01:07:33,684 [INFO]   - total_volume_delta: raw=3.50 score=0.00
2026-08-02 01:07:33,685 [INFO]   - drift_alert: raw=2.74 score=50.00
2026-08-02 01:08:01,485 [WARNING] point_baseline_shadow_fallback entity_id=svc_backup_3 as_of=2026-01-05 19:47:00 active_shadow_count=0
2026-08-02 01:08:01,487 [INFO] ANOMALY DETECTED: entity=svc_backup_3 score=50.00 conf=0.83
2026-08-02 01:08:01,487 [INFO]   - login_hour_rarity: raw=0.00 score=0.00
2026-08-02 01:08:01,487 [INFO]   - geolocation_rarity: raw=0.00 score=0.00
2026-08-02 01:08:01,487 [INFO]   - endpoint_set_rarity: raw=0.00 score=0.00
2026-08-02 01:08:01,487 [INFO]   - process_name_rarity: raw=0.00 score=0.00
2026-08-02 01:08:01,487 [INFO]   - command_line_embedding_similarity: raw=0.00 score=0.00
2026-08-02 01:08:01,487 [INFO]   - total_volume_delta: raw=3.63 score=0.00
2026-08-02 01:08:01,487 [INFO]   - drift_alert: raw=2.66 score=50.00
2026-08-02 01:08:01,487 [INFO]   - service_account_execution_frequency_deviation: raw=0.00 score=0.00
2026-08-02 01:09:11,070 [WARNING] point_baseline_shadow_fallback entity_id=svc_backup_3 as_of=2026-01-05 21:46:00 active_shadow_count=0
2026-08-02 01:09:11,072 [INFO] ANOMALY DETECTED: entity=svc_backup_3 score=50.00 conf=0.83
2026-08-02 01:09:11,072 [INFO]   - login_hour_rarity: raw=0.00 score=0.00
2026-08-02 01:09:11,072 [INFO]   - geolocation_rarity: raw=0.00 score=0.00
2026-08-02 01:09:11,072 [INFO]   - endpoint_set_rarity: raw=0.00 score=0.00
2026-08-02 01:09:11,072 [INFO]   - process_name_rarity: raw=0.00 score=0.00
2026-08-02 01:09:11,072 [INFO]   - command_line_embedding_similarity: raw=0.00 score=0.00
2026-08-02 01:09:11,072 [INFO]   - total_volume_delta: raw=3.63 score=0.00
2026-08-02 01:09:11,072 [INFO]   - drift_alert: raw=2.66 score=50.00
2026-08-02 01:09:11,072 [INFO]   - service_account_execution_frequency_deviation: raw=0.00 score=0.00
2026-08-02 01:10:17,929 [WARNING] point_baseline_shadow_fallback entity_id=svc_backup_3 as_of=2026-01-05 23:43:00 active_shadow_count=0
2026-08-02 01:10:17,931 [INFO] ANOMALY DETECTED: entity=svc_backup_3 score=50.00 conf=0.83
2026-08-02 01:10:17,931 [INFO]   - login_hour_rarity: raw=0.00 score=0.00
2026-08-02 01:10:17,931 [INFO]   - geolocation_rarity: raw=0.00 score=0.00
2026-08-02 01:10:17,931 [INFO]   - endpoint_set_rarity: raw=0.00 score=0.00
2026-08-02 01:10:17,931 [INFO]   - process_name_rarity: raw=0.00 score=0.00
2026-08-02 01:10:17,931 [INFO]   - command_line_embedding_similarity: raw=0.00 score=0.00
2026-08-02 01:10:17,931 [INFO]   - total_volume_delta: raw=3.63 score=0.00
2026-08-02 01:10:17,931 [INFO]   - drift_alert: raw=2.66 score=50.00
2026-08-02 01:10:17,931 [INFO]   - service_account_execution_frequency_deviation: raw=0.00 score=0.00
2026-08-02 01:10:27,688 [INFO] Processed window ending 2026-01-06
2026-08-02 01:10:44,712 [INFO] Streamed 92299 hist events to JSONL in 2.43s
2026-08-02 01:10:45,960 [INFO] Streamed 46178 recent events to JSONL in 1.25s
2026-08-02 01:10:50,109 [INFO] Entity user_engineer_2 drift: raw=4.08, normalized=-1.01, accum=0.00
2026-08-02 01:10:50,110 [INFO] Entity user_hr_4 drift: raw=3.45, normalized=-0.12, accum=0.00
2026-08-02 01:10:50,111 [INFO] Entity user_finance_11 drift: raw=3.03, normalized=0.30, accum=0.30
2026-08-02 01:10:50,112 [INFO] Entity user_hr_12 drift: raw=3.59, normalized=0.02, accum=2.04
2026-08-02 01:10:50,112 [INFO] Entity user_hr_3 drift: raw=3.47, normalized=-0.10, accum=0.00
2026-08-02 01:10:50,113 [INFO] Entity svc_backup_2 drift: raw=4.24, normalized=2.23, accum=6.08
2026-08-02 01:10:50,115 [INFO] Entity user_hr_1 drift: raw=4.29, normalized=0.72, accum=5.61
2026-08-02 01:10:50,117 [INFO] Entity user_hr_10 drift: raw=2.70, normalized=-0.87, accum=0.00
2026-08-02 01:10:50,118 [INFO] Entity user_engineer_7 drift: raw=11.10, normalized=6.01, accum=14.22
2026-08-02 01:10:50,121 [INFO] Entity svc_backup_1 drift: raw=0.88, normalized=-1.14, accum=0.98
2026-08-02 01:10:50,123 [INFO] Entity svc_backup_6 drift: raw=3.63, normalized=1.62, accum=5.46
2026-08-02 01:10:50,124 [INFO] Entity user_hr_8 drift: raw=5.60, normalized=2.03, accum=5.58
2026-08-02 01:10:50,127 [INFO] Entity user_hr_14 drift: raw=2.91, normalized=-0.65, accum=1.54
2026-08-02 01:10:50,129 [INFO] Entity user_hr_2 drift: raw=3.57, normalized=0.00, accum=0.79
2026-08-02 01:10:50,130 [INFO] Entity user_engineer_10 drift: raw=9.67, normalized=4.57, accum=7.89
2026-08-02 01:10:50,132 [INFO] Entity user_hr_0 drift: raw=4.77, normalized=1.20, accum=1.20
2026-08-02 01:10:50,133 [INFO] Entity user_hr_5 drift: raw=2.82, normalized=-0.75, accum=0.00
2026-08-02 01:10:50,134 [INFO] Entity user_finance_8 drift: raw=2.02, normalized=-0.70, accum=0.00
2026-08-02 01:10:50,135 [INFO] Entity svc_backup_0 drift: raw=1.95, normalized=-0.06, accum=0.24
2026-08-02 01:10:50,136 [INFO] Entity user_hr_6 drift: raw=3.95, normalized=0.39, accum=4.92
2026-08-02 01:10:50,137 [INFO] Entity svc_backup_4 drift: raw=2.17, normalized=0.15, accum=1.21
2026-08-02 01:10:50,138 [INFO] Entity svc_backup_7 drift: raw=2.43, normalized=0.42, accum=1.40
2026-08-02 01:10:50,139 [INFO] Entity user_finance_7 drift: raw=2.35, normalized=-0.37, accum=2.25
2026-08-02 01:10:50,140 [INFO] Entity user_finance_3 drift: raw=2.63, normalized=-0.10, accum=0.12
2026-08-02 01:10:50,141 [INFO] Entity user_finance_0 drift: raw=1.29, normalized=-1.44, accum=0.00
2026-08-02 01:10:50,142 [INFO] Entity user_finance_13 drift: raw=2.73, normalized=0.00, accum=0.43
2026-08-02 01:10:50,143 [INFO] Entity user_finance_6 drift: raw=2.74, normalized=0.01, accum=0.56
2026-08-02 01:10:50,143 [INFO] Entity user_hr_7 drift: raw=7.88, normalized=4.31, accum=13.14
2026-08-02 01:10:50,147 [INFO] Entity user_finance_5 drift: raw=5.10, normalized=2.37, accum=2.69
2026-08-02 01:10:50,148 [INFO] Entity user_engineer_14 drift: raw=5.09, normalized=0.00, accum=0.81
2026-08-02 01:10:50,149 [INFO] Entity user_finance_1 drift: raw=1.62, normalized=-1.11, accum=0.00
2026-08-02 01:10:50,149 [INFO] Entity svc_backup_8 drift: raw=2.26, normalized=0.24, accum=2.71
2026-08-02 01:10:50,151 [INFO] Entity svc_ot_poll_5 drift: raw=2.00, normalized=-0.01, accum=0.00
2026-08-02 01:10:50,152 [INFO] Entity user_engineer_11 drift: raw=4.05, normalized=-1.04, accum=0.00
2026-08-02 01:10:50,153 [INFO] Entity user_finance_12 drift: raw=3.87, normalized=1.14, accum=1.14
2026-08-02 01:10:50,153 [INFO] Entity svc_ot_poll_9 drift: raw=2.00, normalized=-0.01, accum=0.00
2026-08-02 01:10:50,155 [INFO] Entity user_hr_9 drift: raw=2.64, normalized=-0.93, accum=0.00
2026-08-02 01:10:50,155 [INFO] Entity user_engineer_13 drift: raw=3.43, normalized=-1.66, accum=0.00
2026-08-02 01:10:50,156 [INFO] Entity svc_backup_3 drift: raw=3.06, normalized=1.05, accum=3.71
2026-08-02 01:10:50,157 [INFO] Entity user_engineer_5 drift: raw=6.86, normalized=1.76, accum=3.08
2026-08-02 01:10:50,158 [INFO] Entity user_engineer_12 drift: raw=3.23, normalized=-1.87, accum=0.00
2026-08-02 01:10:50,159 [INFO] Entity user_engineer_1 drift: raw=5.61, normalized=0.51, accum=0.51
2026-08-02 01:10:50,159 [INFO] Entity user_finance_2 drift: raw=2.29, normalized=-0.44, accum=0.00
2026-08-02 01:10:50,160 [INFO] Entity user_engineer_9 drift: raw=7.01, normalized=1.92, accum=5.14
2026-08-02 01:10:50,173 [INFO] Entity user_engineer_6 drift: raw=6.24, normalized=1.15, accum=3.62
2026-08-02 01:10:50,174 [INFO] Entity svc_backup_5 drift: raw=2.39, normalized=0.37, accum=0.85
2026-08-02 01:10:50,175 [INFO] Entity svc_backup_9 drift: raw=2.53, normalized=0.52, accum=1.24
2026-08-02 01:10:50,177 [INFO] Entity user_finance_14 drift: raw=4.32, normalized=1.59, accum=5.05
2026-08-02 01:10:50,187 [INFO] Entity user_engineer_3 drift: raw=4.83, normalized=-0.27, accum=0.10
2026-08-02 01:10:50,188 [INFO] Entity svc_ot_poll_4 drift: raw=2.01, normalized=-0.00, accum=0.00
2026-08-02 01:10:50,189 [INFO] Entity user_finance_9 drift: raw=3.99, normalized=1.27, accum=3.75
2026-08-02 01:10:50,190 [INFO] Entity user_finance_4 drift: raw=4.25, normalized=1.53, accum=2.06
2026-08-02 01:10:50,191 [INFO] Entity svc_ot_poll_1 drift: raw=2.00, normalized=-0.01, accum=0.00
2026-08-02 01:10:50,192 [INFO] Entity svc_ot_poll_2 drift: raw=2.00, normalized=-0.01, accum=0.00
2026-08-02 01:10:50,193 [INFO] Entity user_engineer_0 drift: raw=5.12, normalized=0.03, accum=0.03
2026-08-02 01:10:50,194 [INFO] Entity svc_ot_poll_7 drift: raw=2.00, normalized=-0.01, accum=0.00
2026-08-02 01:10:50,195 [INFO] Entity svc_ot_poll_8 drift: raw=2.00, normalized=-0.01, accum=0.00
2026-08-02 01:10:50,197 [INFO] Entity user_engineer_4 drift: raw=4.21, normalized=-0.88, accum=0.00
2026-08-02 01:10:50,198 [INFO] Entity user_finance_10 drift: raw=2.65, normalized=-0.08, accum=0.45
2026-08-02 01:10:50,199 [INFO] Entity user_hr_13 drift: raw=4.46, normalized=0.89, accum=0.89
2026-08-02 01:10:50,199 [INFO] Entity svc_ot_poll_0 drift: raw=2.02, normalized=0.00, accum=0.00
2026-08-02 01:10:50,200 [INFO] Entity svc_ot_poll_3 drift: raw=2.00, normalized=-0.01, accum=0.00
2026-08-02 01:10:50,202 [INFO] Entity svc_ot_poll_6 drift: raw=2.02, normalized=0.01, accum=0.01
2026-08-02 01:10:50,203 [INFO] Entity user_engineer_8 drift: raw=3.44, normalized=-1.65, accum=0.00
2026-08-02 01:10:50,204 [INFO] Entity user_hr_11 drift: raw=2.94, normalized=-0.63, accum=0.00
2026-08-02 01:10:58,108 [WARNING] point_baseline_shadow_fallback entity_id=svc_backup_6 as_of=2026-01-06 00:01:00 active_shadow_count=0
2026-08-02 01:10:58,740 [INFO] ANOMALY DETECTED: entity=user_engineer_6 score=56.53 conf=0.85
2026-08-02 01:10:58,740 [INFO]   - login_hour_rarity: raw=0.00 score=0.00
2026-08-02 01:10:58,740 [INFO]   - geolocation_rarity: raw=0.00 score=0.00
2026-08-02 01:10:58,740 [INFO]   - endpoint_set_rarity: raw=0.00 score=0.00
2026-08-02 01:10:58,740 [INFO]   - process_name_rarity: raw=0.00 score=0.00
2026-08-02 01:10:58,740 [INFO]   - command_line_embedding_similarity: raw=0.57 score=6.53
2026-08-02 01:10:58,740 [INFO]   - total_volume_delta: raw=3.10 score=0.00
2026-08-02 01:10:58,740 [INFO]   - drift_alert: raw=2.72 score=50.00
2026-08-02 01:11:00,995 [INFO] ANOMALY DETECTED: entity=user_engineer_9 score=55.18 conf=0.84
2026-08-02 01:11:00,996 [INFO]   - login_hour_rarity: raw=0.00 score=0.00
2026-08-02 01:11:00,996 [INFO]   - geolocation_rarity: raw=0.00 score=0.00
2026-08-02 01:11:00,996 [INFO]   - endpoint_set_rarity: raw=0.00 score=0.00
2026-08-02 01:11:00,996 [INFO]   - process_name_rarity: raw=0.00 score=0.00
2026-08-02 01:11:00,996 [INFO]   - command_line_embedding_similarity: raw=0.55 score=5.18
2026-08-02 01:11:00,996 [INFO]   - total_volume_delta: raw=3.78 score=0.00
2026-08-02 01:11:00,996 [INFO]   - drift_alert: raw=3.57 score=50.00
2026-08-02 01:11:04,713 [INFO] ANOMALY DETECTED: entity=user_engineer_10 score=54.70 conf=0.81
2026-08-02 01:11:04,713 [INFO]   - login_hour_rarity: raw=0.00 score=0.00
2026-08-02 01:11:04,713 [INFO]   - geolocation_rarity: raw=0.00 score=0.00
2026-08-02 01:11:04,713 [INFO]   - endpoint_set_rarity: raw=0.00 score=0.00
2026-08-02 01:11:04,713 [INFO]   - process_name_rarity: raw=0.00 score=0.00
2026-08-02 01:11:04,713 [INFO]   - command_line_embedding_similarity: raw=0.55 score=4.70
2026-08-02 01:11:04,713 [INFO]   - total_volume_delta: raw=3.04 score=0.00
2026-08-02 01:11:04,713 [INFO]   - drift_alert: raw=3.67 score=50.00
2026-08-02 01:11:09,790 [WARNING] point_baseline_shadow_fallback entity_id=svc_backup_2 as_of=2026-01-06 00:19:00 active_shadow_count=0
2026-08-02 01:11:09,792 [INFO] ANOMALY DETECTED: entity=svc_backup_2 score=50.00 conf=0.86
2026-08-02 01:11:09,792 [INFO]   - login_hour_rarity: raw=0.00 score=0.00
2026-08-02 01:11:09,792 [INFO]   - geolocation_rarity: raw=0.00 score=0.00
2026-08-02 01:11:09,792 [INFO]   - endpoint_set_rarity: raw=0.00 score=0.00
2026-08-02 01:11:09,792 [INFO]   - process_name_rarity: raw=0.00 score=0.00
2026-08-02 01:11:09,792 [INFO]   - command_line_embedding_similarity: raw=0.00 score=0.00
2026-08-02 01:11:09,792 [INFO]   - total_volume_delta: raw=3.58 score=0.00
2026-08-02 01:11:09,792 [INFO]   - drift_alert: raw=4.26 score=50.00
2026-08-02 01:11:09,792 [INFO]   - service_account_execution_frequency_deviation: raw=0.00 score=0.00
2026-08-02 01:11:11,864 [INFO] ANOMALY DETECTED: entity=user_engineer_9 score=55.18 conf=0.84
2026-08-02 01:11:11,864 [INFO]   - login_hour_rarity: raw=0.00 score=0.00
2026-08-02 01:11:11,864 [INFO]   - geolocation_rarity: raw=0.00 score=0.00
2026-08-02 01:11:11,864 [INFO]   - endpoint_set_rarity: raw=0.00 score=0.00
2026-08-02 01:11:11,864 [INFO]   - process_name_rarity: raw=0.00 score=0.00
2026-08-02 01:11:11,864 [INFO]   - command_line_embedding_similarity: raw=0.55 score=5.18
2026-08-02 01:11:11,864 [INFO]   - total_volume_delta: raw=3.78 score=0.00
2026-08-02 01:11:11,864 [INFO]   - drift_alert: raw=3.57 score=50.00
2026-08-02 01:11:14,998 [INFO] ANOMALY DETECTED: entity=user_engineer_6 score=56.53 conf=0.85
2026-08-02 01:11:14,998 [INFO]   - login_hour_rarity: raw=0.00 score=0.00
2026-08-02 01:11:14,998 [INFO]   - geolocation_rarity: raw=0.00 score=0.00
2026-08-02 01:11:14,998 [INFO]   - endpoint_set_rarity: raw=0.00 score=0.00
2026-08-02 01:11:14,998 [INFO]   - process_name_rarity: raw=0.00 score=0.00
2026-08-02 01:11:14,998 [INFO]   - command_line_embedding_similarity: raw=0.57 score=6.53
2026-08-02 01:11:14,998 [INFO]   - total_volume_delta: raw=3.10 score=0.00
2026-08-02 01:11:14,998 [INFO]   - drift_alert: raw=2.72 score=50.00
2026-08-02 01:11:17,207 [INFO] ANOMALY DETECTED: entity=svc_backup_8 score=50.00 conf=0.92
2026-08-02 01:11:17,207 [INFO]   - login_hour_rarity: raw=0.00 score=0.00
2026-08-02 01:11:17,207 [INFO]   - geolocation_rarity: raw=0.00 score=0.00
2026-08-02 01:11:17,207 [INFO]   - endpoint_set_rarity: raw=0.00 score=0.00
2026-08-02 01:11:17,207 [INFO]   - process_name_rarity: raw=0.00 score=0.00
2026-08-02 01:11:17,207 [INFO]   - command_line_embedding_similarity: raw=0.00 score=0.00
2026-08-02 01:11:17,207 [INFO]   - total_volume_delta: raw=4.61 score=0.00
2026-08-02 01:11:17,207 [INFO]   - drift_alert: raw=2.73 score=50.00
2026-08-02 01:11:17,207 [INFO]   - service_account_execution_frequency_deviation: raw=0.00 score=0.00
2026-08-02 01:11:19,656 [INFO] ANOMALY DETECTED: entity=user_engineer_10 score=54.70 conf=0.81
2026-08-02 01:11:19,656 [INFO]   - login_hour_rarity: raw=0.00 score=0.00
2026-08-02 01:11:19,656 [INFO]   - geolocation_rarity: raw=0.00 score=0.00
2026-08-02 01:11:19,656 [INFO]   - endpoint_set_rarity: raw=0.00 score=0.00
2026-08-02 01:11:19,656 [INFO]   - process_name_rarity: raw=0.00 score=0.00
2026-08-02 01:11:19,656 [INFO]   - command_line_embedding_similarity: raw=0.55 score=4.70
2026-08-02 01:11:19,656 [INFO]   - total_volume_delta: raw=3.04 score=0.00
2026-08-02 01:11:19,656 [INFO]   - drift_alert: raw=3.67 score=50.00
2026-08-02 01:11:20,286 [INFO] ANOMALY DETECTED: entity=user_engineer_9 score=55.18 conf=0.84
2026-08-02 01:11:20,286 [INFO]   - login_hour_rarity: raw=0.00 score=0.00
2026-08-02 01:11:20,286 [INFO]   - geolocation_rarity: raw=0.00 score=0.00
2026-08-02 01:11:20,286 [INFO]   - endpoint_set_rarity: raw=0.00 score=0.00
2026-08-02 01:11:20,286 [INFO]   - process_name_rarity: raw=0.00 score=0.00
2026-08-02 01:11:20,287 [INFO]   - command_line_embedding_similarity: raw=0.55 score=5.18
2026-08-02 01:11:20,287 [INFO]   - total_volume_delta: raw=3.78 score=0.00
2026-08-02 01:11:20,287 [INFO]   - drift_alert: raw=3.57 score=50.00
2026-08-02 01:11:22,122 [INFO] ANOMALY DETECTED: entity=user_engineer_7 score=57.38 conf=0.82
2026-08-02 01:11:22,123 [INFO]   - login_hour_rarity: raw=0.00 score=0.00
2026-08-02 01:11:22,123 [INFO]   - geolocation_rarity: raw=0.00 score=0.00
2026-08-02 01:11:22,123 [INFO]   - endpoint_set_rarity: raw=0.00 score=0.00
2026-08-02 01:11:22,123 [INFO]   - process_name_rarity: raw=0.00 score=0.00
2026-08-02 01:11:22,123 [INFO]   - command_line_embedding_similarity: raw=0.57 score=7.38
2026-08-02 01:11:22,123 [INFO]   - total_volume_delta: raw=2.47 score=0.00
2026-08-02 01:11:22,123 [INFO]   - drift_alert: raw=9.06 score=50.00
2026-08-02 01:11:22,140 [INFO] ANOMALY DETECTED: entity=user_engineer_7 score=57.38 conf=0.82
2026-08-02 01:11:22,140 [INFO]   - login_hour_rarity: raw=0.00 score=0.00
2026-08-02 01:11:22,140 [INFO]   - geolocation_rarity: raw=0.00 score=0.00
2026-08-02 01:11:22,140 [INFO]   - endpoint_set_rarity: raw=0.00 score=0.00
2026-08-02 01:11:22,140 [INFO]   - process_name_rarity: raw=0.00 score=0.00
2026-08-02 01:11:22,140 [INFO]   - command_line_embedding_similarity: raw=0.57 score=7.38
2026-08-02 01:11:22,140 [INFO]   - total_volume_delta: raw=2.47 score=0.00
2026-08-02 01:11:22,140 [INFO]   - drift_alert: raw=9.06 score=50.00
2026-08-02 01:11:25,652 [INFO] ANOMALY DETECTED: entity=user_engineer_7 score=57.38 conf=0.82
2026-08-02 01:11:25,652 [INFO]   - login_hour_rarity: raw=0.00 score=0.00
2026-08-02 01:11:25,652 [INFO]   - geolocation_rarity: raw=0.00 score=0.00
2026-08-02 01:11:25,652 [INFO]   - endpoint_set_rarity: raw=0.00 score=0.00
2026-08-02 01:11:25,652 [INFO]   - process_name_rarity: raw=0.00 score=0.00
2026-08-02 01:11:25,652 [INFO]   - command_line_embedding_similarity: raw=0.57 score=7.38
2026-08-02 01:11:25,652 [INFO]   - total_volume_delta: raw=2.47 score=0.00
2026-08-02 01:11:25,652 [INFO]   - drift_alert: raw=9.06 score=50.00
2026-08-02 01:11:25,670 [INFO] ANOMALY DETECTED: entity=user_engineer_10 score=54.70 conf=0.81
2026-08-02 01:11:25,670 [INFO]   - login_hour_rarity: raw=0.00 score=0.00
2026-08-02 01:11:25,670 [INFO]   - geolocation_rarity: raw=0.00 score=0.00
2026-08-02 01:11:25,670 [INFO]   - endpoint_set_rarity: raw=0.00 score=0.00
2026-08-02 01:11:25,670 [INFO]   - process_name_rarity: raw=0.00 score=0.00
2026-08-02 01:11:25,670 [INFO]   - command_line_embedding_similarity: raw=0.55 score=4.70
2026-08-02 01:11:25,670 [INFO]   - total_volume_delta: raw=3.04 score=0.00
2026-08-02 01:11:25,670 [INFO]   - drift_alert: raw=3.67 score=50.00
2026-08-02 01:11:31,959 [INFO] ANOMALY DETECTED: entity=user_engineer_6 score=56.53 conf=0.85
2026-08-02 01:11:31,959 [INFO]   - login_hour_rarity: raw=0.00 score=0.00
2026-08-02 01:11:31,959 [INFO]   - geolocation_rarity: raw=0.00 score=0.00
2026-08-02 01:11:31,959 [INFO]   - endpoint_set_rarity: raw=0.00 score=0.00
2026-08-02 01:11:31,959 [INFO]   - process_name_rarity: raw=0.00 score=0.00
2026-08-02 01:11:31,959 [INFO]   - command_line_embedding_similarity: raw=0.57 score=6.53
2026-08-02 01:11:31,959 [INFO]   - total_volume_delta: raw=3.10 score=0.00
2026-08-02 01:11:31,959 [INFO]   - drift_alert: raw=2.72 score=50.00
2026-08-02 01:11:54,815 [WARNING] point_baseline_shadow_fallback entity_id=svc_backup_8 as_of=2026-01-06 01:26:00 active_shadow_count=0
2026-08-02 01:11:54,817 [INFO] ANOMALY DETECTED: entity=svc_backup_8 score=50.00 conf=0.92
2026-08-02 01:11:54,818 [INFO]   - login_hour_rarity: raw=0.00 score=0.00
2026-08-02 01:11:54,818 [INFO]   - geolocation_rarity: raw=0.00 score=0.00
2026-08-02 01:11:54,818 [INFO]   - endpoint_set_rarity: raw=0.00 score=0.00
2026-08-02 01:11:54,818 [INFO]   - process_name_rarity: raw=0.00 score=0.00
2026-08-02 01:11:54,818 [INFO]   - command_line_embedding_similarity: raw=0.00 score=0.00
2026-08-02 01:11:54,818 [INFO]   - total_volume_delta: raw=4.61 score=0.00
2026-08-02 01:11:54,818 [INFO]   - drift_alert: raw=2.73 score=50.00
2026-08-02 01:11:54,818 [INFO]   - service_account_execution_frequency_deviation: raw=0.00 score=0.00
